filepath,class_name,normalized_class,dataset_type,split
C:\Users\hardi\Downloads\medicinal plants detection\dataset\Indian Medicinal Leaves Image Datasets\Datasets_Plant\Aloevera\4278.jpg,Aloevera,Aloevera,whole_plant,train
C:\Users\hardi\Downloads\medicinal plants detection\dataset\Indian Medicinal Leaves Image Datasets\Datasets_Plant\Aloevera\4321.jpg,Aloevera,Aloevera,whole_plant,train
C:\Users\hardi\Downloads\medicinal plants detection\dataset\Indian Medicinal Leaves Image Datasets\Datasets_Plant\Aloevera\4322.jpg,Aloevera,Aloevera,whole_plant,train
C:\Users\hardi\Downloads\medicinal plants detection\dataset\Indian Medicinal Leaves Image Datasets\Datasets_Plant\Aloevera\4259.jpg,Aloevera,Aloevera,whole_plant,train
C:\Users\hardi\Downloads\medicinal plants detection\dataset\Indian Medicinal Leaves Image Datasets\Datasets_Plant\Aloevera\4362.jpg,Aloevera,Aloevera,whole_plant,train
C:\Users\hardi\Downloads\medicinal plants detection\dataset\Indian Medicinal Leaves Image Datasets\Datasets_Plant\Aloevera\4347.jpg,Aloevera,Aloevera,whole_plant,train
C:\Users\hardi\Downloads\medicinal plants detection\dataset\Indian Medicinal Leaves Image Datasets\Datasets_Plant\Aloevera\4305.jpg,Aloevera,Aloevera,whole_plant,train
C:\Users\hardi\Downloads\medicinal plants detection\dataset\Indian Medicinal Leaves Image Datasets\Datasets_Plant\Aloevera\350.jpg,Aloevera,Aloevera,whole_plant,train
C:\Users\hardi\Downloads\medicinal plants detection\dataset\Indian Medicinal Leaves Image Datasets\Datasets_Plant\Aloevera\4354.jpg,Aloevera,Aloevera,whole_plant,train
C:\Users\hardi\Downloads\medicinal plants detection\dataset\Indian Medicinal Leaves Image Datasets\Datasets_Plant\Aloevera\4283.jpg,Aloevera,Aloevera,whole_plant,train
C:\Users\hardi\Downloads\medicinal plants detection\dataset\Indian Medicinal Leaves Image Datasets\Datasets_Plant\Aloevera\4247.jpg,Aloevera,Aloevera,whole_plant,train
C:\Users\hardi\Downloads\medicinal plants detection\dataset\Indian Medicinal Leaves Image Datasets\Datasets_Plant\Aloevera\4341.jpg,Aloevera,Aloevera,whole_plant,train
C:\Users\hardi\Downloads\medicinal plants detection\dataset\Indian Medicinal Leaves Image Datasets\Datasets_Plant\Aloevera\862.jpg,Aloevera,Aloevera,whole_plant,train
C:\Users\hardi\Downloads\medicinal plants detection\dataset\Indian Medicinal Leaves Image Datasets\Datasets_Plant\Aloevera\4235.jpg,Aloevera,Aloevera,whole_plant,train
C:\Users\hardi\Downloads\medicinal plants detection\dataset\Indian Medicinal Leaves Image Datasets\Datasets_Plant\Aloevera\4344.jpg,Aloevera,Aloevera,whole_plant,train
C:\Users\hardi\Downloads\medicinal plants detection\dataset\Indian Medicinal Leaves Image Datasets\Datasets_Plant\Aloevera\4338.jpg,Aloevera,Aloevera,whole_plant,train
C:\Users\hardi\Downloads\medicinal plants detection\dataset\Indian Medicinal Leaves Image Datasets\Datasets_Plant\Aloevera\339.jpg,Aloevera,Aloevera,whole_plant,train
C:\Users\hardi\Downloads\medicinal plants detection\dataset\Indian Medicinal Leaves Image Datasets\Datasets_Plant\Aloevera\4234.jpg,Aloevera,Aloevera,whole_plant,train
C:\Users\hardi\Downloads\medicinal plants detection\dataset\Indian Medicinal Leaves Image Datasets\Datasets_Plant\Aloevera\4269.jpg,Aloevera,Aloevera,whole_plant,train
C:\Users\hardi\Downloads\medicinal plants detection\dataset\Indian Medicinal Leaves Image Datasets\Datasets_Plant\Aloevera\4340.jpg,Aloevera,Aloevera,whole_plant,train
C:\Users\hardi\Downloads\medicinal plants detection\dataset\Indian Medicinal Leaves Image Datasets\Datasets_Plant\Aloevera\4255.jpg,Aloevera,Aloevera,whole_plant,train
C:\Users\hardi\Downloads\medicinal plants detection\dataset\Indian Medicinal Leaves Image Datasets\Datasets_Plant\Aloevera\4289.jpg,Aloevera,Aloevera,whole_plant,train
C:\Users\hardi\Downloads\medicinal plants detection\dataset\Indian Medicinal Leaves Image Datasets\Datasets_Plant\Aloevera\4349.jpg,Aloevera,Aloevera,whole_plant,train
C:\Users\hardi\Downloads\medicinal plants detection\dataset\Indian Medicinal Leaves Image Datasets\Datasets_Plant\Aloevera\4312.jpg,Aloevera,Aloevera,whole_plant,train
C:\Users\hardi\Downloads\medicinal plants detection\dataset\Indian Medicinal Leaves Image Datasets\Datasets_Plant\Aloevera\341.jpg,Aloevera,Aloevera,whole_plant,train
C:\Users\hardi\Downloads\medicinal plants detection\dataset\Indian Medicinal Leaves Image Datasets\Datasets_Plant\Aloevera\4236.jpg,Aloevera,Aloevera,whole_plant,train
C:\Users\hardi\Downloads\medicinal plants detection\dataset\Indian Medicinal Leaves Image Datasets\Datasets_Plant\Aloevera\4293.jpg,Aloevera,Aloevera,whole_plant,train
C:\Users\hardi\Downloads\medicinal plants detection\dataset\Indian Medicinal Leaves Image Datasets\Datasets_Plant\Aloevera\4326.jpg,Aloevera,Aloevera,whole_plant,train
C:\Users\hardi\Downloads\medicinal plants detection\dataset\Indian Medicinal Leaves Image Datasets\Datasets_Plant\Aloevera\4284.jpg,Aloevera,Aloevera,whole_plant,train
C:\Users\hardi\Downloads\medicinal plants detection\dataset\Indian Medicinal Leaves Image Datasets\Datasets_Plant\Aloevera\867.jpg,Aloevera,Aloevera,whole_plant,train
C:\Users\hardi\Downloads\medicinal plants detection\dataset\Indian Medicinal Leaves Image Datasets\Datasets_Plant\Aloevera\866.jpg,Aloevera,Aloevera,whole_plant,train
C:\Users\hardi\Downloads\medicinal plants detection\dataset\Indian Medicinal Leaves Image Datasets\Datasets_Plant\Aloevera\4361.jpg,Aloevera,Aloevera,whole_plant,train
C:\Users\hardi\Downloads\medicinal plants detection\dataset\Indian Medicinal Leaves Image Datasets\Datasets_Plant\Aloevera\4329.jpg,Aloevera,Aloevera,whole_plant,train
C:\Users\hardi\Downloads\medicinal plants detection\dataset\Indian Medicinal Leaves Image Datasets\Datasets_Plant\Aloevera\342.jpg,Aloevera,Aloevera,whole_plant,train
C:\Users\hardi\Downloads\medicinal plants detection\dataset\Indian Medicinal Leaves Image Datasets\Datasets_Plant\Aloevera\4319.jpg,Aloevera,Aloevera,whole_plant,train
C:\Users\hardi\Downloads\medicinal plants detection\dataset\Indian Medicinal Leaves Image Datasets\Datasets_Plant\Aloevera\4271.jpg,Aloevera,Aloevera,whole_plant,train
C:\Users\hardi\Downloads\medicinal plants detection\dataset\Indian Medicinal Leaves Image Datasets\Datasets_Plant\Aloevera\4249.jpg,Aloevera,Aloevera,whole_plant,train
C:\Users\hardi\Downloads\medicinal plants detection\dataset\Indian Medicinal Leaves Image Datasets\Datasets_Plant\Aloevera\4292.jpg,Aloevera,Aloevera,whole_plant,train
C:\Users\hardi\Downloads\medicinal plants detection\dataset\Indian Medicinal Leaves Image Datasets\Datasets_Plant\Aloevera\4231.jpg,Aloevera,Aloevera,whole_plant,train
C:\Users\hardi\Downloads\medicinal plants detection\dataset\Indian Medicinal Leaves Image Datasets\Datasets_Plant\Aloevera\4345.jpg,Aloevera,Aloevera,whole_plant,train
C:\Users\hardi\Downloads\medicinal plants detection\dataset\Indian Medicinal Leaves Image Datasets\Datasets_Plant\Aloevera\4270.jpg,Aloevera,Aloevera,whole_plant,train
C:\Users\hardi\Downloads\medicinal plants detection\dataset\Indian Medicinal Leaves Image Datasets\Datasets_Plant\Aloevera\4260.jpg,Aloevera,Aloevera,whole_plant,train
C:\Users\hardi\Downloads\medicinal plants detection\dataset\Indian Medicinal Leaves Image Datasets\Datasets_Plant\Aloevera\4280.jpg,Aloevera,Aloevera,whole_plant,train
C:\Users\hardi\Downloads\medicinal plants detection\dataset\Indian Medicinal Leaves Image Datasets\Datasets_Plant\Aloevera\4316.jpg,Aloevera,Aloevera,whole_plant,train
C:\Users\hardi\Downloads\medicinal plants detection\dataset\Indian Medicinal Leaves Image Datasets\Datasets_Plant\Aloevera\4266.jpg,Aloevera,Aloevera,whole_plant,train
C:\Users\hardi\Downloads\medicinal plants detection\dataset\Indian Medicinal Leaves Image Datasets\Datasets_Plant\Aloevera\4282.jpg,Aloevera,Aloevera,whole_plant,train
C:\Users\hardi\Downloads\medicinal plants detection\dataset\Indian Medicinal Leaves Image Datasets\Datasets_Plant\Aloevera\4335.jpg,Aloevera,Aloevera,whole_plant,train
C:\Users\hardi\Downloads\medicinal plants detection\dataset\Indian Medicinal Leaves Image Datasets\Datasets_Plant\Aloevera\4332.jpg,Aloevera,Aloevera,whole_plant,train
C:\Users\hardi\Downloads\medicinal plants detection\dataset\Indian Medicinal Leaves Image Datasets\Datasets_Plant\Aloevera\4281.jpg,Aloevera,Aloevera,whole_plant,train
C:\Users\hardi\Downloads\medicinal plants detection\dataset\Indian Medicinal Leaves Image Datasets\Datasets_Plant\Aloevera\4233.jpg,Aloevera,Aloevera,whole_plant,train
C:\Users\hardi\Downloads\medicinal plants detection\dataset\Indian Medicinal Leaves Image Datasets\Datasets_Plant\Aloevera\4300.jpg,Aloevera,Aloevera,whole_plant,train
C:\Users\hardi\Downloads\medicinal plants detection\dataset\Indian Medicinal Leaves Image Datasets\Datasets_Plant\Aloevera\4286.jpg,Aloevera,Aloevera,whole_plant,train
C:\Users\hardi\Downloads\medicinal plants detection\dataset\Indian Medicinal Leaves Image Datasets\Datasets_Plant\Aloevera\4348.jpg,Aloevera,Aloevera,whole_plant,train
C:\Users\hardi\Downloads\medicinal plants detection\dataset\Indian Medicinal Leaves Image Datasets\Datasets_Plant\Aloevera\4242.jpg,Aloevera,Aloevera,whole_plant,train
C:\Users\hardi\Downloads\medicinal plants detection\dataset\Indian Medicinal Leaves Image Datasets\Datasets_Plant\Aloevera\4295.jpg,Aloevera,Aloevera,whole_plant,train
C:\Users\hardi\Downloads\medicinal plants detection\dataset\Indian Medicinal Leaves Image Datasets\Datasets_Plant\Aloevera\4327.jpg,Aloevera,Aloevera,whole_plant,train
C:\Users\hardi\Downloads\medicinal plants detection\dataset\Indian Medicinal Leaves Image Datasets\Datasets_Plant\Aloevera\4230.jpg,Aloevera,Aloevera,whole_plant,train
C:\Users\hardi\Downloads\medicinal plants detection\dataset\Indian Medicinal Leaves Image Datasets\Datasets_Plant\Aloevera\4308.jpg,Aloevera,Aloevera,whole_plant,train
C:\Users\hardi\Downloads\medicinal plants detection\dataset\Indian Medicinal Leaves Image Datasets\Datasets_Plant\Aloevera\4351.jpg,Aloevera,Aloevera,whole_plant,train
C:\Users\hardi\Downloads\medicinal plants detection\dataset\Indian Medicinal Leaves Image Datasets\Datasets_Plant\Aloevera\4357.jpg,Aloevera,Aloevera,whole_plant,train
C:\Users\hardi\Downloads\medicinal plants detection\dataset\Indian Medicinal Leaves Image Datasets\Datasets_Plant\Aloevera\4253.jpg,Aloevera,Aloevera,whole_plant,train
C:\Users\hardi\Downloads\medicinal plants detection\dataset\Indian Medicinal Leaves Image Datasets\Datasets_Plant\Aloevera\4277.jpg,Aloevera,Aloevera,whole_plant,train
C:\Users\hardi\Downloads\medicinal plants detection\dataset\Indian Medicinal Leaves Image Datasets\Datasets_Plant\Aloevera\4309.jpg,Aloevera,Aloevera,whole_plant,train
C:\Users\hardi\Downloads\medicinal plants detection\dataset\Indian Medicinal Leaves Image Datasets\Datasets_Plant\Aloevera\4244.jpg,Aloevera,Aloevera,whole_plant,train
C:\Users\hardi\Downloads\medicinal plants detection\dataset\Indian Medicinal Leaves Image Datasets\Datasets_Plant\Aloevera\4337.jpg,Aloevera,Aloevera,whole_plant,train
C:\Users\hardi\Downloads\medicinal plants detection\dataset\Indian Medicinal Leaves Image Datasets\Datasets_Plant\Aloevera\4291.jpg,Aloevera,Aloevera,whole_plant,train
C:\Users\hardi\Downloads\medicinal plants detection\dataset\Indian Medicinal Leaves Image Datasets\Datasets_Plant\Aloevera\4268.jpg,Aloevera,Aloevera,whole_plant,train
C:\Users\hardi\Downloads\medicinal plants detection\dataset\Indian Medicinal Leaves Image Datasets\Datasets_Plant\Aloevera\4353.jpg,Aloevera,Aloevera,whole_plant,train
C:\Users\hardi\Downloads\medicinal plants detection\dataset\Indian Medicinal Leaves Image Datasets\Datasets_Plant\Aloevera\343.jpg,Aloevera,Aloevera,whole_plant,train
C:\Users\hardi\Downloads\medicinal plants detection\dataset\Indian Medicinal Leaves Image Datasets\Datasets_Plant\Aloevera\4313.jpg,Aloevera,Aloevera,whole_plant,train
C:\Users\hardi\Downloads\medicinal plants detection\dataset\Indian Medicinal Leaves Image Datasets\Datasets_Plant\Aloevera\4367.jpg,Aloevera,Aloevera,whole_plant,train
C:\Users\hardi\Downloads\medicinal plants detection\dataset\Indian Medicinal Leaves Image Datasets\Datasets_Plant\Aloevera\4258.jpg,Aloevera,Aloevera,whole_plant,train
C:\Users\hardi\Downloads\medicinal plants detection\dataset\Indian Medicinal Leaves Image Datasets\Datasets_Plant\Aloevera\870.jpg,Aloevera,Aloevera,whole_plant,train
C:\Users\hardi\Downloads\medicinal plants detection\dataset\Indian Medicinal Leaves Image Datasets\Datasets_Plant\Aloevera\4350.jpg,Aloevera,Aloevera,whole_plant,train
C:\Users\hardi\Downloads\medicinal plants detection\dataset\Indian Medicinal Leaves Image Datasets\Datasets_Plant\Aloevera\4318.jpg,Aloevera,Aloevera,whole_plant,train
C:\Users\hardi\Downloads\medicinal plants detection\dataset\Indian Medicinal Leaves Image Datasets\Datasets_Plant\Aloevera\4311.jpg,Aloevera,Aloevera,whole_plant,train
C:\Users\hardi\Downloads\medicinal plants detection\dataset\Indian Medicinal Leaves Image Datasets\Datasets_Plant\Aloevera\4364.jpg,Aloevera,Aloevera,whole_plant,train
C:\Users\hardi\Downloads\medicinal plants detection\dataset\Indian Medicinal Leaves Image Datasets\Datasets_Plant\Aloevera\4306.jpg,Aloevera,Aloevera,whole_plant,train
C:\Users\hardi\Downloads\medicinal plants detection\dataset\Indian Medicinal Leaves Image Datasets\Datasets_Plant\Aloevera\4248.jpg,Aloevera,Aloevera,whole_plant,train
C:\Users\hardi\Downloads\medicinal plants detection\dataset\Indian Medicinal Leaves Image Datasets\Datasets_Plant\Aloevera\4333.jpg,Aloevera,Aloevera,whole_plant,train
C:\Users\hardi\Downloads\medicinal plants detection\dataset\Indian Medicinal Leaves Image Datasets\Datasets_Plant\Aloevera\4238.jpg,Aloevera,Aloevera,whole_plant,train
C:\Users\hardi\Downloads\medicinal plants detection\dataset\Indian Medicinal Leaves Image Datasets\Datasets_Plant\Aloevera\4339.jpg,Aloevera,Aloevera,whole_plant,train
C:\Users\hardi\Downloads\medicinal plants detection\dataset\Indian Medicinal Leaves Image Datasets\Datasets_Plant\Aloevera\348.jpg,Aloevera,Aloevera,whole_plant,train
C:\Users\hardi\Downloads\medicinal plants detection\dataset\Indian Medicinal Leaves Image Datasets\Datasets_Plant\Aloevera\4299.jpg,Aloevera,Aloevera,whole_plant,train
C:\Users\hardi\Downloads\medicinal plants detection\dataset\Indian Medicinal Leaves Image Datasets\Datasets_Plant\Aloevera\4251.jpg,Aloevera,Aloevera,whole_plant,train
C:\Users\hardi\Downloads\medicinal plants detection\dataset\Indian Medicinal Leaves Image Datasets\Datasets_Plant\Aloevera\4302.jpg,Aloevera,Aloevera,whole_plant,train
C:\Users\hardi\Downloads\medicinal plants detection\dataset\Indian Medicinal Leaves Image Datasets\Datasets_Plant\Aloevera\4363.jpg,Aloevera,Aloevera,whole_plant,train
C:\Users\hardi\Downloads\medicinal plants detection\dataset\Indian Medicinal Leaves Image Datasets\Datasets_Plant\Aloevera\4342.jpg,Aloevera,Aloevera,whole_plant,train
C:\Users\hardi\Downloads\medicinal plants detection\dataset\Indian Medicinal Leaves Image Datasets\Datasets_Plant\Aloevera\4264.jpg,Aloevera,Aloevera,whole_plant,train
C:\Users\hardi\Downloads\medicinal plants detection\dataset\Indian Medicinal Leaves Image Datasets\Datasets_Plant\Aloevera\4237.jpg,Aloevera,Aloevera,whole_plant,train
C:\Users\hardi\Downloads\medicinal plants detection\dataset\Indian Medicinal Leaves Image Datasets\Datasets_Plant\Aloevera\4358.jpg,Aloevera,Aloevera,whole_plant,train
C:\Users\hardi\Downloads\medicinal plants detection\dataset\Indian Medicinal Leaves Image Datasets\Datasets_Plant\Aloevera\4298.jpg,Aloevera,Aloevera,whole_plant,train
C:\Users\hardi\Downloads\medicinal plants detection\dataset\Indian Medicinal Leaves Image Datasets\Datasets_Plant\Aloevera\4334.jpg,Aloevera,Aloevera,whole_plant,train
C:\Users\hardi\Downloads\medicinal plants detection\dataset\Indian Medicinal Leaves Image Datasets\Datasets_Plant\Aloevera\865.jpg,Aloevera,Aloevera,whole_plant,train
C:\Users\hardi\Downloads\medicinal plants detection\dataset\Indian Medicinal Leaves Image Datasets\Datasets_Plant\Aloevera\4359.jpg,Aloevera,Aloevera,whole_plant,train
C:\Users\hardi\Downloads\medicinal plants detection\dataset\Indian Medicinal Leaves Image Datasets\Datasets_Plant\Aloevera\4343.jpg,Aloevera,Aloevera,whole_plant,train
C:\Users\hardi\Downloads\medicinal plants detection\dataset\Indian Medicinal Leaves Image Datasets\Datasets_Plant\Aloevera\4317.jpg,Aloevera,Aloevera,whole_plant,train
C:\Users\hardi\Downloads\medicinal plants detection\dataset\Indian Medicinal Leaves Image Datasets\Datasets_Plant\Aloevera\4330.jpg,Aloevera,Aloevera,whole_plant,train
C:\Users\hardi\Downloads\medicinal plants detection\dataset\Indian Medicinal Leaves Image Datasets\Datasets_Plant\Aloevera\4328.jpg,Aloevera,Aloevera,whole_plant,train
C:\Users\hardi\Downloads\medicinal plants detection\dataset\Indian Medicinal Leaves Image Datasets\Datasets_Plant\Aloevera\4315.jpg,Aloevera,Aloevera,whole_plant,train
C:\Users\hardi\Downloads\medicinal plants detection\dataset\Indian Medicinal Leaves Image Datasets\Datasets_Plant\Aloevera\4246.jpg,Aloevera,Aloevera,whole_plant,train
C:\Users\hardi\Downloads\medicinal plants detection\dataset\Indian Medicinal Leaves Image Datasets\Datasets_Plant\Aloevera\4301.jpg,Aloevera,Aloevera,whole_plant,train
C:\Users\hardi\Downloads\medicinal plants detection\dataset\Indian Medicinal Leaves Image Datasets\Datasets_Plant\Aloevera\4336.jpg,Aloevera,Aloevera,whole_plant,train
C:\Users\hardi\Downloads\medicinal plants detection\dataset\Indian Medicinal Leaves Image Datasets\Datasets_Plant\Aloevera\861.jpg,Aloevera,Aloevera,whole_plant,train
C:\Users\hardi\Downloads\medicinal plants detection\dataset\Indian Medicinal Leaves Image Datasets\Datasets_Plant\Aloevera\4307.jpg,Aloevera,Aloevera,whole_plant,train
C:\Users\hardi\Downloads\medicinal plants detection\dataset\Indian Medicinal Leaves Image Datasets\Datasets_Plant\Aloevera\4241.jpg,Aloevera,Aloevera,whole_plant,train
C:\Users\hardi\Downloads\medicinal plants detection\dataset\Indian Medicinal Leaves Image Datasets\Datasets_Plant\Aloevera\4290.jpg,Aloevera,Aloevera,whole_plant,train
C:\Users\hardi\Downloads\medicinal plants detection\dataset\Indian Medicinal Leaves Image Datasets\Datasets_Plant\Aloevera\4263.jpg,Aloevera,Aloevera,whole_plant,train
C:\Users\hardi\Downloads\medicinal plants detection\dataset\Indian Medicinal Leaves Image Datasets\Datasets_Plant\Aloevera\4296.jpg,Aloevera,Aloevera,whole_plant,train
C:\Users\hardi\Downloads\medicinal plants detection\dataset\Indian Medicinal Leaves Image Datasets\Datasets_Plant\Aloevera\4297.jpg,Aloevera,Aloevera,whole_plant,train
C:\Users\hardi\Downloads\medicinal plants detection\dataset\Indian Medicinal Leaves Image Datasets\Datasets_Plant\Aloevera\4323.jpg,Aloevera,Aloevera,whole_plant,train
C:\Users\hardi\Downloads\medicinal plants detection\dataset\Indian Medicinal Leaves Image Datasets\Datasets_Plant\Aloevera\4254.jpg,Aloevera,Aloevera,whole_plant,train
C:\Users\hardi\Downloads\medicinal plants detection\dataset\Indian Medicinal Leaves Image Datasets\Datasets_Plant\Aloevera\868.jpg,Aloevera,Aloevera,whole_plant,train
C:\Users\hardi\Downloads\medicinal plants detection\dataset\Indian Medicinal Leaves Image Datasets\Datasets_Plant\Aloevera\349.jpg,Aloevera,Aloevera,whole_plant,train
C:\Users\hardi\Downloads\medicinal plants detection\dataset\Indian Medicinal Leaves Image Datasets\Datasets_Plant\Aloevera\4265.jpg,Aloevera,Aloevera,whole_plant,val
C:\Users\hardi\Downloads\medicinal plants detection\dataset\Indian Medicinal Leaves Image Datasets\Datasets_Plant\Aloevera\4232.jpg,Aloevera,Aloevera,whole_plant,val
C:\Users\hardi\Downloads\medicinal plants detection\dataset\Indian Medicinal Leaves Image Datasets\Datasets_Plant\Aloevera\4285.jpg,Aloevera,Aloevera,whole_plant,val
C:\Users\hardi\Downloads\medicinal plants detection\dataset\Indian Medicinal Leaves Image Datasets\Datasets_Plant\Aloevera\4275.jpg,Aloevera,Aloevera,whole_plant,val
C:\Users\hardi\Downloads\medicinal plants detection\dataset\Indian Medicinal Leaves Image Datasets\Datasets_Plant\Aloevera\4310.jpg,Aloevera,Aloevera,whole_plant,val
C:\Users\hardi\Downloads\medicinal plants detection\dataset\Indian Medicinal Leaves Image Datasets\Datasets_Plant\Aloevera\344.jpg,Aloevera,Aloevera,whole_plant,val
C:\Users\hardi\Downloads\medicinal plants detection\dataset\Indian Medicinal Leaves Image Datasets\Datasets_Plant\Aloevera\4320.jpg,Aloevera,Aloevera,whole_plant,val
C:\Users\hardi\Downloads\medicinal plants detection\dataset\Indian Medicinal Leaves Image Datasets\Datasets_Plant\Aloevera\4250.jpg,Aloevera,Aloevera,whole_plant,val
C:\Users\hardi\Downloads\medicinal plants detection\dataset\Indian Medicinal Leaves Image Datasets\Datasets_Plant\Aloevera\4294.jpg,Aloevera,Aloevera,whole_plant,val
C:\Users\hardi\Downloads\medicinal plants detection\dataset\Indian Medicinal Leaves Image Datasets\Datasets_Plant\Aloevera\4261.jpg,Aloevera,Aloevera,whole_plant,val
C:\Users\hardi\Downloads\medicinal plants detection\dataset\Indian Medicinal Leaves Image Datasets\Datasets_Plant\Aloevera\4352.jpg,Aloevera,Aloevera,whole_plant,val
C:\Users\hardi\Downloads\medicinal plants detection\dataset\Indian Medicinal Leaves Image Datasets\Datasets_Plant\Aloevera\4262.jpg,Aloevera,Aloevera,whole_plant,val
C:\Users\hardi\Downloads\medicinal plants detection\dataset\Indian Medicinal Leaves Image Datasets\Datasets_Plant\Aloevera\351.jpg,Aloevera,Aloevera,whole_plant,val
C:\Users\hardi\Downloads\medicinal plants detection\dataset\Indian Medicinal Leaves Image Datasets\Datasets_Plant\Aloevera\4314.jpg,Aloevera,Aloevera,whole_plant,val
C:\Users\hardi\Downloads\medicinal plants detection\dataset\Indian Medicinal Leaves Image Datasets\Datasets_Plant\Aloevera\4366.jpg,Aloevera,Aloevera,whole_plant,val
C:\Users\hardi\Downloads\medicinal plants detection\dataset\Indian Medicinal Leaves Image Datasets\Datasets_Plant\Aloevera\864.jpg,Aloevera,Aloevera,whole_plant,val
C:\Users\hardi\Downloads\medicinal plants detection\dataset\Indian Medicinal Leaves Image Datasets\Datasets_Plant\Aloevera\4303.jpg,Aloevera,Aloevera,whole_plant,val
C:\Users\hardi\Downloads\medicinal plants detection\dataset\Indian Medicinal Leaves Image Datasets\Datasets_Plant\Aloevera\4365.jpg,Aloevera,Aloevera,whole_plant,val
C:\Users\hardi\Downloads\medicinal plants detection\dataset\Indian Medicinal Leaves Image Datasets\Datasets_Plant\Aloevera\4256.jpg,Aloevera,Aloevera,whole_plant,val
C:\Users\hardi\Downloads\medicinal plants detection\dataset\Indian Medicinal Leaves Image Datasets\Datasets_Plant\Aloevera\4355.jpg,Aloevera,Aloevera,whole_plant,val
C:\Users\hardi\Downloads\medicinal plants detection\dataset\Indian Medicinal Leaves Image Datasets\Datasets_Plant\Aloevera\4304.jpg,Aloevera,Aloevera,whole_plant,val
C:\Users\hardi\Downloads\medicinal plants detection\dataset\Indian Medicinal Leaves Image Datasets\Datasets_Plant\Aloevera\860.jpg,Aloevera,Aloevera,whole_plant,val
C:\Users\hardi\Downloads\medicinal plants detection\dataset\Indian Medicinal Leaves Image Datasets\Datasets_Plant\Aloevera\4257.jpg,Aloevera,Aloevera,whole_plant,val
C:\Users\hardi\Downloads\medicinal plants detection\dataset\Indian Medicinal Leaves Image Datasets\Datasets_Plant\Aloevera\340.jpg,Aloevera,Aloevera,whole_plant,val
C:\Users\hardi\Downloads\medicinal plants detection\dataset\Indian Medicinal Leaves Image Datasets\Datasets_Plant\Aloevera\4288.jpg,Aloevera,Aloevera,whole_plant,test
C:\Users\hardi\Downloads\medicinal plants detection\dataset\Indian Medicinal Leaves Image Datasets\Datasets_Plant\Aloevera\4331.jpg,Aloevera,Aloevera,whole_plant,test
C:\Users\hardi\Downloads\medicinal plants detection\dataset\Indian Medicinal Leaves Image Datasets\Datasets_Plant\Aloevera\4273.jpg,Aloevera,Aloevera,whole_plant,test
C:\Users\hardi\Downloads\medicinal plants detection\dataset\Indian Medicinal Leaves Image Datasets\Datasets_Plant\Aloevera\4324.jpg,Aloevera,Aloevera,whole_plant,test
C:\Users\hardi\Downloads\medicinal plants detection\dataset\Indian Medicinal Leaves Image Datasets\Datasets_Plant\Aloevera\863.jpg,Aloevera,Aloevera,whole_plant,test
C:\Users\hardi\Downloads\medicinal plants detection\dataset\Indian Medicinal Leaves Image Datasets\Datasets_Plant\Aloevera\4267.jpg,Aloevera,Aloevera,whole_plant,test
C:\Users\hardi\Downloads\medicinal plants detection\dataset\Indian Medicinal Leaves Image Datasets\Datasets_Plant\Aloevera\4360.jpg,Aloevera,Aloevera,whole_plant,test
C:\Users\hardi\Downloads\medicinal plants detection\dataset\Indian Medicinal Leaves Image Datasets\Datasets_Plant\Aloevera\869.jpg,Aloevera,Aloevera,whole_plant,test
C:\Users\hardi\Downloads\medicinal plants detection\dataset\Indian Medicinal Leaves Image Datasets\Datasets_Plant\Aloevera\4346.jpg,Aloevera,Aloevera,whole_plant,test
C:\Users\hardi\Downloads\medicinal plants detection\dataset\Indian Medicinal Leaves Image Datasets\Datasets_Plant\Aloevera\4276.jpg,Aloevera,Aloevera,whole_plant,test
C:\Users\hardi\Downloads\medicinal plants detection\dataset\Indian Medicinal Leaves Image Datasets\Datasets_Plant\Aloevera\4272.jpg,Aloevera,Aloevera,whole_plant,test
C:\Users\hardi\Downloads\medicinal plants detection\dataset\Indian Medicinal Leaves Image Datasets\Datasets_Plant\Aloevera\4240.jpg,Aloevera,Aloevera,whole_plant,test
C:\Users\hardi\Downloads\medicinal plants detection\dataset\Indian Medicinal Leaves Image Datasets\Datasets_Plant\Aloevera\346.jpg,Aloevera,Aloevera,whole_plant,test
C:\Users\hardi\Downloads\medicinal plants detection\dataset\Indian Medicinal Leaves Image Datasets\Datasets_Plant\Aloevera\347.jpg,Aloevera,Aloevera,whole_plant,test
C:\Users\hardi\Downloads\medicinal plants detection\dataset\Indian Medicinal Leaves Image Datasets\Datasets_Plant\Aloevera\4325.jpg,Aloevera,Aloevera,whole_plant,test
C:\Users\hardi\Downloads\medicinal plants detection\dataset\Indian Medicinal Leaves Image Datasets\Datasets_Plant\Aloevera\859.jpg,Aloevera,Aloevera,whole_plant,test
C:\Users\hardi\Downloads\medicinal plants detection\dataset\Indian Medicinal Leaves Image Datasets\Datasets_Plant\Aloevera\4239.jpg,Aloevera,Aloevera,whole_plant,test
C:\Users\hardi\Downloads\medicinal plants detection\dataset\Indian Medicinal Leaves Image Datasets\Datasets_Plant\Aloevera\4356.jpg,Aloevera,Aloevera,whole_plant,test
C:\Users\hardi\Downloads\medicinal plants detection\dataset\Indian Medicinal Leaves Image Datasets\Datasets_Plant\Aloevera\4243.jpg,Aloevera,Aloevera,whole_plant,test
C:\Users\hardi\Downloads\medicinal plants detection\dataset\Indian Medicinal Leaves Image Datasets\Datasets_Plant\Aloevera\4252.jpg,Aloevera,Aloevera,whole_plant,test
C:\Users\hardi\Downloads\medicinal plants detection\dataset\Indian Medicinal Leaves Image Datasets\Datasets_Plant\Aloevera\4274.jpg,Aloevera,Aloevera,whole_plant,test
C:\Users\hardi\Downloads\medicinal plants detection\dataset\Indian Medicinal Leaves Image Datasets\Datasets_Plant\Aloevera\4279.jpg,Aloevera,Aloevera,whole_plant,test
C:\Users\hardi\Downloads\medicinal plants detection\dataset\Indian Medicinal Leaves Image Datasets\Datasets_Plant\Aloevera\4287.jpg,Aloevera,Aloevera,whole_plant,test
C:\Users\hardi\Downloads\medicinal plants detection\dataset\Indian Medicinal Leaves Image Datasets\Datasets_Plant\Aloevera\345.jpg,Aloevera,Aloevera,whole_plant,test
C:\Users\hardi\Downloads\medicinal plants detection\dataset\Indian Medicinal Leaves Image Datasets\Datasets_Plant\Aloevera\4245.jpg,Aloevera,Aloevera,whole_plant,test
C:\Users\hardi\Downloads\medicinal plants detection\dataset\Indian Medicinal Leaves Image Datasets\Datasets_Plant\Aloevera\871.jpg,Aloevera,Aloevera,whole_plant,test
C:\Users\hardi\Downloads\medicinal plants detection\dataset\Indian Medicinal Leaves Image Datasets\Datasets_Plant\Amla\552.jpg,Amla,Amla,whole_plant,train
C:\Users\hardi\Downloads\medicinal plants detection\dataset\Indian Medicinal Leaves Image Datasets\Datasets_Plant\Amla\1318.jpg,Amla,Amla,whole_plant,train
C:\Users\hardi\Downloads\medicinal plants detection\dataset\Indian Medicinal Leaves Image Datasets\Datasets_Plant\Amla\1382.jpg,Amla,Amla,whole_plant,train
C:\Users\hardi\Downloads\medicinal plants detection\dataset\Indian Medicinal Leaves Image Datasets\Datasets_Plant\Amla\1351.jpg,Amla,Amla,whole_plant,train
C:\Users\hardi\Downloads\medicinal plants detection\dataset\Indian Medicinal Leaves Image Datasets\Datasets_Plant\Amla\1374.jpg,Amla,Amla,whole_plant,train
C:\Users\hardi\Downloads\medicinal plants detection\dataset\Indian Medicinal Leaves Image Datasets\Datasets_Plant\Amla\1413.jpg,Amla,Amla,whole_plant,train
C:\Users\hardi\Downloads\medicinal plants detection\dataset\Indian Medicinal Leaves Image Datasets\Datasets_Plant\Amla\37.jpg,Amla,Amla,whole_plant,train
C:\Users\hardi\Downloads\medicinal plants detection\dataset\Indian Medicinal Leaves Image Datasets\Datasets_Plant\Amla\1330.jpg,Amla,Amla,whole_plant,train
C:\Users\hardi\Downloads\medicinal plants detection\dataset\Indian Medicinal Leaves Image Datasets\Datasets_Plant\Amla\548.jpg,Amla,Amla,whole_plant,train
C:\Users\hardi\Downloads\medicinal plants detection\dataset\Indian Medicinal Leaves Image Datasets\Datasets_Plant\Amla\28.jpg,Amla,Amla,whole_plant,train
C:\Users\hardi\Downloads\medicinal plants detection\dataset\Indian Medicinal Leaves Image Datasets\Datasets_Plant\Amla\1372.jpg,Amla,Amla,whole_plant,train
C:\Users\hardi\Downloads\medicinal plants detection\dataset\Indian Medicinal Leaves Image Datasets\Datasets_Plant\Amla\1369.jpg,Amla,Amla,whole_plant,train
C:\Users\hardi\Downloads\medicinal plants detection\dataset\Indian Medicinal Leaves Image Datasets\Datasets_Plant\Amla\556.jpg,Amla,Amla,whole_plant,train
C:\Users\hardi\Downloads\medicinal plants detection\dataset\Indian Medicinal Leaves Image Datasets\Datasets_Plant\Amla\1338.jpg,Amla,Amla,whole_plant,train
C:\Users\hardi\Downloads\medicinal plants detection\dataset\Indian Medicinal Leaves Image Datasets\Datasets_Plant\Amla\1383.jpg,Amla,Amla,whole_plant,train
C:\Users\hardi\Downloads\medicinal plants detection\dataset\Indian Medicinal Leaves Image Datasets\Datasets_Plant\Amla\1332.jpg,Amla,Amla,whole_plant,train
C:\Users\hardi\Downloads\medicinal plants detection\dataset\Indian Medicinal Leaves Image Datasets\Datasets_Plant\Amla\1392.jpg,Amla,Amla,whole_plant,train
C:\Users\hardi\Downloads\medicinal plants detection\dataset\Indian Medicinal Leaves Image Datasets\Datasets_Plant\Amla\1361.jpg,Amla,Amla,whole_plant,train
C:\Users\hardi\Downloads\medicinal plants detection\dataset\Indian Medicinal Leaves Image Datasets\Datasets_Plant\Amla\1342.jpg,Amla,Amla,whole_plant,train
C:\Users\hardi\Downloads\medicinal plants detection\dataset\Indian Medicinal Leaves Image Datasets\Datasets_Plant\Amla\1386.jpg,Amla,Amla,whole_plant,train
C:\Users\hardi\Downloads\medicinal plants detection\dataset\Indian Medicinal Leaves Image Datasets\Datasets_Plant\Amla\33.jpg,Amla,Amla,whole_plant,train
C:\Users\hardi\Downloads\medicinal plants detection\dataset\Indian Medicinal Leaves Image Datasets\Datasets_Plant\Amla\559.jpg,Amla,Amla,whole_plant,train
C:\Users\hardi\Downloads\medicinal plants detection\dataset\Indian Medicinal Leaves Image Datasets\Datasets_Plant\Amla\1352.jpg,Amla,Amla,whole_plant,train
C:\Users\hardi\Downloads\medicinal plants detection\dataset\Indian Medicinal Leaves Image Datasets\Datasets_Plant\Amla\1301.jpg,Amla,Amla,whole_plant,train
C:\Users\hardi\Downloads\medicinal plants detection\dataset\Indian Medicinal Leaves Image Datasets\Datasets_Plant\Amla\1388.jpg,Amla,Amla,whole_plant,train
C:\Users\hardi\Downloads\medicinal plants detection\dataset\Indian Medicinal Leaves Image Datasets\Datasets_Plant\Amla\38.jpg,Amla,Amla,whole_plant,train
C:\Users\hardi\Downloads\medicinal plants detection\dataset\Indian Medicinal Leaves Image Datasets\Datasets_Plant\Amla\1363.jpg,Amla,Amla,whole_plant,train
C:\Users\hardi\Downloads\medicinal plants detection\dataset\Indian Medicinal Leaves Image Datasets\Datasets_Plant\Amla\1402.jpg,Amla,Amla,whole_plant,train
C:\Users\hardi\Downloads\medicinal plants detection\dataset\Indian Medicinal Leaves Image Datasets\Datasets_Plant\Amla\1376.jpg,Amla,Amla,whole_plant,train
C:\Users\hardi\Downloads\medicinal plants detection\dataset\Indian Medicinal Leaves Image Datasets\Datasets_Plant\Amla\549.jpg,Amla,Amla,whole_plant,train
C:\Users\hardi\Downloads\medicinal plants detection\dataset\Indian Medicinal Leaves Image Datasets\Datasets_Plant\Amla\551.jpg,Amla,Amla,whole_plant,train
C:\Users\hardi\Downloads\medicinal plants detection\dataset\Indian Medicinal Leaves Image Datasets\Datasets_Plant\Amla\1339.jpg,Amla,Amla,whole_plant,train
C:\Users\hardi\Downloads\medicinal plants detection\dataset\Indian Medicinal Leaves Image Datasets\Datasets_Plant\Amla\1412.jpg,Amla,Amla,whole_plant,train
C:\Users\hardi\Downloads\medicinal plants detection\dataset\Indian Medicinal Leaves Image Datasets\Datasets_Plant\Amla\1360.jpg,Amla,Amla,whole_plant,train
C:\Users\hardi\Downloads\medicinal plants detection\dataset\Indian Medicinal Leaves Image Datasets\Datasets_Plant\Amla\29.jpg,Amla,Amla,whole_plant,train
C:\Users\hardi\Downloads\medicinal plants detection\dataset\Indian Medicinal Leaves Image Datasets\Datasets_Plant\Amla\1387.jpg,Amla,Amla,whole_plant,train
C:\Users\hardi\Downloads\medicinal plants detection\dataset\Indian Medicinal Leaves Image Datasets\Datasets_Plant\Amla\1316.jpg,Amla,Amla,whole_plant,train
C:\Users\hardi\Downloads\medicinal plants detection\dataset\Indian Medicinal Leaves Image Datasets\Datasets_Plant\Amla\1394.jpg,Amla,Amla,whole_plant,train
C:\Users\hardi\Downloads\medicinal plants detection\dataset\Indian Medicinal Leaves Image Datasets\Datasets_Plant\Amla\1381.jpg,Amla,Amla,whole_plant,train
C:\Users\hardi\Downloads\medicinal plants detection\dataset\Indian Medicinal Leaves Image Datasets\Datasets_Plant\Amla\1364.jpg,Amla,Amla,whole_plant,train
C:\Users\hardi\Downloads\medicinal plants detection\dataset\Indian Medicinal Leaves Image Datasets\Datasets_Plant\Amla\1367.jpg,Amla,Amla,whole_plant,train
C:\Users\hardi\Downloads\medicinal plants detection\dataset\Indian Medicinal Leaves Image Datasets\Datasets_Plant\Amla\1341.jpg,Amla,Amla,whole_plant,train
C:\Users\hardi\Downloads\medicinal plants detection\dataset\Indian Medicinal Leaves Image Datasets\Datasets_Plant\Amla\1417.jpg,Amla,Amla,whole_plant,train
C:\Users\hardi\Downloads\medicinal plants detection\dataset\Indian Medicinal Leaves Image Datasets\Datasets_Plant\Amla\547.jpg,Amla,Amla,whole_plant,train
C:\Users\hardi\Downloads\medicinal plants detection\dataset\Indian Medicinal Leaves Image Datasets\Datasets_Plant\Amla\1336.jpg,Amla,Amla,whole_plant,train
C:\Users\hardi\Downloads\medicinal plants detection\dataset\Indian Medicinal Leaves Image Datasets\Datasets_Plant\Amla\1409.jpg,Amla,Amla,whole_plant,train
C:\Users\hardi\Downloads\medicinal plants detection\dataset\Indian Medicinal Leaves Image Datasets\Datasets_Plant\Amla\1304.jpg,Amla,Amla,whole_plant,train
C:\Users\hardi\Downloads\medicinal plants detection\dataset\Indian Medicinal Leaves Image Datasets\Datasets_Plant\Amla\1317.jpg,Amla,Amla,whole_plant,train
C:\Users\hardi\Downloads\medicinal plants detection\dataset\Indian Medicinal Leaves Image Datasets\Datasets_Plant\Amla\1325.jpg,Amla,Amla,whole_plant,train
C:\Users\hardi\Downloads\medicinal plants detection\dataset\Indian Medicinal Leaves Image Datasets\Datasets_Plant\Amla\34.jpg,Amla,Amla,whole_plant,train
C:\Users\hardi\Downloads\medicinal plants detection\dataset\Indian Medicinal Leaves Image Datasets\Datasets_Plant\Amla\1302.jpg,Amla,Amla,whole_plant,train
C:\Users\hardi\Downloads\medicinal plants detection\dataset\Indian Medicinal Leaves Image Datasets\Datasets_Plant\Amla\1419.jpg,Amla,Amla,whole_plant,train
C:\Users\hardi\Downloads\medicinal plants detection\dataset\Indian Medicinal Leaves Image Datasets\Datasets_Plant\Amla\1303.jpg,Amla,Amla,whole_plant,train
C:\Users\hardi\Downloads\medicinal plants detection\dataset\Indian Medicinal Leaves Image Datasets\Datasets_Plant\Amla\1416.jpg,Amla,Amla,whole_plant,train
C:\Users\hardi\Downloads\medicinal plants detection\dataset\Indian Medicinal Leaves Image Datasets\Datasets_Plant\Amla\1349.jpg,Amla,Amla,whole_plant,train
C:\Users\hardi\Downloads\medicinal plants detection\dataset\Indian Medicinal Leaves Image Datasets\Datasets_Plant\Amla\1353.jpg,Amla,Amla,whole_plant,train
C:\Users\hardi\Downloads\medicinal plants detection\dataset\Indian Medicinal Leaves Image Datasets\Datasets_Plant\Amla\1366.jpg,Amla,Amla,whole_plant,train
C:\Users\hardi\Downloads\medicinal plants detection\dataset\Indian Medicinal Leaves Image Datasets\Datasets_Plant\Amla\1410.jpg,Amla,Amla,whole_plant,train
C:\Users\hardi\Downloads\medicinal plants detection\dataset\Indian Medicinal Leaves Image Datasets\Datasets_Plant\Amla\1314.jpg,Amla,Amla,whole_plant,train
C:\Users\hardi\Downloads\medicinal plants detection\dataset\Indian Medicinal Leaves Image Datasets\Datasets_Plant\Amla\1378.jpg,Amla,Amla,whole_plant,train
C:\Users\hardi\Downloads\medicinal plants detection\dataset\Indian Medicinal Leaves Image Datasets\Datasets_Plant\Amla\1404.jpg,Amla,Amla,whole_plant,train
C:\Users\hardi\Downloads\medicinal plants detection\dataset\Indian Medicinal Leaves Image Datasets\Datasets_Plant\Amla\1340.jpg,Amla,Amla,whole_plant,train
C:\Users\hardi\Downloads\medicinal plants detection\dataset\Indian Medicinal Leaves Image Datasets\Datasets_Plant\Amla\1365.jpg,Amla,Amla,whole_plant,train
C:\Users\hardi\Downloads\medicinal plants detection\dataset\Indian Medicinal Leaves Image Datasets\Datasets_Plant\Amla\1371.jpg,Amla,Amla,whole_plant,train
C:\Users\hardi\Downloads\medicinal plants detection\dataset\Indian Medicinal Leaves Image Datasets\Datasets_Plant\Amla\1391.jpg,Amla,Amla,whole_plant,train
C:\Users\hardi\Downloads\medicinal plants detection\dataset\Indian Medicinal Leaves Image Datasets\Datasets_Plant\Amla\39.jpg,Amla,Amla,whole_plant,train
C:\Users\hardi\Downloads\medicinal plants detection\dataset\Indian Medicinal Leaves Image Datasets\Datasets_Plant\Amla\32.jpg,Amla,Amla,whole_plant,train
C:\Users\hardi\Downloads\medicinal plants detection\dataset\Indian Medicinal Leaves Image Datasets\Datasets_Plant\Amla\1331.jpg,Amla,Amla,whole_plant,train
C:\Users\hardi\Downloads\medicinal plants detection\dataset\Indian Medicinal Leaves Image Datasets\Datasets_Plant\Amla\1398.jpg,Amla,Amla,whole_plant,train
C:\Users\hardi\Downloads\medicinal plants detection\dataset\Indian Medicinal Leaves Image Datasets\Datasets_Plant\Amla\1321.jpg,Amla,Amla,whole_plant,train
C:\Users\hardi\Downloads\medicinal plants detection\dataset\Indian Medicinal Leaves Image Datasets\Datasets_Plant\Amla\1309.jpg,Amla,Amla,whole_plant,train
C:\Users\hardi\Downloads\medicinal plants detection\dataset\Indian Medicinal Leaves Image Datasets\Datasets_Plant\Amla\1334.jpg,Amla,Amla,whole_plant,train
C:\Users\hardi\Downloads\medicinal plants detection\dataset\Indian Medicinal Leaves Image Datasets\Datasets_Plant\Amla\553.jpg,Amla,Amla,whole_plant,train
C:\Users\hardi\Downloads\medicinal plants detection\dataset\Indian Medicinal Leaves Image Datasets\Datasets_Plant\Amla\1405.jpg,Amla,Amla,whole_plant,train
C:\Users\hardi\Downloads\medicinal plants detection\dataset\Indian Medicinal Leaves Image Datasets\Datasets_Plant\Amla\1347.jpg,Amla,Amla,whole_plant,train
C:\Users\hardi\Downloads\medicinal plants detection\dataset\Indian Medicinal Leaves Image Datasets\Datasets_Plant\Amla\1418.jpg,Amla,Amla,whole_plant,train
C:\Users\hardi\Downloads\medicinal plants detection\dataset\Indian Medicinal Leaves Image Datasets\Datasets_Plant\Amla\1390.jpg,Amla,Amla,whole_plant,train
C:\Users\hardi\Downloads\medicinal plants detection\dataset\Indian Medicinal Leaves Image Datasets\Datasets_Plant\Amla\1399.jpg,Amla,Amla,whole_plant,train
C:\Users\hardi\Downloads\medicinal plants detection\dataset\Indian Medicinal Leaves Image Datasets\Datasets_Plant\Amla\1414.jpg,Amla,Amla,whole_plant,train
C:\Users\hardi\Downloads\medicinal plants detection\dataset\Indian Medicinal Leaves Image Datasets\Datasets_Plant\Amla\1396.jpg,Amla,Amla,whole_plant,train
C:\Users\hardi\Downloads\medicinal plants detection\dataset\Indian Medicinal Leaves Image Datasets\Datasets_Plant\Amla\1406.jpg,Amla,Amla,whole_plant,train
C:\Users\hardi\Downloads\medicinal plants detection\dataset\Indian Medicinal Leaves Image Datasets\Datasets_Plant\Amla\1385.jpg,Amla,Amla,whole_plant,train
C:\Users\hardi\Downloads\medicinal plants detection\dataset\Indian Medicinal Leaves Image Datasets\Datasets_Plant\Amla\1395.jpg,Amla,Amla,whole_plant,train
C:\Users\hardi\Downloads\medicinal plants detection\dataset\Indian Medicinal Leaves Image Datasets\Datasets_Plant\Amla\1400.jpg,Amla,Amla,whole_plant,train
C:\Users\hardi\Downloads\medicinal plants detection\dataset\Indian Medicinal Leaves Image Datasets\Datasets_Plant\Amla\1329.jpg,Amla,Amla,whole_plant,train
C:\Users\hardi\Downloads\medicinal plants detection\dataset\Indian Medicinal Leaves Image Datasets\Datasets_Plant\Amla\1384.jpg,Amla,Amla,whole_plant,train
C:\Users\hardi\Downloads\medicinal plants detection\dataset\Indian Medicinal Leaves Image Datasets\Datasets_Plant\Amla\1401.jpg,Amla,Amla,whole_plant,train
C:\Users\hardi\Downloads\medicinal plants detection\dataset\Indian Medicinal Leaves Image Datasets\Datasets_Plant\Amla\550.jpg,Amla,Amla,whole_plant,train
C:\Users\hardi\Downloads\medicinal plants detection\dataset\Indian Medicinal Leaves Image Datasets\Datasets_Plant\Amla\1324.jpg,Amla,Amla,whole_plant,train
C:\Users\hardi\Downloads\medicinal plants detection\dataset\Indian Medicinal Leaves Image Datasets\Datasets_Plant\Amla\1373.jpg,Amla,Amla,whole_plant,train
C:\Users\hardi\Downloads\medicinal plants detection\dataset\Indian Medicinal Leaves Image Datasets\Datasets_Plant\Amla\1346.jpg,Amla,Amla,whole_plant,train
C:\Users\hardi\Downloads\medicinal plants detection\dataset\Indian Medicinal Leaves Image Datasets\Datasets_Plant\Amla\1379.jpg,Amla,Amla,whole_plant,train
C:\Users\hardi\Downloads\medicinal plants detection\dataset\Indian Medicinal Leaves Image Datasets\Datasets_Plant\Amla\1380.jpg,Amla,Amla,whole_plant,train
C:\Users\hardi\Downloads\medicinal plants detection\dataset\Indian Medicinal Leaves Image Datasets\Datasets_Plant\Amla\1337.jpg,Amla,Amla,whole_plant,train
C:\Users\hardi\Downloads\medicinal plants detection\dataset\Indian Medicinal Leaves Image Datasets\Datasets_Plant\Amla\557.jpg,Amla,Amla,whole_plant,train
C:\Users\hardi\Downloads\medicinal plants detection\dataset\Indian Medicinal Leaves Image Datasets\Datasets_Plant\Amla\1310.jpg,Amla,Amla,whole_plant,train
C:\Users\hardi\Downloads\medicinal plants detection\dataset\Indian Medicinal Leaves Image Datasets\Datasets_Plant\Amla\35.jpg,Amla,Amla,whole_plant,train
C:\Users\hardi\Downloads\medicinal plants detection\dataset\Indian Medicinal Leaves Image Datasets\Datasets_Plant\Amla\1315.jpg,Amla,Amla,whole_plant,train
C:\Users\hardi\Downloads\medicinal plants detection\dataset\Indian Medicinal Leaves Image Datasets\Datasets_Plant\Amla\1368.jpg,Amla,Amla,whole_plant,train
C:\Users\hardi\Downloads\medicinal plants detection\dataset\Indian Medicinal Leaves Image Datasets\Datasets_Plant\Amla\1358.jpg,Amla,Amla,whole_plant,train
C:\Users\hardi\Downloads\medicinal plants detection\dataset\Indian Medicinal Leaves Image Datasets\Datasets_Plant\Amla\1393.jpg,Amla,Amla,whole_plant,train
C:\Users\hardi\Downloads\medicinal plants detection\dataset\Indian Medicinal Leaves Image Datasets\Datasets_Plant\Amla\1305.jpg,Amla,Amla,whole_plant,train
C:\Users\hardi\Downloads\medicinal plants detection\dataset\Indian Medicinal Leaves Image Datasets\Datasets_Plant\Amla\1333.jpg,Amla,Amla,whole_plant,val
C:\Users\hardi\Downloads\medicinal plants detection\dataset\Indian Medicinal Leaves Image Datasets\Datasets_Plant\Amla\1377.jpg,Amla,Amla,whole_plant,val
C:\Users\hardi\Downloads\medicinal plants detection\dataset\Indian Medicinal Leaves Image Datasets\Datasets_Plant\Amla\1344.jpg,Amla,Amla,whole_plant,val
C:\Users\hardi\Downloads\medicinal plants detection\dataset\Indian Medicinal Leaves Image Datasets\Datasets_Plant\Amla\1345.jpg,Amla,Amla,whole_plant,val
C:\Users\hardi\Downloads\medicinal plants detection\dataset\Indian Medicinal Leaves Image Datasets\Datasets_Plant\Amla\1312.jpg,Amla,Amla,whole_plant,val
C:\Users\hardi\Downloads\medicinal plants detection\dataset\Indian Medicinal Leaves Image Datasets\Datasets_Plant\Amla\1348.jpg,Amla,Amla,whole_plant,val
C:\Users\hardi\Downloads\medicinal plants detection\dataset\Indian Medicinal Leaves Image Datasets\Datasets_Plant\Amla\1311.jpg,Amla,Amla,whole_plant,val
C:\Users\hardi\Downloads\medicinal plants detection\dataset\Indian Medicinal Leaves Image Datasets\Datasets_Plant\Amla\1313.jpg,Amla,Amla,whole_plant,val
C:\Users\hardi\Downloads\medicinal plants detection\dataset\Indian Medicinal Leaves Image Datasets\Datasets_Plant\Amla\1415.jpg,Amla,Amla,whole_plant,val
C:\Users\hardi\Downloads\medicinal plants detection\dataset\Indian Medicinal Leaves Image Datasets\Datasets_Plant\Amla\27.jpg,Amla,Amla,whole_plant,val
C:\Users\hardi\Downloads\medicinal plants detection\dataset\Indian Medicinal Leaves Image Datasets\Datasets_Plant\Amla\1327.jpg,Amla,Amla,whole_plant,val
C:\Users\hardi\Downloads\medicinal plants detection\dataset\Indian Medicinal Leaves Image Datasets\Datasets_Plant\Amla\1319.jpg,Amla,Amla,whole_plant,val
C:\Users\hardi\Downloads\medicinal plants detection\dataset\Indian Medicinal Leaves Image Datasets\Datasets_Plant\Amla\31.jpg,Amla,Amla,whole_plant,val
C:\Users\hardi\Downloads\medicinal plants detection\dataset\Indian Medicinal Leaves Image Datasets\Datasets_Plant\Amla\1343.jpg,Amla,Amla,whole_plant,val
C:\Users\hardi\Downloads\medicinal plants detection\dataset\Indian Medicinal Leaves Image Datasets\Datasets_Plant\Amla\1354.jpg,Amla,Amla,whole_plant,val
C:\Users\hardi\Downloads\medicinal plants detection\dataset\Indian Medicinal Leaves Image Datasets\Datasets_Plant\Amla\1389.jpg,Amla,Amla,whole_plant,val
C:\Users\hardi\Downloads\medicinal plants detection\dataset\Indian Medicinal Leaves Image Datasets\Datasets_Plant\Amla\1320.jpg,Amla,Amla,whole_plant,val
C:\Users\hardi\Downloads\medicinal plants detection\dataset\Indian Medicinal Leaves Image Datasets\Datasets_Plant\Amla\30.jpg,Amla,Amla,whole_plant,val
C:\Users\hardi\Downloads\medicinal plants detection\dataset\Indian Medicinal Leaves Image Datasets\Datasets_Plant\Amla\1397.jpg,Amla,Amla,whole_plant,val
C:\Users\hardi\Downloads\medicinal plants detection\dataset\Indian Medicinal Leaves Image Datasets\Datasets_Plant\Amla\1300.jpg,Amla,Amla,whole_plant,val
C:\Users\hardi\Downloads\medicinal plants detection\dataset\Indian Medicinal Leaves Image Datasets\Datasets_Plant\Amla\1411.jpg,Amla,Amla,whole_plant,val
C:\Users\hardi\Downloads\medicinal plants detection\dataset\Indian Medicinal Leaves Image Datasets\Datasets_Plant\Amla\1403.jpg,Amla,Amla,whole_plant,test
C:\Users\hardi\Downloads\medicinal plants detection\dataset\Indian Medicinal Leaves Image Datasets\Datasets_Plant\Amla\554.jpg,Amla,Amla,whole_plant,test
C:\Users\hardi\Downloads\medicinal plants detection\dataset\Indian Medicinal Leaves Image Datasets\Datasets_Plant\Amla\1375.jpg,Amla,Amla,whole_plant,test
C:\Users\hardi\Downloads\medicinal plants detection\dataset\Indian Medicinal Leaves Image Datasets\Datasets_Plant\Amla\555.jpg,Amla,Amla,whole_plant,test
C:\Users\hardi\Downloads\medicinal plants detection\dataset\Indian Medicinal Leaves Image Datasets\Datasets_Plant\Amla\1356.jpg,Amla,Amla,whole_plant,test
C:\Users\hardi\Downloads\medicinal plants detection\dataset\Indian Medicinal Leaves Image Datasets\Datasets_Plant\Amla\1407.jpg,Amla,Amla,whole_plant,test
C:\Users\hardi\Downloads\medicinal plants detection\dataset\Indian Medicinal Leaves Image Datasets\Datasets_Plant\Amla\1350.jpg,Amla,Amla,whole_plant,test
C:\Users\hardi\Downloads\medicinal plants detection\dataset\Indian Medicinal Leaves Image Datasets\Datasets_Plant\Amla\558.jpg,Amla,Amla,whole_plant,test
C:\Users\hardi\Downloads\medicinal plants detection\dataset\Indian Medicinal Leaves Image Datasets\Datasets_Plant\Amla\36.jpg,Amla,Amla,whole_plant,test
C:\Users\hardi\Downloads\medicinal plants detection\dataset\Indian Medicinal Leaves Image Datasets\Datasets_Plant\Amla\1359.jpg,Amla,Amla,whole_plant,test
C:\Users\hardi\Downloads\medicinal plants detection\dataset\Indian Medicinal Leaves Image Datasets\Datasets_Plant\Amla\1355.jpg,Amla,Amla,whole_plant,test
C:\Users\hardi\Downloads\medicinal plants detection\dataset\Indian Medicinal Leaves Image Datasets\Datasets_Plant\Amla\1323.jpg,Amla,Amla,whole_plant,test
C:\Users\hardi\Downloads\medicinal plants detection\dataset\Indian Medicinal Leaves Image Datasets\Datasets_Plant\Amla\1307.jpg,Amla,Amla,whole_plant,test
C:\Users\hardi\Downloads\medicinal plants detection\dataset\Indian Medicinal Leaves Image Datasets\Datasets_Plant\Amla\1308.jpg,Amla,Amla,whole_plant,test
C:\Users\hardi\Downloads\medicinal plants detection\dataset\Indian Medicinal Leaves Image Datasets\Datasets_Plant\Amla\1408.jpg,Amla,Amla,whole_plant,test
C:\Users\hardi\Downloads\medicinal plants detection\dataset\Indian Medicinal Leaves Image Datasets\Datasets_Plant\Amla\1322.jpg,Amla,Amla,whole_plant,test
C:\Users\hardi\Downloads\medicinal plants detection\dataset\Indian Medicinal Leaves Image Datasets\Datasets_Plant\Amla\1326.jpg,Amla,Amla,whole_plant,test
C:\Users\hardi\Downloads\medicinal plants detection\dataset\Indian Medicinal Leaves Image Datasets\Datasets_Plant\Amla\1335.jpg,Amla,Amla,whole_plant,test
C:\Users\hardi\Downloads\medicinal plants detection\dataset\Indian Medicinal Leaves Image Datasets\Datasets_Plant\Amla\1357.jpg,Amla,Amla,whole_plant,test
C:\Users\hardi\Downloads\medicinal plants detection\dataset\Indian Medicinal Leaves Image Datasets\Datasets_Plant\Amla\1362.jpg,Amla,Amla,whole_plant,test
C:\Users\hardi\Downloads\medicinal plants detection\dataset\Indian Medicinal Leaves Image Datasets\Datasets_Plant\Amla\1370.jpg,Amla,Amla,whole_plant,test
C:\Users\hardi\Downloads\medicinal plants detection\dataset\Indian Medicinal Leaves Image Datasets\Datasets_Plant\Amla\1306.jpg,Amla,Amla,whole_plant,test
C:\Users\hardi\Downloads\medicinal plants detection\dataset\Indian Medicinal Leaves Image Datasets\Datasets_Plant\Amla\1328.jpg,Amla,Amla,whole_plant,test
C:\Users\hardi\Downloads\medicinal plants detection\dataset\Indian Medicinal Leaves Image Datasets\Datasets_Plant\Amruta_Balli\2418.jpg,Amruta_Balli,Amruthaballi,whole_plant,train
C:\Users\hardi\Downloads\medicinal plants detection\dataset\Indian Medicinal Leaves Image Datasets\Datasets_Plant\Amruta_Balli\2459.jpg,Amruta_Balli,Amruthaballi,whole_plant,train
C:\Users\hardi\Downloads\medicinal plants detection\dataset\Indian Medicinal Leaves Image Datasets\Datasets_Plant\Amruta_Balli\675.jpg,Amruta_Balli,Amruthaballi,whole_plant,train
C:\Users\hardi\Downloads\medicinal plants detection\dataset\Indian Medicinal Leaves Image Datasets\Datasets_Plant\Amruta_Balli\153.jpg,Amruta_Balli,Amruthaballi,whole_plant,train
C:\Users\hardi\Downloads\medicinal plants detection\dataset\Indian Medicinal Leaves Image Datasets\Datasets_Plant\Amruta_Balli\670.jpg,Amruta_Balli,Amruthaballi,whole_plant,train
C:\Users\hardi\Downloads\medicinal plants detection\dataset\Indian Medicinal Leaves Image Datasets\Datasets_Plant\Amruta_Balli\2411.jpg,Amruta_Balli,Amruthaballi,whole_plant,train
C:\Users\hardi\Downloads\medicinal plants detection\dataset\Indian Medicinal Leaves Image Datasets\Datasets_Plant\Amruta_Balli\2473.jpg,Amruta_Balli,Amruthaballi,whole_plant,train
C:\Users\hardi\Downloads\medicinal plants detection\dataset\Indian Medicinal Leaves Image Datasets\Datasets_Plant\Amruta_Balli\2500.jpg,Amruta_Balli,Amruthaballi,whole_plant,train
C:\Users\hardi\Downloads\medicinal plants detection\dataset\Indian Medicinal Leaves Image Datasets\Datasets_Plant\Amruta_Balli\2485.jpg,Amruta_Balli,Amruthaballi,whole_plant,train
C:\Users\hardi\Downloads\medicinal plants detection\dataset\Indian Medicinal Leaves Image Datasets\Datasets_Plant\Amruta_Balli\2509.jpg,Amruta_Balli,Amruthaballi,whole_plant,train
C:\Users\hardi\Downloads\medicinal plants detection\dataset\Indian Medicinal Leaves Image Datasets\Datasets_Plant\Amruta_Balli\145.jpg,Amruta_Balli,Amruthaballi,whole_plant,train
C:\Users\hardi\Downloads\medicinal plants detection\dataset\Indian Medicinal Leaves Image Datasets\Datasets_Plant\Amruta_Balli\673.jpg,Amruta_Balli,Amruthaballi,whole_plant,train
C:\Users\hardi\Downloads\medicinal plants detection\dataset\Indian Medicinal Leaves Image Datasets\Datasets_Plant\Amruta_Balli\2501.jpg,Amruta_Balli,Amruthaballi,whole_plant,train
C:\Users\hardi\Downloads\medicinal plants detection\dataset\Indian Medicinal Leaves Image Datasets\Datasets_Plant\Amruta_Balli\2504.jpg,Amruta_Balli,Amruthaballi,whole_plant,train
C:\Users\hardi\Downloads\medicinal plants detection\dataset\Indian Medicinal Leaves Image Datasets\Datasets_Plant\Amruta_Balli\2464.jpg,Amruta_Balli,Amruthaballi,whole_plant,train
C:\Users\hardi\Downloads\medicinal plants detection\dataset\Indian Medicinal Leaves Image Datasets\Datasets_Plant\Amruta_Balli\2496.jpg,Amruta_Balli,Amruthaballi,whole_plant,train
C:\Users\hardi\Downloads\medicinal plants detection\dataset\Indian Medicinal Leaves Image Datasets\Datasets_Plant\Amruta_Balli\2514.jpg,Amruta_Balli,Amruthaballi,whole_plant,train
C:\Users\hardi\Downloads\medicinal plants detection\dataset\Indian Medicinal Leaves Image Datasets\Datasets_Plant\Amruta_Balli\2426.jpg,Amruta_Balli,Amruthaballi,whole_plant,train
C:\Users\hardi\Downloads\medicinal plants detection\dataset\Indian Medicinal Leaves Image Datasets\Datasets_Plant\Amruta_Balli\2413.jpg,Amruta_Balli,Amruthaballi,whole_plant,train
C:\Users\hardi\Downloads\medicinal plants detection\dataset\Indian Medicinal Leaves Image Datasets\Datasets_Plant\Amruta_Balli\2446.jpg,Amruta_Balli,Amruthaballi,whole_plant,train
C:\Users\hardi\Downloads\medicinal plants detection\dataset\Indian Medicinal Leaves Image Datasets\Datasets_Plant\Amruta_Balli\2416.jpg,Amruta_Balli,Amruthaballi,whole_plant,train
C:\Users\hardi\Downloads\medicinal plants detection\dataset\Indian Medicinal Leaves Image Datasets\Datasets_Plant\Amruta_Balli\2513.jpg,Amruta_Balli,Amruthaballi,whole_plant,train
C:\Users\hardi\Downloads\medicinal plants detection\dataset\Indian Medicinal Leaves Image Datasets\Datasets_Plant\Amruta_Balli\151.jpg,Amruta_Balli,Amruthaballi,whole_plant,train
C:\Users\hardi\Downloads\medicinal plants detection\dataset\Indian Medicinal Leaves Image Datasets\Datasets_Plant\Amruta_Balli\2431.jpg,Amruta_Balli,Amruthaballi,whole_plant,train
C:\Users\hardi\Downloads\medicinal plants detection\dataset\Indian Medicinal Leaves Image Datasets\Datasets_Plant\Amruta_Balli\2512.jpg,Amruta_Balli,Amruthaballi,whole_plant,train
C:\Users\hardi\Downloads\medicinal plants detection\dataset\Indian Medicinal Leaves Image Datasets\Datasets_Plant\Amruta_Balli\2447.jpg,Amruta_Balli,Amruthaballi,whole_plant,train
C:\Users\hardi\Downloads\medicinal plants detection\dataset\Indian Medicinal Leaves Image Datasets\Datasets_Plant\Amruta_Balli\2434.jpg,Amruta_Balli,Amruthaballi,whole_plant,train
C:\Users\hardi\Downloads\medicinal plants detection\dataset\Indian Medicinal Leaves Image Datasets\Datasets_Plant\Amruta_Balli\2425.jpg,Amruta_Balli,Amruthaballi,whole_plant,train
C:\Users\hardi\Downloads\medicinal plants detection\dataset\Indian Medicinal Leaves Image Datasets\Datasets_Plant\Amruta_Balli\2516.jpg,Amruta_Balli,Amruthaballi,whole_plant,train
C:\Users\hardi\Downloads\medicinal plants detection\dataset\Indian Medicinal Leaves Image Datasets\Datasets_Plant\Amruta_Balli\2445.jpg,Amruta_Balli,Amruthaballi,whole_plant,train
C:\Users\hardi\Downloads\medicinal plants detection\dataset\Indian Medicinal Leaves Image Datasets\Datasets_Plant\Amruta_Balli\2427.jpg,Amruta_Balli,Amruthaballi,whole_plant,train
C:\Users\hardi\Downloads\medicinal plants detection\dataset\Indian Medicinal Leaves Image Datasets\Datasets_Plant\Amruta_Balli\2489.jpg,Amruta_Balli,Amruthaballi,whole_plant,train
C:\Users\hardi\Downloads\medicinal plants detection\dataset\Indian Medicinal Leaves Image Datasets\Datasets_Plant\Amruta_Balli\2470.jpg,Amruta_Balli,Amruthaballi,whole_plant,train
C:\Users\hardi\Downloads\medicinal plants detection\dataset\Indian Medicinal Leaves Image Datasets\Datasets_Plant\Amruta_Balli\2457.jpg,Amruta_Balli,Amruthaballi,whole_plant,train
C:\Users\hardi\Downloads\medicinal plants detection\dataset\Indian Medicinal Leaves Image Datasets\Datasets_Plant\Amruta_Balli\2451.jpg,Amruta_Balli,Amruthaballi,whole_plant,train
C:\Users\hardi\Downloads\medicinal plants detection\dataset\Indian Medicinal Leaves Image Datasets\Datasets_Plant\Amruta_Balli\2519.jpg,Amruta_Balli,Amruthaballi,whole_plant,train
C:\Users\hardi\Downloads\medicinal plants detection\dataset\Indian Medicinal Leaves Image Datasets\Datasets_Plant\Amruta_Balli\2520.jpg,Amruta_Balli,Amruthaballi,whole_plant,train
C:\Users\hardi\Downloads\medicinal plants detection\dataset\Indian Medicinal Leaves Image Datasets\Datasets_Plant\Amruta_Balli\2452.jpg,Amruta_Balli,Amruthaballi,whole_plant,train
C:\Users\hardi\Downloads\medicinal plants detection\dataset\Indian Medicinal Leaves Image Datasets\Datasets_Plant\Amruta_Balli\146.jpg,Amruta_Balli,Amruthaballi,whole_plant,train
C:\Users\hardi\Downloads\medicinal plants detection\dataset\Indian Medicinal Leaves Image Datasets\Datasets_Plant\Amruta_Balli\2456.jpg,Amruta_Balli,Amruthaballi,whole_plant,train
C:\Users\hardi\Downloads\medicinal plants detection\dataset\Indian Medicinal Leaves Image Datasets\Datasets_Plant\Amruta_Balli\2523.jpg,Amruta_Balli,Amruthaballi,whole_plant,train
C:\Users\hardi\Downloads\medicinal plants detection\dataset\Indian Medicinal Leaves Image Datasets\Datasets_Plant\Amruta_Balli\2525.jpg,Amruta_Balli,Amruthaballi,whole_plant,train
C:\Users\hardi\Downloads\medicinal plants detection\dataset\Indian Medicinal Leaves Image Datasets\Datasets_Plant\Amruta_Balli\2409.jpg,Amruta_Balli,Amruthaballi,whole_plant,train
C:\Users\hardi\Downloads\medicinal plants detection\dataset\Indian Medicinal Leaves Image Datasets\Datasets_Plant\Amruta_Balli\2465.jpg,Amruta_Balli,Amruthaballi,whole_plant,train
C:\Users\hardi\Downloads\medicinal plants detection\dataset\Indian Medicinal Leaves Image Datasets\Datasets_Plant\Amruta_Balli\2515.jpg,Amruta_Balli,Amruthaballi,whole_plant,train
C:\Users\hardi\Downloads\medicinal plants detection\dataset\Indian Medicinal Leaves Image Datasets\Datasets_Plant\Amruta_Balli\2455.jpg,Amruta_Balli,Amruthaballi,whole_plant,train
C:\Users\hardi\Downloads\medicinal plants detection\dataset\Indian Medicinal Leaves Image Datasets\Datasets_Plant\Amruta_Balli\2475.jpg,Amruta_Balli,Amruthaballi,whole_plant,train
C:\Users\hardi\Downloads\medicinal plants detection\dataset\Indian Medicinal Leaves Image Datasets\Datasets_Plant\Amruta_Balli\2481.jpg,Amruta_Balli,Amruthaballi,whole_plant,train
C:\Users\hardi\Downloads\medicinal plants detection\dataset\Indian Medicinal Leaves Image Datasets\Datasets_Plant\Amruta_Balli\2448.jpg,Amruta_Balli,Amruthaballi,whole_plant,train
C:\Users\hardi\Downloads\medicinal plants detection\dataset\Indian Medicinal Leaves Image Datasets\Datasets_Plant\Amruta_Balli\2484.jpg,Amruta_Balli,Amruthaballi,whole_plant,train
C:\Users\hardi\Downloads\medicinal plants detection\dataset\Indian Medicinal Leaves Image Datasets\Datasets_Plant\Amruta_Balli\2462.jpg,Amruta_Balli,Amruthaballi,whole_plant,train
C:\Users\hardi\Downloads\medicinal plants detection\dataset\Indian Medicinal Leaves Image Datasets\Datasets_Plant\Amruta_Balli\2429.jpg,Amruta_Balli,Amruthaballi,whole_plant,train
C:\Users\hardi\Downloads\medicinal plants detection\dataset\Indian Medicinal Leaves Image Datasets\Datasets_Plant\Amruta_Balli\2522.jpg,Amruta_Balli,Amruthaballi,whole_plant,train
C:\Users\hardi\Downloads\medicinal plants detection\dataset\Indian Medicinal Leaves Image Datasets\Datasets_Plant\Amruta_Balli\2435.jpg,Amruta_Balli,Amruthaballi,whole_plant,train
C:\Users\hardi\Downloads\medicinal plants detection\dataset\Indian Medicinal Leaves Image Datasets\Datasets_Plant\Amruta_Balli\2433.jpg,Amruta_Balli,Amruthaballi,whole_plant,train
C:\Users\hardi\Downloads\medicinal plants detection\dataset\Indian Medicinal Leaves Image Datasets\Datasets_Plant\Amruta_Balli\148.jpg,Amruta_Balli,Amruthaballi,whole_plant,train
C:\Users\hardi\Downloads\medicinal plants detection\dataset\Indian Medicinal Leaves Image Datasets\Datasets_Plant\Amruta_Balli\2436.jpg,Amruta_Balli,Amruthaballi,whole_plant,train
C:\Users\hardi\Downloads\medicinal plants detection\dataset\Indian Medicinal Leaves Image Datasets\Datasets_Plant\Amruta_Balli\2498.jpg,Amruta_Balli,Amruthaballi,whole_plant,train
C:\Users\hardi\Downloads\medicinal plants detection\dataset\Indian Medicinal Leaves Image Datasets\Datasets_Plant\Amruta_Balli\2491.jpg,Amruta_Balli,Amruthaballi,whole_plant,train
C:\Users\hardi\Downloads\medicinal plants detection\dataset\Indian Medicinal Leaves Image Datasets\Datasets_Plant\Amruta_Balli\2412.jpg,Amruta_Balli,Amruthaballi,whole_plant,train
C:\Users\hardi\Downloads\medicinal plants detection\dataset\Indian Medicinal Leaves Image Datasets\Datasets_Plant\Amruta_Balli\2437.jpg,Amruta_Balli,Amruthaballi,whole_plant,train
C:\Users\hardi\Downloads\medicinal plants detection\dataset\Indian Medicinal Leaves Image Datasets\Datasets_Plant\Amruta_Balli\2497.jpg,Amruta_Balli,Amruthaballi,whole_plant,train
C:\Users\hardi\Downloads\medicinal plants detection\dataset\Indian Medicinal Leaves Image Datasets\Datasets_Plant\Amruta_Balli\669.jpg,Amruta_Balli,Amruthaballi,whole_plant,train
C:\Users\hardi\Downloads\medicinal plants detection\dataset\Indian Medicinal Leaves Image Datasets\Datasets_Plant\Amruta_Balli\2442.jpg,Amruta_Balli,Amruthaballi,whole_plant,train
C:\Users\hardi\Downloads\medicinal plants detection\dataset\Indian Medicinal Leaves Image Datasets\Datasets_Plant\Amruta_Balli\2506.jpg,Amruta_Balli,Amruthaballi,whole_plant,train
C:\Users\hardi\Downloads\medicinal plants detection\dataset\Indian Medicinal Leaves Image Datasets\Datasets_Plant\Amruta_Balli\2477.jpg,Amruta_Balli,Amruthaballi,whole_plant,train
C:\Users\hardi\Downloads\medicinal plants detection\dataset\Indian Medicinal Leaves Image Datasets\Datasets_Plant\Amruta_Balli\2486.jpg,Amruta_Balli,Amruthaballi,whole_plant,train
C:\Users\hardi\Downloads\medicinal plants detection\dataset\Indian Medicinal Leaves Image Datasets\Datasets_Plant\Amruta_Balli\2502.jpg,Amruta_Balli,Amruthaballi,whole_plant,train
C:\Users\hardi\Downloads\medicinal plants detection\dataset\Indian Medicinal Leaves Image Datasets\Datasets_Plant\Amruta_Balli\2518.jpg,Amruta_Balli,Amruthaballi,whole_plant,train
C:\Users\hardi\Downloads\medicinal plants detection\dataset\Indian Medicinal Leaves Image Datasets\Datasets_Plant\Amruta_Balli\2494.jpg,Amruta_Balli,Amruthaballi,whole_plant,train
C:\Users\hardi\Downloads\medicinal plants detection\dataset\Indian Medicinal Leaves Image Datasets\Datasets_Plant\Amruta_Balli\2507.jpg,Amruta_Balli,Amruthaballi,whole_plant,train
C:\Users\hardi\Downloads\medicinal plants detection\dataset\Indian Medicinal Leaves Image Datasets\Datasets_Plant\Amruta_Balli\2482.jpg,Amruta_Balli,Amruthaballi,whole_plant,train
C:\Users\hardi\Downloads\medicinal plants detection\dataset\Indian Medicinal Leaves Image Datasets\Datasets_Plant\Amruta_Balli\2480.jpg,Amruta_Balli,Amruthaballi,whole_plant,train
C:\Users\hardi\Downloads\medicinal plants detection\dataset\Indian Medicinal Leaves Image Datasets\Datasets_Plant\Amruta_Balli\2526.jpg,Amruta_Balli,Amruthaballi,whole_plant,train
C:\Users\hardi\Downloads\medicinal plants detection\dataset\Indian Medicinal Leaves Image Datasets\Datasets_Plant\Amruta_Balli\2487.jpg,Amruta_Balli,Amruthaballi,whole_plant,train
C:\Users\hardi\Downloads\medicinal plants detection\dataset\Indian Medicinal Leaves Image Datasets\Datasets_Plant\Amruta_Balli\667.jpg,Amruta_Balli,Amruthaballi,whole_plant,train
C:\Users\hardi\Downloads\medicinal plants detection\dataset\Indian Medicinal Leaves Image Datasets\Datasets_Plant\Amruta_Balli\2419.jpg,Amruta_Balli,Amruthaballi,whole_plant,train
C:\Users\hardi\Downloads\medicinal plants detection\dataset\Indian Medicinal Leaves Image Datasets\Datasets_Plant\Amruta_Balli\2471.jpg,Amruta_Balli,Amruthaballi,whole_plant,train
C:\Users\hardi\Downloads\medicinal plants detection\dataset\Indian Medicinal Leaves Image Datasets\Datasets_Plant\Amruta_Balli\2441.jpg,Amruta_Balli,Amruthaballi,whole_plant,train
C:\Users\hardi\Downloads\medicinal plants detection\dataset\Indian Medicinal Leaves Image Datasets\Datasets_Plant\Amruta_Balli\2479.jpg,Amruta_Balli,Amruthaballi,whole_plant,train
C:\Users\hardi\Downloads\medicinal plants detection\dataset\Indian Medicinal Leaves Image Datasets\Datasets_Plant\Amruta_Balli\2432.jpg,Amruta_Balli,Amruthaballi,whole_plant,train
C:\Users\hardi\Downloads\medicinal plants detection\dataset\Indian Medicinal Leaves Image Datasets\Datasets_Plant\Amruta_Balli\674.jpg,Amruta_Balli,Amruthaballi,whole_plant,train
C:\Users\hardi\Downloads\medicinal plants detection\dataset\Indian Medicinal Leaves Image Datasets\Datasets_Plant\Amruta_Balli\154.jpg,Amruta_Balli,Amruthaballi,whole_plant,train
C:\Users\hardi\Downloads\medicinal plants detection\dataset\Indian Medicinal Leaves Image Datasets\Datasets_Plant\Amruta_Balli\2495.jpg,Amruta_Balli,Amruthaballi,whole_plant,train
C:\Users\hardi\Downloads\medicinal plants detection\dataset\Indian Medicinal Leaves Image Datasets\Datasets_Plant\Amruta_Balli\2410.jpg,Amruta_Balli,Amruthaballi,whole_plant,train
C:\Users\hardi\Downloads\medicinal plants detection\dataset\Indian Medicinal Leaves Image Datasets\Datasets_Plant\Amruta_Balli\2466.jpg,Amruta_Balli,Amruthaballi,whole_plant,train
C:\Users\hardi\Downloads\medicinal plants detection\dataset\Indian Medicinal Leaves Image Datasets\Datasets_Plant\Amruta_Balli\2454.jpg,Amruta_Balli,Amruthaballi,whole_plant,train
C:\Users\hardi\Downloads\medicinal plants detection\dataset\Indian Medicinal Leaves Image Datasets\Datasets_Plant\Amruta_Balli\149.jpg,Amruta_Balli,Amruthaballi,whole_plant,train
C:\Users\hardi\Downloads\medicinal plants detection\dataset\Indian Medicinal Leaves Image Datasets\Datasets_Plant\Amruta_Balli\2428.jpg,Amruta_Balli,Amruthaballi,whole_plant,train
C:\Users\hardi\Downloads\medicinal plants detection\dataset\Indian Medicinal Leaves Image Datasets\Datasets_Plant\Amruta_Balli\2524.jpg,Amruta_Balli,Amruthaballi,whole_plant,train
C:\Users\hardi\Downloads\medicinal plants detection\dataset\Indian Medicinal Leaves Image Datasets\Datasets_Plant\Amruta_Balli\2439.jpg,Amruta_Balli,Amruthaballi,whole_plant,train
C:\Users\hardi\Downloads\medicinal plants detection\dataset\Indian Medicinal Leaves Image Datasets\Datasets_Plant\Amruta_Balli\2440.jpg,Amruta_Balli,Amruthaballi,whole_plant,train
C:\Users\hardi\Downloads\medicinal plants detection\dataset\Indian Medicinal Leaves Image Datasets\Datasets_Plant\Amruta_Balli\156.jpg,Amruta_Balli,Amruthaballi,whole_plant,train
C:\Users\hardi\Downloads\medicinal plants detection\dataset\Indian Medicinal Leaves Image Datasets\Datasets_Plant\Amruta_Balli\2443.jpg,Amruta_Balli,Amruthaballi,whole_plant,train
C:\Users\hardi\Downloads\medicinal plants detection\dataset\Indian Medicinal Leaves Image Datasets\Datasets_Plant\Amruta_Balli\665.jpg,Amruta_Balli,Amruthaballi,whole_plant,train
C:\Users\hardi\Downloads\medicinal plants detection\dataset\Indian Medicinal Leaves Image Datasets\Datasets_Plant\Amruta_Balli\2408.jpg,Amruta_Balli,Amruthaballi,whole_plant,val
C:\Users\hardi\Downloads\medicinal plants detection\dataset\Indian Medicinal Leaves Image Datasets\Datasets_Plant\Amruta_Balli\2503.jpg,Amruta_Balli,Amruthaballi,whole_plant,val
C:\Users\hardi\Downloads\medicinal plants detection\dataset\Indian Medicinal Leaves Image Datasets\Datasets_Plant\Amruta_Balli\2508.jpg,Amruta_Balli,Amruthaballi,whole_plant,val
C:\Users\hardi\Downloads\medicinal plants detection\dataset\Indian Medicinal Leaves Image Datasets\Datasets_Plant\Amruta_Balli\664.jpg,Amruta_Balli,Amruthaballi,whole_plant,val
C:\Users\hardi\Downloads\medicinal plants detection\dataset\Indian Medicinal Leaves Image Datasets\Datasets_Plant\Amruta_Balli\2414.jpg,Amruta_Balli,Amruthaballi,whole_plant,val
C:\Users\hardi\Downloads\medicinal plants detection\dataset\Indian Medicinal Leaves Image Datasets\Datasets_Plant\Amruta_Balli\2511.jpg,Amruta_Balli,Amruthaballi,whole_plant,val
C:\Users\hardi\Downloads\medicinal plants detection\dataset\Indian Medicinal Leaves Image Datasets\Datasets_Plant\Amruta_Balli\2438.jpg,Amruta_Balli,Amruthaballi,whole_plant,val
C:\Users\hardi\Downloads\medicinal plants detection\dataset\Indian Medicinal Leaves Image Datasets\Datasets_Plant\Amruta_Balli\2450.jpg,Amruta_Balli,Amruthaballi,whole_plant,val
C:\Users\hardi\Downloads\medicinal plants detection\dataset\Indian Medicinal Leaves Image Datasets\Datasets_Plant\Amruta_Balli\2517.jpg,Amruta_Balli,Amruthaballi,whole_plant,val
C:\Users\hardi\Downloads\medicinal plants detection\dataset\Indian Medicinal Leaves Image Datasets\Datasets_Plant\Amruta_Balli\2415.jpg,Amruta_Balli,Amruthaballi,whole_plant,val
C:\Users\hardi\Downloads\medicinal plants detection\dataset\Indian Medicinal Leaves Image Datasets\Datasets_Plant\Amruta_Balli\668.jpg,Amruta_Balli,Amruthaballi,whole_plant,val
C:\Users\hardi\Downloads\medicinal plants detection\dataset\Indian Medicinal Leaves Image Datasets\Datasets_Plant\Amruta_Balli\2499.jpg,Amruta_Balli,Amruthaballi,whole_plant,val
C:\Users\hardi\Downloads\medicinal plants detection\dataset\Indian Medicinal Leaves Image Datasets\Datasets_Plant\Amruta_Balli\144.jpg,Amruta_Balli,Amruthaballi,whole_plant,val
C:\Users\hardi\Downloads\medicinal plants detection\dataset\Indian Medicinal Leaves Image Datasets\Datasets_Plant\Amruta_Balli\2505.jpg,Amruta_Balli,Amruthaballi,whole_plant,val
C:\Users\hardi\Downloads\medicinal plants detection\dataset\Indian Medicinal Leaves Image Datasets\Datasets_Plant\Amruta_Balli\671.jpg,Amruta_Balli,Amruthaballi,whole_plant,val
C:\Users\hardi\Downloads\medicinal plants detection\dataset\Indian Medicinal Leaves Image Datasets\Datasets_Plant\Amruta_Balli\2474.jpg,Amruta_Balli,Amruthaballi,whole_plant,val
C:\Users\hardi\Downloads\medicinal plants detection\dataset\Indian Medicinal Leaves Image Datasets\Datasets_Plant\Amruta_Balli\672.jpg,Amruta_Balli,Amruthaballi,whole_plant,val
C:\Users\hardi\Downloads\medicinal plants detection\dataset\Indian Medicinal Leaves Image Datasets\Datasets_Plant\Amruta_Balli\676.jpg,Amruta_Balli,Amruthaballi,whole_plant,val
C:\Users\hardi\Downloads\medicinal plants detection\dataset\Indian Medicinal Leaves Image Datasets\Datasets_Plant\Amruta_Balli\2449.jpg,Amruta_Balli,Amruthaballi,whole_plant,val
C:\Users\hardi\Downloads\medicinal plants detection\dataset\Indian Medicinal Leaves Image Datasets\Datasets_Plant\Amruta_Balli\2467.jpg,Amruta_Balli,Amruthaballi,whole_plant,val
C:\Users\hardi\Downloads\medicinal plants detection\dataset\Indian Medicinal Leaves Image Datasets\Datasets_Plant\Amruta_Balli\2490.jpg,Amruta_Balli,Amruthaballi,whole_plant,test
C:\Users\hardi\Downloads\medicinal plants detection\dataset\Indian Medicinal Leaves Image Datasets\Datasets_Plant\Amruta_Balli\2483.jpg,Amruta_Balli,Amruthaballi,whole_plant,test
C:\Users\hardi\Downloads\medicinal plants detection\dataset\Indian Medicinal Leaves Image Datasets\Datasets_Plant\Amruta_Balli\2493.jpg,Amruta_Balli,Amruthaballi,whole_plant,test
C:\Users\hardi\Downloads\medicinal plants detection\dataset\Indian Medicinal Leaves Image Datasets\Datasets_Plant\Amruta_Balli\2420.jpg,Amruta_Balli,Amruthaballi,whole_plant,test
C:\Users\hardi\Downloads\medicinal plants detection\dataset\Indian Medicinal Leaves Image Datasets\Datasets_Plant\Amruta_Balli\2469.jpg,Amruta_Balli,Amruthaballi,whole_plant,test
C:\Users\hardi\Downloads\medicinal plants detection\dataset\Indian Medicinal Leaves Image Datasets\Datasets_Plant\Amruta_Balli\666.jpg,Amruta_Balli,Amruthaballi,whole_plant,test
C:\Users\hardi\Downloads\medicinal plants detection\dataset\Indian Medicinal Leaves Image Datasets\Datasets_Plant\Amruta_Balli\2476.jpg,Amruta_Balli,Amruthaballi,whole_plant,test
C:\Users\hardi\Downloads\medicinal plants detection\dataset\Indian Medicinal Leaves Image Datasets\Datasets_Plant\Amruta_Balli\2460.jpg,Amruta_Balli,Amruthaballi,whole_plant,test
C:\Users\hardi\Downloads\medicinal plants detection\dataset\Indian Medicinal Leaves Image Datasets\Datasets_Plant\Amruta_Balli\2424.jpg,Amruta_Balli,Amruthaballi,whole_plant,test
C:\Users\hardi\Downloads\medicinal plants detection\dataset\Indian Medicinal Leaves Image Datasets\Datasets_Plant\Amruta_Balli\2422.jpg,Amruta_Balli,Amruthaballi,whole_plant,test
C:\Users\hardi\Downloads\medicinal plants detection\dataset\Indian Medicinal Leaves Image Datasets\Datasets_Plant\Amruta_Balli\155.jpg,Amruta_Balli,Amruthaballi,whole_plant,test
C:\Users\hardi\Downloads\medicinal plants detection\dataset\Indian Medicinal Leaves Image Datasets\Datasets_Plant\Amruta_Balli\147.jpg,Amruta_Balli,Amruthaballi,whole_plant,test
C:\Users\hardi\Downloads\medicinal plants detection\dataset\Indian Medicinal Leaves Image Datasets\Datasets_Plant\Amruta_Balli\152.jpg,Amruta_Balli,Amruthaballi,whole_plant,test
C:\Users\hardi\Downloads\medicinal plants detection\dataset\Indian Medicinal Leaves Image Datasets\Datasets_Plant\Amruta_Balli\2510.jpg,Amruta_Balli,Amruthaballi,whole_plant,test
C:\Users\hardi\Downloads\medicinal plants detection\dataset\Indian Medicinal Leaves Image Datasets\Datasets_Plant\Amruta_Balli\2417.jpg,Amruta_Balli,Amruthaballi,whole_plant,test
C:\Users\hardi\Downloads\medicinal plants detection\dataset\Indian Medicinal Leaves Image Datasets\Datasets_Plant\Amruta_Balli\2421.jpg,Amruta_Balli,Amruthaballi,whole_plant,test
C:\Users\hardi\Downloads\medicinal plants detection\dataset\Indian Medicinal Leaves Image Datasets\Datasets_Plant\Amruta_Balli\2430.jpg,Amruta_Balli,Amruthaballi,whole_plant,test
C:\Users\hardi\Downloads\medicinal plants detection\dataset\Indian Medicinal Leaves Image Datasets\Datasets_Plant\Amruta_Balli\2453.jpg,Amruta_Balli,Amruthaballi,whole_plant,test
C:\Users\hardi\Downloads\medicinal plants detection\dataset\Indian Medicinal Leaves Image Datasets\Datasets_Plant\Amruta_Balli\2458.jpg,Amruta_Balli,Amruthaballi,whole_plant,test
C:\Users\hardi\Downloads\medicinal plants detection\dataset\Indian Medicinal Leaves Image Datasets\Datasets_Plant\Amruta_Balli\2468.jpg,Amruta_Balli,Amruthaballi,whole_plant,test
C:\Users\hardi\Downloads\medicinal plants detection\dataset\Indian Medicinal Leaves Image Datasets\Datasets_Plant\Amruta_Balli\150.jpg,Amruta_Balli,Amruthaballi,whole_plant,test
C:\Users\hardi\Downloads\medicinal plants detection\dataset\Indian Medicinal Leaves Image Datasets\Datasets_Plant\Amruta_Balli\2423.jpg,Amruta_Balli,Amruthaballi,whole_plant,test
C:\Users\hardi\Downloads\medicinal plants detection\dataset\Indian Medicinal Leaves Image Datasets\Datasets_Plant\Arali\877.jpg,Arali,Arali,whole_plant,train
C:\Users\hardi\Downloads\medicinal plants detection\dataset\Indian Medicinal Leaves Image Datasets\Datasets_Plant\Arali\4373.jpg,Arali,Arali,whole_plant,train
C:\Users\hardi\Downloads\medicinal plants detection\dataset\Indian Medicinal Leaves Image Datasets\Datasets_Plant\Arali\4437.jpg,Arali,Arali,whole_plant,train
C:\Users\hardi\Downloads\medicinal plants detection\dataset\Indian Medicinal Leaves Image Datasets\Datasets_Plant\Arali\4406.jpg,Arali,Arali,whole_plant,train
C:\Users\hardi\Downloads\medicinal plants detection\dataset\Indian Medicinal Leaves Image Datasets\Datasets_Plant\Arali\4429.jpg,Arali,Arali,whole_plant,train
C:\Users\hardi\Downloads\medicinal plants detection\dataset\Indian Medicinal Leaves Image Datasets\Datasets_Plant\Arali\4468.jpg,Arali,Arali,whole_plant,train
C:\Users\hardi\Downloads\medicinal plants detection\dataset\Indian Medicinal Leaves Image Datasets\Datasets_Plant\Arali\4485.jpg,Arali,Arali,whole_plant,train
C:\Users\hardi\Downloads\medicinal plants detection\dataset\Indian Medicinal Leaves Image Datasets\Datasets_Plant\Arali\4385.jpg,Arali,Arali,whole_plant,train
C:\Users\hardi\Downloads\medicinal plants detection\dataset\Indian Medicinal Leaves Image Datasets\Datasets_Plant\Arali\873.jpg,Arali,Arali,whole_plant,train
C:\Users\hardi\Downloads\medicinal plants detection\dataset\Indian Medicinal Leaves Image Datasets\Datasets_Plant\Arali\4476.jpg,Arali,Arali,whole_plant,train
C:\Users\hardi\Downloads\medicinal plants detection\dataset\Indian Medicinal Leaves Image Datasets\Datasets_Plant\Arali\4427.jpg,Arali,Arali,whole_plant,train
C:\Users\hardi\Downloads\medicinal plants detection\dataset\Indian Medicinal Leaves Image Datasets\Datasets_Plant\Arali\4424.jpg,Arali,Arali,whole_plant,train
C:\Users\hardi\Downloads\medicinal plants detection\dataset\Indian Medicinal Leaves Image Datasets\Datasets_Plant\Arali\881.jpg,Arali,Arali,whole_plant,train
C:\Users\hardi\Downloads\medicinal plants detection\dataset\Indian Medicinal Leaves Image Datasets\Datasets_Plant\Arali\4393.jpg,Arali,Arali,whole_plant,train
C:\Users\hardi\Downloads\medicinal plants detection\dataset\Indian Medicinal Leaves Image Datasets\Datasets_Plant\Arali\4438.jpg,Arali,Arali,whole_plant,train
C:\Users\hardi\Downloads\medicinal plants detection\dataset\Indian Medicinal Leaves Image Datasets\Datasets_Plant\Arali\4387.jpg,Arali,Arali,whole_plant,train
C:\Users\hardi\Downloads\medicinal plants detection\dataset\Indian Medicinal Leaves Image Datasets\Datasets_Plant\Arali\4447.jpg,Arali,Arali,whole_plant,train
C:\Users\hardi\Downloads\medicinal plants detection\dataset\Indian Medicinal Leaves Image Datasets\Datasets_Plant\Arali\4416.jpg,Arali,Arali,whole_plant,train
C:\Users\hardi\Downloads\medicinal plants detection\dataset\Indian Medicinal Leaves Image Datasets\Datasets_Plant\Arali\4397.jpg,Arali,Arali,whole_plant,train
C:\Users\hardi\Downloads\medicinal plants detection\dataset\Indian Medicinal Leaves Image Datasets\Datasets_Plant\Arali\4441.jpg,Arali,Arali,whole_plant,train
C:\Users\hardi\Downloads\medicinal plants detection\dataset\Indian Medicinal Leaves Image Datasets\Datasets_Plant\Arali\4481.jpg,Arali,Arali,whole_plant,train
C:\Users\hardi\Downloads\medicinal plants detection\dataset\Indian Medicinal Leaves Image Datasets\Datasets_Plant\Arali\884.jpg,Arali,Arali,whole_plant,train
C:\Users\hardi\Downloads\medicinal plants detection\dataset\Indian Medicinal Leaves Image Datasets\Datasets_Plant\Arali\4407.jpg,Arali,Arali,whole_plant,train
C:\Users\hardi\Downloads\medicinal plants detection\dataset\Indian Medicinal Leaves Image Datasets\Datasets_Plant\Arali\353.jpg,Arali,Arali,whole_plant,train
C:\Users\hardi\Downloads\medicinal plants detection\dataset\Indian Medicinal Leaves Image Datasets\Datasets_Plant\Arali\4443.jpg,Arali,Arali,whole_plant,train
C:\Users\hardi\Downloads\medicinal plants detection\dataset\Indian Medicinal Leaves Image Datasets\Datasets_Plant\Arali\4486.jpg,Arali,Arali,whole_plant,train
C:\Users\hardi\Downloads\medicinal plants detection\dataset\Indian Medicinal Leaves Image Datasets\Datasets_Plant\Arali\4418.jpg,Arali,Arali,whole_plant,train
C:\Users\hardi\Downloads\medicinal plants detection\dataset\Indian Medicinal Leaves Image Datasets\Datasets_Plant\Arali\4457.jpg,Arali,Arali,whole_plant,train
C:\Users\hardi\Downloads\medicinal plants detection\dataset\Indian Medicinal Leaves Image Datasets\Datasets_Plant\Arali\4431.jpg,Arali,Arali,whole_plant,train
C:\Users\hardi\Downloads\medicinal plants detection\dataset\Indian Medicinal Leaves Image Datasets\Datasets_Plant\Arali\874.jpg,Arali,Arali,whole_plant,train
C:\Users\hardi\Downloads\medicinal plants detection\dataset\Indian Medicinal Leaves Image Datasets\Datasets_Plant\Arali\876.jpg,Arali,Arali,whole_plant,train
C:\Users\hardi\Downloads\medicinal plants detection\dataset\Indian Medicinal Leaves Image Datasets\Datasets_Plant\Arali\4394.jpg,Arali,Arali,whole_plant,train
C:\Users\hardi\Downloads\medicinal plants detection\dataset\Indian Medicinal Leaves Image Datasets\Datasets_Plant\Arali\4467.jpg,Arali,Arali,whole_plant,train
C:\Users\hardi\Downloads\medicinal plants detection\dataset\Indian Medicinal Leaves Image Datasets\Datasets_Plant\Arali\4415.jpg,Arali,Arali,whole_plant,train
C:\Users\hardi\Downloads\medicinal plants detection\dataset\Indian Medicinal Leaves Image Datasets\Datasets_Plant\Arali\4477.jpg,Arali,Arali,whole_plant,train
C:\Users\hardi\Downloads\medicinal plants detection\dataset\Indian Medicinal Leaves Image Datasets\Datasets_Plant\Arali\4442.jpg,Arali,Arali,whole_plant,train
C:\Users\hardi\Downloads\medicinal plants detection\dataset\Indian Medicinal Leaves Image Datasets\Datasets_Plant\Arali\4371.jpg,Arali,Arali,whole_plant,train
C:\Users\hardi\Downloads\medicinal plants detection\dataset\Indian Medicinal Leaves Image Datasets\Datasets_Plant\Arali\4449.jpg,Arali,Arali,whole_plant,train
C:\Users\hardi\Downloads\medicinal plants detection\dataset\Indian Medicinal Leaves Image Datasets\Datasets_Plant\Arali\4436.jpg,Arali,Arali,whole_plant,train
C:\Users\hardi\Downloads\medicinal plants detection\dataset\Indian Medicinal Leaves Image Datasets\Datasets_Plant\Arali\4419.jpg,Arali,Arali,whole_plant,train
C:\Users\hardi\Downloads\medicinal plants detection\dataset\Indian Medicinal Leaves Image Datasets\Datasets_Plant\Arali\4422.jpg,Arali,Arali,whole_plant,train
C:\Users\hardi\Downloads\medicinal plants detection\dataset\Indian Medicinal Leaves Image Datasets\Datasets_Plant\Arali\4396.jpg,Arali,Arali,whole_plant,train
C:\Users\hardi\Downloads\medicinal plants detection\dataset\Indian Medicinal Leaves Image Datasets\Datasets_Plant\Arali\4472.jpg,Arali,Arali,whole_plant,train
C:\Users\hardi\Downloads\medicinal plants detection\dataset\Indian Medicinal Leaves Image Datasets\Datasets_Plant\Arali\872.jpg,Arali,Arali,whole_plant,train
C:\Users\hardi\Downloads\medicinal plants detection\dataset\Indian Medicinal Leaves Image Datasets\Datasets_Plant\Arali\4391.jpg,Arali,Arali,whole_plant,train
C:\Users\hardi\Downloads\medicinal plants detection\dataset\Indian Medicinal Leaves Image Datasets\Datasets_Plant\Arali\4464.jpg,Arali,Arali,whole_plant,train
C:\Users\hardi\Downloads\medicinal plants detection\dataset\Indian Medicinal Leaves Image Datasets\Datasets_Plant\Arali\356.jpg,Arali,Arali,whole_plant,train
C:\Users\hardi\Downloads\medicinal plants detection\dataset\Indian Medicinal Leaves Image Datasets\Datasets_Plant\Arali\4372.jpg,Arali,Arali,whole_plant,train
C:\Users\hardi\Downloads\medicinal plants detection\dataset\Indian Medicinal Leaves Image Datasets\Datasets_Plant\Arali\4380.jpg,Arali,Arali,whole_plant,train
C:\Users\hardi\Downloads\medicinal plants detection\dataset\Indian Medicinal Leaves Image Datasets\Datasets_Plant\Arali\4482.jpg,Arali,Arali,whole_plant,train
C:\Users\hardi\Downloads\medicinal plants detection\dataset\Indian Medicinal Leaves Image Datasets\Datasets_Plant\Arali\354.jpg,Arali,Arali,whole_plant,train
C:\Users\hardi\Downloads\medicinal plants detection\dataset\Indian Medicinal Leaves Image Datasets\Datasets_Plant\Arali\4474.jpg,Arali,Arali,whole_plant,train
C:\Users\hardi\Downloads\medicinal plants detection\dataset\Indian Medicinal Leaves Image Datasets\Datasets_Plant\Arali\355.jpg,Arali,Arali,whole_plant,train
C:\Users\hardi\Downloads\medicinal plants detection\dataset\Indian Medicinal Leaves Image Datasets\Datasets_Plant\Arali\4471.jpg,Arali,Arali,whole_plant,train
C:\Users\hardi\Downloads\medicinal plants detection\dataset\Indian Medicinal Leaves Image Datasets\Datasets_Plant\Arali\4404.jpg,Arali,Arali,whole_plant,train
C:\Users\hardi\Downloads\medicinal plants detection\dataset\Indian Medicinal Leaves Image Datasets\Datasets_Plant\Arali\4408.jpg,Arali,Arali,whole_plant,train
C:\Users\hardi\Downloads\medicinal plants detection\dataset\Indian Medicinal Leaves Image Datasets\Datasets_Plant\Arali\4421.jpg,Arali,Arali,whole_plant,train
C:\Users\hardi\Downloads\medicinal plants detection\dataset\Indian Medicinal Leaves Image Datasets\Datasets_Plant\Arali\4465.jpg,Arali,Arali,whole_plant,train
C:\Users\hardi\Downloads\medicinal plants detection\dataset\Indian Medicinal Leaves Image Datasets\Datasets_Plant\Arali\4369.jpg,Arali,Arali,whole_plant,train
C:\Users\hardi\Downloads\medicinal plants detection\dataset\Indian Medicinal Leaves Image Datasets\Datasets_Plant\Arali\4433.jpg,Arali,Arali,whole_plant,train
C:\Users\hardi\Downloads\medicinal plants detection\dataset\Indian Medicinal Leaves Image Datasets\Datasets_Plant\Arali\4459.jpg,Arali,Arali,whole_plant,train
C:\Users\hardi\Downloads\medicinal plants detection\dataset\Indian Medicinal Leaves Image Datasets\Datasets_Plant\Arali\4395.jpg,Arali,Arali,whole_plant,train
C:\Users\hardi\Downloads\medicinal plants detection\dataset\Indian Medicinal Leaves Image Datasets\Datasets_Plant\Arali\4420.jpg,Arali,Arali,whole_plant,train
C:\Users\hardi\Downloads\medicinal plants detection\dataset\Indian Medicinal Leaves Image Datasets\Datasets_Plant\Arali\4426.jpg,Arali,Arali,whole_plant,train
C:\Users\hardi\Downloads\medicinal plants detection\dataset\Indian Medicinal Leaves Image Datasets\Datasets_Plant\Arali\4446.jpg,Arali,Arali,whole_plant,train
C:\Users\hardi\Downloads\medicinal plants detection\dataset\Indian Medicinal Leaves Image Datasets\Datasets_Plant\Arali\4487.jpg,Arali,Arali,whole_plant,train
C:\Users\hardi\Downloads\medicinal plants detection\dataset\Indian Medicinal Leaves Image Datasets\Datasets_Plant\Arali\4480.jpg,Arali,Arali,whole_plant,train
C:\Users\hardi\Downloads\medicinal plants detection\dataset\Indian Medicinal Leaves Image Datasets\Datasets_Plant\Arali\4386.jpg,Arali,Arali,whole_plant,train
C:\Users\hardi\Downloads\medicinal plants detection\dataset\Indian Medicinal Leaves Image Datasets\Datasets_Plant\Arali\4453.jpg,Arali,Arali,whole_plant,train
C:\Users\hardi\Downloads\medicinal plants detection\dataset\Indian Medicinal Leaves Image Datasets\Datasets_Plant\Arali\4376.jpg,Arali,Arali,whole_plant,train
C:\Users\hardi\Downloads\medicinal plants detection\dataset\Indian Medicinal Leaves Image Datasets\Datasets_Plant\Arali\361.jpg,Arali,Arali,whole_plant,train
C:\Users\hardi\Downloads\medicinal plants detection\dataset\Indian Medicinal Leaves Image Datasets\Datasets_Plant\Arali\4389.jpg,Arali,Arali,whole_plant,train
C:\Users\hardi\Downloads\medicinal plants detection\dataset\Indian Medicinal Leaves Image Datasets\Datasets_Plant\Arali\878.jpg,Arali,Arali,whole_plant,train
C:\Users\hardi\Downloads\medicinal plants detection\dataset\Indian Medicinal Leaves Image Datasets\Datasets_Plant\Arali\4460.jpg,Arali,Arali,whole_plant,train
C:\Users\hardi\Downloads\medicinal plants detection\dataset\Indian Medicinal Leaves Image Datasets\Datasets_Plant\Arali\4402.jpg,Arali,Arali,whole_plant,train
C:\Users\hardi\Downloads\medicinal plants detection\dataset\Indian Medicinal Leaves Image Datasets\Datasets_Plant\Arali\4473.jpg,Arali,Arali,whole_plant,train
C:\Users\hardi\Downloads\medicinal plants detection\dataset\Indian Medicinal Leaves Image Datasets\Datasets_Plant\Arali\4445.jpg,Arali,Arali,whole_plant,train
C:\Users\hardi\Downloads\medicinal plants detection\dataset\Indian Medicinal Leaves Image Datasets\Datasets_Plant\Arali\4454.jpg,Arali,Arali,whole_plant,train
C:\Users\hardi\Downloads\medicinal plants detection\dataset\Indian Medicinal Leaves Image Datasets\Datasets_Plant\Arali\4469.jpg,Arali,Arali,whole_plant,train
C:\Users\hardi\Downloads\medicinal plants detection\dataset\Indian Medicinal Leaves Image Datasets\Datasets_Plant\Arali\4451.jpg,Arali,Arali,whole_plant,train
C:\Users\hardi\Downloads\medicinal plants detection\dataset\Indian Medicinal Leaves Image Datasets\Datasets_Plant\Arali\4461.jpg,Arali,Arali,whole_plant,train
C:\Users\hardi\Downloads\medicinal plants detection\dataset\Indian Medicinal Leaves Image Datasets\Datasets_Plant\Arali\4440.jpg,Arali,Arali,whole_plant,train
C:\Users\hardi\Downloads\medicinal plants detection\dataset\Indian Medicinal Leaves Image Datasets\Datasets_Plant\Arali\4450.jpg,Arali,Arali,whole_plant,train
C:\Users\hardi\Downloads\medicinal plants detection\dataset\Indian Medicinal Leaves Image Datasets\Datasets_Plant\Arali\4455.jpg,Arali,Arali,whole_plant,train
C:\Users\hardi\Downloads\medicinal plants detection\dataset\Indian Medicinal Leaves Image Datasets\Datasets_Plant\Arali\4384.jpg,Arali,Arali,whole_plant,train
C:\Users\hardi\Downloads\medicinal plants detection\dataset\Indian Medicinal Leaves Image Datasets\Datasets_Plant\Arali\4439.jpg,Arali,Arali,whole_plant,train
C:\Users\hardi\Downloads\medicinal plants detection\dataset\Indian Medicinal Leaves Image Datasets\Datasets_Plant\Arali\4456.jpg,Arali,Arali,whole_plant,train
C:\Users\hardi\Downloads\medicinal plants detection\dataset\Indian Medicinal Leaves Image Datasets\Datasets_Plant\Arali\875.jpg,Arali,Arali,whole_plant,train
C:\Users\hardi\Downloads\medicinal plants detection\dataset\Indian Medicinal Leaves Image Datasets\Datasets_Plant\Arali\4379.jpg,Arali,Arali,whole_plant,train
C:\Users\hardi\Downloads\medicinal plants detection\dataset\Indian Medicinal Leaves Image Datasets\Datasets_Plant\Arali\4428.jpg,Arali,Arali,whole_plant,train
C:\Users\hardi\Downloads\medicinal plants detection\dataset\Indian Medicinal Leaves Image Datasets\Datasets_Plant\Arali\4401.jpg,Arali,Arali,whole_plant,train
C:\Users\hardi\Downloads\medicinal plants detection\dataset\Indian Medicinal Leaves Image Datasets\Datasets_Plant\Arali\4434.jpg,Arali,Arali,whole_plant,train
C:\Users\hardi\Downloads\medicinal plants detection\dataset\Indian Medicinal Leaves Image Datasets\Datasets_Plant\Arali\4435.jpg,Arali,Arali,whole_plant,train
C:\Users\hardi\Downloads\medicinal plants detection\dataset\Indian Medicinal Leaves Image Datasets\Datasets_Plant\Arali\4392.jpg,Arali,Arali,whole_plant,train
C:\Users\hardi\Downloads\medicinal plants detection\dataset\Indian Medicinal Leaves Image Datasets\Datasets_Plant\Arali\882.jpg,Arali,Arali,whole_plant,train
C:\Users\hardi\Downloads\medicinal plants detection\dataset\Indian Medicinal Leaves Image Datasets\Datasets_Plant\Arali\362.jpg,Arali,Arali,whole_plant,train
C:\Users\hardi\Downloads\medicinal plants detection\dataset\Indian Medicinal Leaves Image Datasets\Datasets_Plant\Arali\4483.jpg,Arali,Arali,whole_plant,train
C:\Users\hardi\Downloads\medicinal plants detection\dataset\Indian Medicinal Leaves Image Datasets\Datasets_Plant\Arali\4370.jpg,Arali,Arali,whole_plant,train
C:\Users\hardi\Downloads\medicinal plants detection\dataset\Indian Medicinal Leaves Image Datasets\Datasets_Plant\Arali\4423.jpg,Arali,Arali,whole_plant,train
C:\Users\hardi\Downloads\medicinal plants detection\dataset\Indian Medicinal Leaves Image Datasets\Datasets_Plant\Arali\4413.jpg,Arali,Arali,whole_plant,train
C:\Users\hardi\Downloads\medicinal plants detection\dataset\Indian Medicinal Leaves Image Datasets\Datasets_Plant\Arali\4448.jpg,Arali,Arali,whole_plant,train
C:\Users\hardi\Downloads\medicinal plants detection\dataset\Indian Medicinal Leaves Image Datasets\Datasets_Plant\Arali\357.jpg,Arali,Arali,whole_plant,train
C:\Users\hardi\Downloads\medicinal plants detection\dataset\Indian Medicinal Leaves Image Datasets\Datasets_Plant\Arali\4388.jpg,Arali,Arali,whole_plant,val
C:\Users\hardi\Downloads\medicinal plants detection\dataset\Indian Medicinal Leaves Image Datasets\Datasets_Plant\Arali\4432.jpg,Arali,Arali,whole_plant,val
C:\Users\hardi\Downloads\medicinal plants detection\dataset\Indian Medicinal Leaves Image Datasets\Datasets_Plant\Arali\4399.jpg,Arali,Arali,whole_plant,val
C:\Users\hardi\Downloads\medicinal plants detection\dataset\Indian Medicinal Leaves Image Datasets\Datasets_Plant\Arali\4400.jpg,Arali,Arali,whole_plant,val
C:\Users\hardi\Downloads\medicinal plants detection\dataset\Indian Medicinal Leaves Image Datasets\Datasets_Plant\Arali\364.jpg,Arali,Arali,whole_plant,val
C:\Users\hardi\Downloads\medicinal plants detection\dataset\Indian Medicinal Leaves Image Datasets\Datasets_Plant\Arali\4403.jpg,Arali,Arali,whole_plant,val
C:\Users\hardi\Downloads\medicinal plants detection\dataset\Indian Medicinal Leaves Image Datasets\Datasets_Plant\Arali\363.jpg,Arali,Arali,whole_plant,val
C:\Users\hardi\Downloads\medicinal plants detection\dataset\Indian Medicinal Leaves Image Datasets\Datasets_Plant\Arali\4368.jpg,Arali,Arali,whole_plant,val
C:\Users\hardi\Downloads\medicinal plants detection\dataset\Indian Medicinal Leaves Image Datasets\Datasets_Plant\Arali\4470.jpg,Arali,Arali,whole_plant,val
C:\Users\hardi\Downloads\medicinal plants detection\dataset\Indian Medicinal Leaves Image Datasets\Datasets_Plant\Arali\4475.jpg,Arali,Arali,whole_plant,val
C:\Users\hardi\Downloads\medicinal plants detection\dataset\Indian Medicinal Leaves Image Datasets\Datasets_Plant\Arali\4382.jpg,Arali,Arali,whole_plant,val
C:\Users\hardi\Downloads\medicinal plants detection\dataset\Indian Medicinal Leaves Image Datasets\Datasets_Plant\Arali\4374.jpg,Arali,Arali,whole_plant,val
C:\Users\hardi\Downloads\medicinal plants detection\dataset\Indian Medicinal Leaves Image Datasets\Datasets_Plant\Arali\4479.jpg,Arali,Arali,whole_plant,val
C:\Users\hardi\Downloads\medicinal plants detection\dataset\Indian Medicinal Leaves Image Datasets\Datasets_Plant\Arali\4398.jpg,Arali,Arali,whole_plant,val
C:\Users\hardi\Downloads\medicinal plants detection\dataset\Indian Medicinal Leaves Image Datasets\Datasets_Plant\Arali\4409.jpg,Arali,Arali,whole_plant,val
C:\Users\hardi\Downloads\medicinal plants detection\dataset\Indian Medicinal Leaves Image Datasets\Datasets_Plant\Arali\4444.jpg,Arali,Arali,whole_plant,val
C:\Users\hardi\Downloads\medicinal plants detection\dataset\Indian Medicinal Leaves Image Datasets\Datasets_Plant\Arali\4375.jpg,Arali,Arali,whole_plant,val
C:\Users\hardi\Downloads\medicinal plants detection\dataset\Indian Medicinal Leaves Image Datasets\Datasets_Plant\Arali\4478.jpg,Arali,Arali,whole_plant,val
C:\Users\hardi\Downloads\medicinal plants detection\dataset\Indian Medicinal Leaves Image Datasets\Datasets_Plant\Arali\4452.jpg,Arali,Arali,whole_plant,val
C:\Users\hardi\Downloads\medicinal plants detection\dataset\Indian Medicinal Leaves Image Datasets\Datasets_Plant\Arali\352.jpg,Arali,Arali,whole_plant,val
C:\Users\hardi\Downloads\medicinal plants detection\dataset\Indian Medicinal Leaves Image Datasets\Datasets_Plant\Arali\4466.jpg,Arali,Arali,whole_plant,val
C:\Users\hardi\Downloads\medicinal plants detection\dataset\Indian Medicinal Leaves Image Datasets\Datasets_Plant\Arali\4458.jpg,Arali,Arali,whole_plant,test
C:\Users\hardi\Downloads\medicinal plants detection\dataset\Indian Medicinal Leaves Image Datasets\Datasets_Plant\Arali\879.jpg,Arali,Arali,whole_plant,test
C:\Users\hardi\Downloads\medicinal plants detection\dataset\Indian Medicinal Leaves Image Datasets\Datasets_Plant\Arali\4430.jpg,Arali,Arali,whole_plant,test
C:\Users\hardi\Downloads\medicinal plants detection\dataset\Indian Medicinal Leaves Image Datasets\Datasets_Plant\Arali\880.jpg,Arali,Arali,whole_plant,test
C:\Users\hardi\Downloads\medicinal plants detection\dataset\Indian Medicinal Leaves Image Datasets\Datasets_Plant\Arali\4411.jpg,Arali,Arali,whole_plant,test
C:\Users\hardi\Downloads\medicinal plants detection\dataset\Indian Medicinal Leaves Image Datasets\Datasets_Plant\Arali\4462.jpg,Arali,Arali,whole_plant,test
C:\Users\hardi\Downloads\medicinal plants detection\dataset\Indian Medicinal Leaves Image Datasets\Datasets_Plant\Arali\4405.jpg,Arali,Arali,whole_plant,test
C:\Users\hardi\Downloads\medicinal plants detection\dataset\Indian Medicinal Leaves Image Datasets\Datasets_Plant\Arali\883.jpg,Arali,Arali,whole_plant,test
C:\Users\hardi\Downloads\medicinal plants detection\dataset\Indian Medicinal Leaves Image Datasets\Datasets_Plant\Arali\4484.jpg,Arali,Arali,whole_plant,test
C:\Users\hardi\Downloads\medicinal plants detection\dataset\Indian Medicinal Leaves Image Datasets\Datasets_Plant\Arali\4414.jpg,Arali,Arali,whole_plant,test
C:\Users\hardi\Downloads\medicinal plants detection\dataset\Indian Medicinal Leaves Image Datasets\Datasets_Plant\Arali\4410.jpg,Arali,Arali,whole_plant,test
C:\Users\hardi\Downloads\medicinal plants detection\dataset\Indian Medicinal Leaves Image Datasets\Datasets_Plant\Arali\4378.jpg,Arali,Arali,whole_plant,test
C:\Users\hardi\Downloads\medicinal plants detection\dataset\Indian Medicinal Leaves Image Datasets\Datasets_Plant\Arali\359.jpg,Arali,Arali,whole_plant,test
C:\Users\hardi\Downloads\medicinal plants detection\dataset\Indian Medicinal Leaves Image Datasets\Datasets_Plant\Arali\360.jpg,Arali,Arali,whole_plant,test
C:\Users\hardi\Downloads\medicinal plants detection\dataset\Indian Medicinal Leaves Image Datasets\Datasets_Plant\Arali\4463.jpg,Arali,Arali,whole_plant,test
C:\Users\hardi\Downloads\medicinal plants detection\dataset\Indian Medicinal Leaves Image Datasets\Datasets_Plant\Arali\4377.jpg,Arali,Arali,whole_plant,test
C:\Users\hardi\Downloads\medicinal plants detection\dataset\Indian Medicinal Leaves Image Datasets\Datasets_Plant\Arali\4381.jpg,Arali,Arali,whole_plant,test
C:\Users\hardi\Downloads\medicinal plants detection\dataset\Indian Medicinal Leaves Image Datasets\Datasets_Plant\Arali\4390.jpg,Arali,Arali,whole_plant,test
C:\Users\hardi\Downloads\medicinal plants detection\dataset\Indian Medicinal Leaves Image Datasets\Datasets_Plant\Arali\4412.jpg,Arali,Arali,whole_plant,test
C:\Users\hardi\Downloads\medicinal plants detection\dataset\Indian Medicinal Leaves Image Datasets\Datasets_Plant\Arali\4417.jpg,Arali,Arali,whole_plant,test
C:\Users\hardi\Downloads\medicinal plants detection\dataset\Indian Medicinal Leaves Image Datasets\Datasets_Plant\Arali\4425.jpg,Arali,Arali,whole_plant,test
C:\Users\hardi\Downloads\medicinal plants detection\dataset\Indian Medicinal Leaves Image Datasets\Datasets_Plant\Arali\358.jpg,Arali,Arali,whole_plant,test
C:\Users\hardi\Downloads\medicinal plants detection\dataset\Indian Medicinal Leaves Image Datasets\Datasets_Plant\Arali\4383.jpg,Arali,Arali,whole_plant,test
C:\Users\hardi\Downloads\medicinal plants detection\dataset\Indian Medicinal Leaves Image Datasets\Datasets_Plant\Ashoka\565.jpg,Ashoka,Ashoka,whole_plant,train
C:\Users\hardi\Downloads\medicinal plants detection\dataset\Indian Medicinal Leaves Image Datasets\Datasets_Plant\Ashoka\1438.jpg,Ashoka,Ashoka,whole_plant,train
C:\Users\hardi\Downloads\medicinal plants detection\dataset\Indian Medicinal Leaves Image Datasets\Datasets_Plant\Ashoka\1502.jpg,Ashoka,Ashoka,whole_plant,train
C:\Users\hardi\Downloads\medicinal plants detection\dataset\Indian Medicinal Leaves Image Datasets\Datasets_Plant\Ashoka\1471.jpg,Ashoka,Ashoka,whole_plant,train
C:\Users\hardi\Downloads\medicinal plants detection\dataset\Indian Medicinal Leaves Image Datasets\Datasets_Plant\Ashoka\1494.jpg,Ashoka,Ashoka,whole_plant,train
C:\Users\hardi\Downloads\medicinal plants detection\dataset\Indian Medicinal Leaves Image Datasets\Datasets_Plant\Ashoka\1533.jpg,Ashoka,Ashoka,whole_plant,train
C:\Users\hardi\Downloads\medicinal plants detection\dataset\Indian Medicinal Leaves Image Datasets\Datasets_Plant\Ashoka\50.jpg,Ashoka,Ashoka,whole_plant,train
C:\Users\hardi\Downloads\medicinal plants detection\dataset\Indian Medicinal Leaves Image Datasets\Datasets_Plant\Ashoka\1450.jpg,Ashoka,Ashoka,whole_plant,train
C:\Users\hardi\Downloads\medicinal plants detection\dataset\Indian Medicinal Leaves Image Datasets\Datasets_Plant\Ashoka\561.jpg,Ashoka,Ashoka,whole_plant,train
C:\Users\hardi\Downloads\medicinal plants detection\dataset\Indian Medicinal Leaves Image Datasets\Datasets_Plant\Ashoka\41.jpg,Ashoka,Ashoka,whole_plant,train
C:\Users\hardi\Downloads\medicinal plants detection\dataset\Indian Medicinal Leaves Image Datasets\Datasets_Plant\Ashoka\1492.jpg,Ashoka,Ashoka,whole_plant,train
C:\Users\hardi\Downloads\medicinal plants detection\dataset\Indian Medicinal Leaves Image Datasets\Datasets_Plant\Ashoka\1489.jpg,Ashoka,Ashoka,whole_plant,train
C:\Users\hardi\Downloads\medicinal plants detection\dataset\Indian Medicinal Leaves Image Datasets\Datasets_Plant\Ashoka\569.jpg,Ashoka,Ashoka,whole_plant,train
C:\Users\hardi\Downloads\medicinal plants detection\dataset\Indian Medicinal Leaves Image Datasets\Datasets_Plant\Ashoka\1458.jpg,Ashoka,Ashoka,whole_plant,train
C:\Users\hardi\Downloads\medicinal plants detection\dataset\Indian Medicinal Leaves Image Datasets\Datasets_Plant\Ashoka\1503.jpg,Ashoka,Ashoka,whole_plant,train
C:\Users\hardi\Downloads\medicinal plants detection\dataset\Indian Medicinal Leaves Image Datasets\Datasets_Plant\Ashoka\1452.jpg,Ashoka,Ashoka,whole_plant,train
C:\Users\hardi\Downloads\medicinal plants detection\dataset\Indian Medicinal Leaves Image Datasets\Datasets_Plant\Ashoka\1512.jpg,Ashoka,Ashoka,whole_plant,train
C:\Users\hardi\Downloads\medicinal plants detection\dataset\Indian Medicinal Leaves Image Datasets\Datasets_Plant\Ashoka\1481.jpg,Ashoka,Ashoka,whole_plant,train
C:\Users\hardi\Downloads\medicinal plants detection\dataset\Indian Medicinal Leaves Image Datasets\Datasets_Plant\Ashoka\1462.jpg,Ashoka,Ashoka,whole_plant,train
C:\Users\hardi\Downloads\medicinal plants detection\dataset\Indian Medicinal Leaves Image Datasets\Datasets_Plant\Ashoka\1506.jpg,Ashoka,Ashoka,whole_plant,train
C:\Users\hardi\Downloads\medicinal plants detection\dataset\Indian Medicinal Leaves Image Datasets\Datasets_Plant\Ashoka\46.jpg,Ashoka,Ashoka,whole_plant,train
C:\Users\hardi\Downloads\medicinal plants detection\dataset\Indian Medicinal Leaves Image Datasets\Datasets_Plant\Ashoka\572.jpg,Ashoka,Ashoka,whole_plant,train
C:\Users\hardi\Downloads\medicinal plants detection\dataset\Indian Medicinal Leaves Image Datasets\Datasets_Plant\Ashoka\1472.jpg,Ashoka,Ashoka,whole_plant,train
C:\Users\hardi\Downloads\medicinal plants detection\dataset\Indian Medicinal Leaves Image Datasets\Datasets_Plant\Ashoka\1421.jpg,Ashoka,Ashoka,whole_plant,train
C:\Users\hardi\Downloads\medicinal plants detection\dataset\Indian Medicinal Leaves Image Datasets\Datasets_Plant\Ashoka\1508.jpg,Ashoka,Ashoka,whole_plant,train
C:\Users\hardi\Downloads\medicinal plants detection\dataset\Indian Medicinal Leaves Image Datasets\Datasets_Plant\Ashoka\51.jpg,Ashoka,Ashoka,whole_plant,train
C:\Users\hardi\Downloads\medicinal plants detection\dataset\Indian Medicinal Leaves Image Datasets\Datasets_Plant\Ashoka\1483.jpg,Ashoka,Ashoka,whole_plant,train
C:\Users\hardi\Downloads\medicinal plants detection\dataset\Indian Medicinal Leaves Image Datasets\Datasets_Plant\Ashoka\1522.jpg,Ashoka,Ashoka,whole_plant,train
C:\Users\hardi\Downloads\medicinal plants detection\dataset\Indian Medicinal Leaves Image Datasets\Datasets_Plant\Ashoka\1496.jpg,Ashoka,Ashoka,whole_plant,train
C:\Users\hardi\Downloads\medicinal plants detection\dataset\Indian Medicinal Leaves Image Datasets\Datasets_Plant\Ashoka\562.jpg,Ashoka,Ashoka,whole_plant,train
C:\Users\hardi\Downloads\medicinal plants detection\dataset\Indian Medicinal Leaves Image Datasets\Datasets_Plant\Ashoka\564.jpg,Ashoka,Ashoka,whole_plant,train
C:\Users\hardi\Downloads\medicinal plants detection\dataset\Indian Medicinal Leaves Image Datasets\Datasets_Plant\Ashoka\1459.jpg,Ashoka,Ashoka,whole_plant,train
C:\Users\hardi\Downloads\medicinal plants detection\dataset\Indian Medicinal Leaves Image Datasets\Datasets_Plant\Ashoka\1532.jpg,Ashoka,Ashoka,whole_plant,train
C:\Users\hardi\Downloads\medicinal plants detection\dataset\Indian Medicinal Leaves Image Datasets\Datasets_Plant\Ashoka\1480.jpg,Ashoka,Ashoka,whole_plant,train
C:\Users\hardi\Downloads\medicinal plants detection\dataset\Indian Medicinal Leaves Image Datasets\Datasets_Plant\Ashoka\42.jpg,Ashoka,Ashoka,whole_plant,train
C:\Users\hardi\Downloads\medicinal plants detection\dataset\Indian Medicinal Leaves Image Datasets\Datasets_Plant\Ashoka\1507.jpg,Ashoka,Ashoka,whole_plant,train
C:\Users\hardi\Downloads\medicinal plants detection\dataset\Indian Medicinal Leaves Image Datasets\Datasets_Plant\Ashoka\1436.jpg,Ashoka,Ashoka,whole_plant,train
C:\Users\hardi\Downloads\medicinal plants detection\dataset\Indian Medicinal Leaves Image Datasets\Datasets_Plant\Ashoka\1514.jpg,Ashoka,Ashoka,whole_plant,train
C:\Users\hardi\Downloads\medicinal plants detection\dataset\Indian Medicinal Leaves Image Datasets\Datasets_Plant\Ashoka\1501.jpg,Ashoka,Ashoka,whole_plant,train
C:\Users\hardi\Downloads\medicinal plants detection\dataset\Indian Medicinal Leaves Image Datasets\Datasets_Plant\Ashoka\1484.jpg,Ashoka,Ashoka,whole_plant,train
C:\Users\hardi\Downloads\medicinal plants detection\dataset\Indian Medicinal Leaves Image Datasets\Datasets_Plant\Ashoka\1487.jpg,Ashoka,Ashoka,whole_plant,train
C:\Users\hardi\Downloads\medicinal plants detection\dataset\Indian Medicinal Leaves Image Datasets\Datasets_Plant\Ashoka\1461.jpg,Ashoka,Ashoka,whole_plant,train
C:\Users\hardi\Downloads\medicinal plants detection\dataset\Indian Medicinal Leaves Image Datasets\Datasets_Plant\Ashoka\1537.jpg,Ashoka,Ashoka,whole_plant,train
C:\Users\hardi\Downloads\medicinal plants detection\dataset\Indian Medicinal Leaves Image Datasets\Datasets_Plant\Ashoka\560.jpg,Ashoka,Ashoka,whole_plant,train
C:\Users\hardi\Downloads\medicinal plants detection\dataset\Indian Medicinal Leaves Image Datasets\Datasets_Plant\Ashoka\1456.jpg,Ashoka,Ashoka,whole_plant,train
C:\Users\hardi\Downloads\medicinal plants detection\dataset\Indian Medicinal Leaves Image Datasets\Datasets_Plant\Ashoka\1529.jpg,Ashoka,Ashoka,whole_plant,train
C:\Users\hardi\Downloads\medicinal plants detection\dataset\Indian Medicinal Leaves Image Datasets\Datasets_Plant\Ashoka\1424.jpg,Ashoka,Ashoka,whole_plant,train
C:\Users\hardi\Downloads\medicinal plants detection\dataset\Indian Medicinal Leaves Image Datasets\Datasets_Plant\Ashoka\1437.jpg,Ashoka,Ashoka,whole_plant,train
C:\Users\hardi\Downloads\medicinal plants detection\dataset\Indian Medicinal Leaves Image Datasets\Datasets_Plant\Ashoka\1445.jpg,Ashoka,Ashoka,whole_plant,train
C:\Users\hardi\Downloads\medicinal plants detection\dataset\Indian Medicinal Leaves Image Datasets\Datasets_Plant\Ashoka\47.jpg,Ashoka,Ashoka,whole_plant,train
C:\Users\hardi\Downloads\medicinal plants detection\dataset\Indian Medicinal Leaves Image Datasets\Datasets_Plant\Ashoka\1422.jpg,Ashoka,Ashoka,whole_plant,train
C:\Users\hardi\Downloads\medicinal plants detection\dataset\Indian Medicinal Leaves Image Datasets\Datasets_Plant\Ashoka\1539.jpg,Ashoka,Ashoka,whole_plant,train
C:\Users\hardi\Downloads\medicinal plants detection\dataset\Indian Medicinal Leaves Image Datasets\Datasets_Plant\Ashoka\1423.jpg,Ashoka,Ashoka,whole_plant,train
C:\Users\hardi\Downloads\medicinal plants detection\dataset\Indian Medicinal Leaves Image Datasets\Datasets_Plant\Ashoka\1536.jpg,Ashoka,Ashoka,whole_plant,train
C:\Users\hardi\Downloads\medicinal plants detection\dataset\Indian Medicinal Leaves Image Datasets\Datasets_Plant\Ashoka\1469.jpg,Ashoka,Ashoka,whole_plant,train
C:\Users\hardi\Downloads\medicinal plants detection\dataset\Indian Medicinal Leaves Image Datasets\Datasets_Plant\Ashoka\1473.jpg,Ashoka,Ashoka,whole_plant,train
C:\Users\hardi\Downloads\medicinal plants detection\dataset\Indian Medicinal Leaves Image Datasets\Datasets_Plant\Ashoka\1486.jpg,Ashoka,Ashoka,whole_plant,train
C:\Users\hardi\Downloads\medicinal plants detection\dataset\Indian Medicinal Leaves Image Datasets\Datasets_Plant\Ashoka\1530.jpg,Ashoka,Ashoka,whole_plant,train
C:\Users\hardi\Downloads\medicinal plants detection\dataset\Indian Medicinal Leaves Image Datasets\Datasets_Plant\Ashoka\1434.jpg,Ashoka,Ashoka,whole_plant,train
C:\Users\hardi\Downloads\medicinal plants detection\dataset\Indian Medicinal Leaves Image Datasets\Datasets_Plant\Ashoka\1498.jpg,Ashoka,Ashoka,whole_plant,train
C:\Users\hardi\Downloads\medicinal plants detection\dataset\Indian Medicinal Leaves Image Datasets\Datasets_Plant\Ashoka\1524.jpg,Ashoka,Ashoka,whole_plant,train
C:\Users\hardi\Downloads\medicinal plants detection\dataset\Indian Medicinal Leaves Image Datasets\Datasets_Plant\Ashoka\1460.jpg,Ashoka,Ashoka,whole_plant,train
C:\Users\hardi\Downloads\medicinal plants detection\dataset\Indian Medicinal Leaves Image Datasets\Datasets_Plant\Ashoka\1485.jpg,Ashoka,Ashoka,whole_plant,train
C:\Users\hardi\Downloads\medicinal plants detection\dataset\Indian Medicinal Leaves Image Datasets\Datasets_Plant\Ashoka\1491.jpg,Ashoka,Ashoka,whole_plant,train
C:\Users\hardi\Downloads\medicinal plants detection\dataset\Indian Medicinal Leaves Image Datasets\Datasets_Plant\Ashoka\1511.jpg,Ashoka,Ashoka,whole_plant,train
C:\Users\hardi\Downloads\medicinal plants detection\dataset\Indian Medicinal Leaves Image Datasets\Datasets_Plant\Ashoka\52.jpg,Ashoka,Ashoka,whole_plant,train
C:\Users\hardi\Downloads\medicinal plants detection\dataset\Indian Medicinal Leaves Image Datasets\Datasets_Plant\Ashoka\45.jpg,Ashoka,Ashoka,whole_plant,train
C:\Users\hardi\Downloads\medicinal plants detection\dataset\Indian Medicinal Leaves Image Datasets\Datasets_Plant\Ashoka\1451.jpg,Ashoka,Ashoka,whole_plant,train
C:\Users\hardi\Downloads\medicinal plants detection\dataset\Indian Medicinal Leaves Image Datasets\Datasets_Plant\Ashoka\1518.jpg,Ashoka,Ashoka,whole_plant,train
C:\Users\hardi\Downloads\medicinal plants detection\dataset\Indian Medicinal Leaves Image Datasets\Datasets_Plant\Ashoka\1441.jpg,Ashoka,Ashoka,whole_plant,train
C:\Users\hardi\Downloads\medicinal plants detection\dataset\Indian Medicinal Leaves Image Datasets\Datasets_Plant\Ashoka\1429.jpg,Ashoka,Ashoka,whole_plant,train
C:\Users\hardi\Downloads\medicinal plants detection\dataset\Indian Medicinal Leaves Image Datasets\Datasets_Plant\Ashoka\1454.jpg,Ashoka,Ashoka,whole_plant,train
C:\Users\hardi\Downloads\medicinal plants detection\dataset\Indian Medicinal Leaves Image Datasets\Datasets_Plant\Ashoka\566.jpg,Ashoka,Ashoka,whole_plant,train
C:\Users\hardi\Downloads\medicinal plants detection\dataset\Indian Medicinal Leaves Image Datasets\Datasets_Plant\Ashoka\1525.jpg,Ashoka,Ashoka,whole_plant,train
C:\Users\hardi\Downloads\medicinal plants detection\dataset\Indian Medicinal Leaves Image Datasets\Datasets_Plant\Ashoka\1467.jpg,Ashoka,Ashoka,whole_plant,train
C:\Users\hardi\Downloads\medicinal plants detection\dataset\Indian Medicinal Leaves Image Datasets\Datasets_Plant\Ashoka\1538.jpg,Ashoka,Ashoka,whole_plant,train
C:\Users\hardi\Downloads\medicinal plants detection\dataset\Indian Medicinal Leaves Image Datasets\Datasets_Plant\Ashoka\1510.jpg,Ashoka,Ashoka,whole_plant,train
C:\Users\hardi\Downloads\medicinal plants detection\dataset\Indian Medicinal Leaves Image Datasets\Datasets_Plant\Ashoka\1519.jpg,Ashoka,Ashoka,whole_plant,train
C:\Users\hardi\Downloads\medicinal plants detection\dataset\Indian Medicinal Leaves Image Datasets\Datasets_Plant\Ashoka\1534.jpg,Ashoka,Ashoka,whole_plant,train
C:\Users\hardi\Downloads\medicinal plants detection\dataset\Indian Medicinal Leaves Image Datasets\Datasets_Plant\Ashoka\1516.jpg,Ashoka,Ashoka,whole_plant,train
C:\Users\hardi\Downloads\medicinal plants detection\dataset\Indian Medicinal Leaves Image Datasets\Datasets_Plant\Ashoka\1526.jpg,Ashoka,Ashoka,whole_plant,train
C:\Users\hardi\Downloads\medicinal plants detection\dataset\Indian Medicinal Leaves Image Datasets\Datasets_Plant\Ashoka\1505.jpg,Ashoka,Ashoka,whole_plant,train
C:\Users\hardi\Downloads\medicinal plants detection\dataset\Indian Medicinal Leaves Image Datasets\Datasets_Plant\Ashoka\1515.jpg,Ashoka,Ashoka,whole_plant,train
C:\Users\hardi\Downloads\medicinal plants detection\dataset\Indian Medicinal Leaves Image Datasets\Datasets_Plant\Ashoka\1520.jpg,Ashoka,Ashoka,whole_plant,train
C:\Users\hardi\Downloads\medicinal plants detection\dataset\Indian Medicinal Leaves Image Datasets\Datasets_Plant\Ashoka\1449.jpg,Ashoka,Ashoka,whole_plant,train
C:\Users\hardi\Downloads\medicinal plants detection\dataset\Indian Medicinal Leaves Image Datasets\Datasets_Plant\Ashoka\1504.jpg,Ashoka,Ashoka,whole_plant,train
C:\Users\hardi\Downloads\medicinal plants detection\dataset\Indian Medicinal Leaves Image Datasets\Datasets_Plant\Ashoka\1521.jpg,Ashoka,Ashoka,whole_plant,train
C:\Users\hardi\Downloads\medicinal plants detection\dataset\Indian Medicinal Leaves Image Datasets\Datasets_Plant\Ashoka\563.jpg,Ashoka,Ashoka,whole_plant,train
C:\Users\hardi\Downloads\medicinal plants detection\dataset\Indian Medicinal Leaves Image Datasets\Datasets_Plant\Ashoka\1444.jpg,Ashoka,Ashoka,whole_plant,train
C:\Users\hardi\Downloads\medicinal plants detection\dataset\Indian Medicinal Leaves Image Datasets\Datasets_Plant\Ashoka\1493.jpg,Ashoka,Ashoka,whole_plant,train
C:\Users\hardi\Downloads\medicinal plants detection\dataset\Indian Medicinal Leaves Image Datasets\Datasets_Plant\Ashoka\1466.jpg,Ashoka,Ashoka,whole_plant,train
C:\Users\hardi\Downloads\medicinal plants detection\dataset\Indian Medicinal Leaves Image Datasets\Datasets_Plant\Ashoka\1499.jpg,Ashoka,Ashoka,whole_plant,train
C:\Users\hardi\Downloads\medicinal plants detection\dataset\Indian Medicinal Leaves Image Datasets\Datasets_Plant\Ashoka\1500.jpg,Ashoka,Ashoka,whole_plant,train
C:\Users\hardi\Downloads\medicinal plants detection\dataset\Indian Medicinal Leaves Image Datasets\Datasets_Plant\Ashoka\1457.jpg,Ashoka,Ashoka,whole_plant,train
C:\Users\hardi\Downloads\medicinal plants detection\dataset\Indian Medicinal Leaves Image Datasets\Datasets_Plant\Ashoka\570.jpg,Ashoka,Ashoka,whole_plant,train
C:\Users\hardi\Downloads\medicinal plants detection\dataset\Indian Medicinal Leaves Image Datasets\Datasets_Plant\Ashoka\1430.jpg,Ashoka,Ashoka,whole_plant,train
C:\Users\hardi\Downloads\medicinal plants detection\dataset\Indian Medicinal Leaves Image Datasets\Datasets_Plant\Ashoka\48.jpg,Ashoka,Ashoka,whole_plant,train
C:\Users\hardi\Downloads\medicinal plants detection\dataset\Indian Medicinal Leaves Image Datasets\Datasets_Plant\Ashoka\1435.jpg,Ashoka,Ashoka,whole_plant,train
C:\Users\hardi\Downloads\medicinal plants detection\dataset\Indian Medicinal Leaves Image Datasets\Datasets_Plant\Ashoka\1488.jpg,Ashoka,Ashoka,whole_plant,train
C:\Users\hardi\Downloads\medicinal plants detection\dataset\Indian Medicinal Leaves Image Datasets\Datasets_Plant\Ashoka\1478.jpg,Ashoka,Ashoka,whole_plant,train
C:\Users\hardi\Downloads\medicinal plants detection\dataset\Indian Medicinal Leaves Image Datasets\Datasets_Plant\Ashoka\1513.jpg,Ashoka,Ashoka,whole_plant,train
C:\Users\hardi\Downloads\medicinal plants detection\dataset\Indian Medicinal Leaves Image Datasets\Datasets_Plant\Ashoka\1425.jpg,Ashoka,Ashoka,whole_plant,train
C:\Users\hardi\Downloads\medicinal plants detection\dataset\Indian Medicinal Leaves Image Datasets\Datasets_Plant\Ashoka\1453.jpg,Ashoka,Ashoka,whole_plant,val
C:\Users\hardi\Downloads\medicinal plants detection\dataset\Indian Medicinal Leaves Image Datasets\Datasets_Plant\Ashoka\1497.jpg,Ashoka,Ashoka,whole_plant,val
C:\Users\hardi\Downloads\medicinal plants detection\dataset\Indian Medicinal Leaves Image Datasets\Datasets_Plant\Ashoka\1464.jpg,Ashoka,Ashoka,whole_plant,val
C:\Users\hardi\Downloads\medicinal plants detection\dataset\Indian Medicinal Leaves Image Datasets\Datasets_Plant\Ashoka\1465.jpg,Ashoka,Ashoka,whole_plant,val
C:\Users\hardi\Downloads\medicinal plants detection\dataset\Indian Medicinal Leaves Image Datasets\Datasets_Plant\Ashoka\1432.jpg,Ashoka,Ashoka,whole_plant,val
C:\Users\hardi\Downloads\medicinal plants detection\dataset\Indian Medicinal Leaves Image Datasets\Datasets_Plant\Ashoka\1468.jpg,Ashoka,Ashoka,whole_plant,val
C:\Users\hardi\Downloads\medicinal plants detection\dataset\Indian Medicinal Leaves Image Datasets\Datasets_Plant\Ashoka\1431.jpg,Ashoka,Ashoka,whole_plant,val
C:\Users\hardi\Downloads\medicinal plants detection\dataset\Indian Medicinal Leaves Image Datasets\Datasets_Plant\Ashoka\1433.jpg,Ashoka,Ashoka,whole_plant,val
C:\Users\hardi\Downloads\medicinal plants detection\dataset\Indian Medicinal Leaves Image Datasets\Datasets_Plant\Ashoka\1535.jpg,Ashoka,Ashoka,whole_plant,val
C:\Users\hardi\Downloads\medicinal plants detection\dataset\Indian Medicinal Leaves Image Datasets\Datasets_Plant\Ashoka\40.jpg,Ashoka,Ashoka,whole_plant,val
C:\Users\hardi\Downloads\medicinal plants detection\dataset\Indian Medicinal Leaves Image Datasets\Datasets_Plant\Ashoka\1447.jpg,Ashoka,Ashoka,whole_plant,val
C:\Users\hardi\Downloads\medicinal plants detection\dataset\Indian Medicinal Leaves Image Datasets\Datasets_Plant\Ashoka\1439.jpg,Ashoka,Ashoka,whole_plant,val
C:\Users\hardi\Downloads\medicinal plants detection\dataset\Indian Medicinal Leaves Image Datasets\Datasets_Plant\Ashoka\44.jpg,Ashoka,Ashoka,whole_plant,val
C:\Users\hardi\Downloads\medicinal plants detection\dataset\Indian Medicinal Leaves Image Datasets\Datasets_Plant\Ashoka\1463.jpg,Ashoka,Ashoka,whole_plant,val
C:\Users\hardi\Downloads\medicinal plants detection\dataset\Indian Medicinal Leaves Image Datasets\Datasets_Plant\Ashoka\1474.jpg,Ashoka,Ashoka,whole_plant,val
C:\Users\hardi\Downloads\medicinal plants detection\dataset\Indian Medicinal Leaves Image Datasets\Datasets_Plant\Ashoka\1509.jpg,Ashoka,Ashoka,whole_plant,val
C:\Users\hardi\Downloads\medicinal plants detection\dataset\Indian Medicinal Leaves Image Datasets\Datasets_Plant\Ashoka\1440.jpg,Ashoka,Ashoka,whole_plant,val
C:\Users\hardi\Downloads\medicinal plants detection\dataset\Indian Medicinal Leaves Image Datasets\Datasets_Plant\Ashoka\43.jpg,Ashoka,Ashoka,whole_plant,val
C:\Users\hardi\Downloads\medicinal plants detection\dataset\Indian Medicinal Leaves Image Datasets\Datasets_Plant\Ashoka\1517.jpg,Ashoka,Ashoka,whole_plant,val
C:\Users\hardi\Downloads\medicinal plants detection\dataset\Indian Medicinal Leaves Image Datasets\Datasets_Plant\Ashoka\1420.jpg,Ashoka,Ashoka,whole_plant,val
C:\Users\hardi\Downloads\medicinal plants detection\dataset\Indian Medicinal Leaves Image Datasets\Datasets_Plant\Ashoka\1531.jpg,Ashoka,Ashoka,whole_plant,val
C:\Users\hardi\Downloads\medicinal plants detection\dataset\Indian Medicinal Leaves Image Datasets\Datasets_Plant\Ashoka\1523.jpg,Ashoka,Ashoka,whole_plant,test
C:\Users\hardi\Downloads\medicinal plants detection\dataset\Indian Medicinal Leaves Image Datasets\Datasets_Plant\Ashoka\567.jpg,Ashoka,Ashoka,whole_plant,test
C:\Users\hardi\Downloads\medicinal plants detection\dataset\Indian Medicinal Leaves Image Datasets\Datasets_Plant\Ashoka\1495.jpg,Ashoka,Ashoka,whole_plant,test
C:\Users\hardi\Downloads\medicinal plants detection\dataset\Indian Medicinal Leaves Image Datasets\Datasets_Plant\Ashoka\568.jpg,Ashoka,Ashoka,whole_plant,test
C:\Users\hardi\Downloads\medicinal plants detection\dataset\Indian Medicinal Leaves Image Datasets\Datasets_Plant\Ashoka\1476.jpg,Ashoka,Ashoka,whole_plant,test
C:\Users\hardi\Downloads\medicinal plants detection\dataset\Indian Medicinal Leaves Image Datasets\Datasets_Plant\Ashoka\1527.jpg,Ashoka,Ashoka,whole_plant,test
C:\Users\hardi\Downloads\medicinal plants detection\dataset\Indian Medicinal Leaves Image Datasets\Datasets_Plant\Ashoka\1470.jpg,Ashoka,Ashoka,whole_plant,test
C:\Users\hardi\Downloads\medicinal plants detection\dataset\Indian Medicinal Leaves Image Datasets\Datasets_Plant\Ashoka\571.jpg,Ashoka,Ashoka,whole_plant,test
C:\Users\hardi\Downloads\medicinal plants detection\dataset\Indian Medicinal Leaves Image Datasets\Datasets_Plant\Ashoka\49.jpg,Ashoka,Ashoka,whole_plant,test
C:\Users\hardi\Downloads\medicinal plants detection\dataset\Indian Medicinal Leaves Image Datasets\Datasets_Plant\Ashoka\1479.jpg,Ashoka,Ashoka,whole_plant,test
C:\Users\hardi\Downloads\medicinal plants detection\dataset\Indian Medicinal Leaves Image Datasets\Datasets_Plant\Ashoka\1475.jpg,Ashoka,Ashoka,whole_plant,test
C:\Users\hardi\Downloads\medicinal plants detection\dataset\Indian Medicinal Leaves Image Datasets\Datasets_Plant\Ashoka\1443.jpg,Ashoka,Ashoka,whole_plant,test
C:\Users\hardi\Downloads\medicinal plants detection\dataset\Indian Medicinal Leaves Image Datasets\Datasets_Plant\Ashoka\1427.jpg,Ashoka,Ashoka,whole_plant,test
C:\Users\hardi\Downloads\medicinal plants detection\dataset\Indian Medicinal Leaves Image Datasets\Datasets_Plant\Ashoka\1428.jpg,Ashoka,Ashoka,whole_plant,test
C:\Users\hardi\Downloads\medicinal plants detection\dataset\Indian Medicinal Leaves Image Datasets\Datasets_Plant\Ashoka\1528.jpg,Ashoka,Ashoka,whole_plant,test
C:\Users\hardi\Downloads\medicinal plants detection\dataset\Indian Medicinal Leaves Image Datasets\Datasets_Plant\Ashoka\1442.jpg,Ashoka,Ashoka,whole_plant,test
C:\Users\hardi\Downloads\medicinal plants detection\dataset\Indian Medicinal Leaves Image Datasets\Datasets_Plant\Ashoka\1446.jpg,Ashoka,Ashoka,whole_plant,test
C:\Users\hardi\Downloads\medicinal plants detection\dataset\Indian Medicinal Leaves Image Datasets\Datasets_Plant\Ashoka\1455.jpg,Ashoka,Ashoka,whole_plant,test
C:\Users\hardi\Downloads\medicinal plants detection\dataset\Indian Medicinal Leaves Image Datasets\Datasets_Plant\Ashoka\1477.jpg,Ashoka,Ashoka,whole_plant,test
C:\Users\hardi\Downloads\medicinal plants detection\dataset\Indian Medicinal Leaves Image Datasets\Datasets_Plant\Ashoka\1482.jpg,Ashoka,Ashoka,whole_plant,test
C:\Users\hardi\Downloads\medicinal plants detection\dataset\Indian Medicinal Leaves Image Datasets\Datasets_Plant\Ashoka\1490.jpg,Ashoka,Ashoka,whole_plant,test
C:\Users\hardi\Downloads\medicinal plants detection\dataset\Indian Medicinal Leaves Image Datasets\Datasets_Plant\Ashoka\1426.jpg,Ashoka,Ashoka,whole_plant,test
C:\Users\hardi\Downloads\medicinal plants detection\dataset\Indian Medicinal Leaves Image Datasets\Datasets_Plant\Ashoka\1448.jpg,Ashoka,Ashoka,whole_plant,test
C:\Users\hardi\Downloads\medicinal plants detection\dataset\Indian Medicinal Leaves Image Datasets\Datasets_Plant\Ashwagandha\639.jpg,Ashwagandha,Ashwagandha,whole_plant,train
C:\Users\hardi\Downloads\medicinal plants detection\dataset\Indian Medicinal Leaves Image Datasets\Datasets_Plant\Ashwagandha\2233.jpg,Ashwagandha,Ashwagandha,whole_plant,train
C:\Users\hardi\Downloads\medicinal plants detection\dataset\Indian Medicinal Leaves Image Datasets\Datasets_Plant\Ashwagandha\649.jpg,Ashwagandha,Ashwagandha,whole_plant,train
C:\Users\hardi\Downloads\medicinal plants detection\dataset\Indian Medicinal Leaves Image Datasets\Datasets_Plant\Ashwagandha\127.jpg,Ashwagandha,Ashwagandha,whole_plant,train
C:\Users\hardi\Downloads\medicinal plants detection\dataset\Indian Medicinal Leaves Image Datasets\Datasets_Plant\Ashwagandha\2212.jpg,Ashwagandha,Ashwagandha,whole_plant,train
C:\Users\hardi\Downloads\medicinal plants detection\dataset\Indian Medicinal Leaves Image Datasets\Datasets_Plant\Ashwagandha\2165.jpg,Ashwagandha,Ashwagandha,whole_plant,train
C:\Users\hardi\Downloads\medicinal plants detection\dataset\Indian Medicinal Leaves Image Datasets\Datasets_Plant\Ashwagandha\2225.jpg,Ashwagandha,Ashwagandha,whole_plant,train
C:\Users\hardi\Downloads\medicinal plants detection\dataset\Indian Medicinal Leaves Image Datasets\Datasets_Plant\Ashwagandha\2251.jpg,Ashwagandha,Ashwagandha,whole_plant,train
C:\Users\hardi\Downloads\medicinal plants detection\dataset\Indian Medicinal Leaves Image Datasets\Datasets_Plant\Ashwagandha\2198.jpg,Ashwagandha,Ashwagandha,whole_plant,train
C:\Users\hardi\Downloads\medicinal plants detection\dataset\Indian Medicinal Leaves Image Datasets\Datasets_Plant\Ashwagandha\2262.jpg,Ashwagandha,Ashwagandha,whole_plant,train
C:\Users\hardi\Downloads\medicinal plants detection\dataset\Indian Medicinal Leaves Image Datasets\Datasets_Plant\Ashwagandha\119.jpg,Ashwagandha,Ashwagandha,whole_plant,train
C:\Users\hardi\Downloads\medicinal plants detection\dataset\Indian Medicinal Leaves Image Datasets\Datasets_Plant\Ashwagandha\643.jpg,Ashwagandha,Ashwagandha,whole_plant,train
C:\Users\hardi\Downloads\medicinal plants detection\dataset\Indian Medicinal Leaves Image Datasets\Datasets_Plant\Ashwagandha\2252.jpg,Ashwagandha,Ashwagandha,whole_plant,train
C:\Users\hardi\Downloads\medicinal plants detection\dataset\Indian Medicinal Leaves Image Datasets\Datasets_Plant\Ashwagandha\638.jpg,Ashwagandha,Ashwagandha,whole_plant,train
C:\Users\hardi\Downloads\medicinal plants detection\dataset\Indian Medicinal Leaves Image Datasets\Datasets_Plant\Ashwagandha\2280.jpg,Ashwagandha,Ashwagandha,whole_plant,train
C:\Users\hardi\Downloads\medicinal plants detection\dataset\Indian Medicinal Leaves Image Datasets\Datasets_Plant\Ashwagandha\2250.jpg,Ashwagandha,Ashwagandha,whole_plant,train
C:\Users\hardi\Downloads\medicinal plants detection\dataset\Indian Medicinal Leaves Image Datasets\Datasets_Plant\Ashwagandha\2269.jpg,Ashwagandha,Ashwagandha,whole_plant,train
C:\Users\hardi\Downloads\medicinal plants detection\dataset\Indian Medicinal Leaves Image Datasets\Datasets_Plant\Ashwagandha\2180.jpg,Ashwagandha,Ashwagandha,whole_plant,train
C:\Users\hardi\Downloads\medicinal plants detection\dataset\Indian Medicinal Leaves Image Datasets\Datasets_Plant\Ashwagandha\2167.jpg,Ashwagandha,Ashwagandha,whole_plant,train
C:\Users\hardi\Downloads\medicinal plants detection\dataset\Indian Medicinal Leaves Image Datasets\Datasets_Plant\Ashwagandha\2214.jpg,Ashwagandha,Ashwagandha,whole_plant,train
C:\Users\hardi\Downloads\medicinal plants detection\dataset\Indian Medicinal Leaves Image Datasets\Datasets_Plant\Ashwagandha\2170.jpg,Ashwagandha,Ashwagandha,whole_plant,train
C:\Users\hardi\Downloads\medicinal plants detection\dataset\Indian Medicinal Leaves Image Datasets\Datasets_Plant\Ashwagandha\2238.jpg,Ashwagandha,Ashwagandha,whole_plant,train
C:\Users\hardi\Downloads\medicinal plants detection\dataset\Indian Medicinal Leaves Image Datasets\Datasets_Plant\Ashwagandha\640.jpg,Ashwagandha,Ashwagandha,whole_plant,train
C:\Users\hardi\Downloads\medicinal plants detection\dataset\Indian Medicinal Leaves Image Datasets\Datasets_Plant\Ashwagandha\2185.jpg,Ashwagandha,Ashwagandha,whole_plant,train
C:\Users\hardi\Downloads\medicinal plants detection\dataset\Indian Medicinal Leaves Image Datasets\Datasets_Plant\Ashwagandha\2242.jpg,Ashwagandha,Ashwagandha,whole_plant,train
C:\Users\hardi\Downloads\medicinal plants detection\dataset\Indian Medicinal Leaves Image Datasets\Datasets_Plant\Ashwagandha\2201.jpg,Ashwagandha,Ashwagandha,whole_plant,train
C:\Users\hardi\Downloads\medicinal plants detection\dataset\Indian Medicinal Leaves Image Datasets\Datasets_Plant\Ashwagandha\2188.jpg,Ashwagandha,Ashwagandha,whole_plant,train
C:\Users\hardi\Downloads\medicinal plants detection\dataset\Indian Medicinal Leaves Image Datasets\Datasets_Plant\Ashwagandha\2179.jpg,Ashwagandha,Ashwagandha,whole_plant,train
C:\Users\hardi\Downloads\medicinal plants detection\dataset\Indian Medicinal Leaves Image Datasets\Datasets_Plant\Ashwagandha\2277.jpg,Ashwagandha,Ashwagandha,whole_plant,train
C:\Users\hardi\Downloads\medicinal plants detection\dataset\Indian Medicinal Leaves Image Datasets\Datasets_Plant\Ashwagandha\2199.jpg,Ashwagandha,Ashwagandha,whole_plant,train
C:\Users\hardi\Downloads\medicinal plants detection\dataset\Indian Medicinal Leaves Image Datasets\Datasets_Plant\Ashwagandha\2181.jpg,Ashwagandha,Ashwagandha,whole_plant,train
C:\Users\hardi\Downloads\medicinal plants detection\dataset\Indian Medicinal Leaves Image Datasets\Datasets_Plant\Ashwagandha\2275.jpg,Ashwagandha,Ashwagandha,whole_plant,train
C:\Users\hardi\Downloads\medicinal plants detection\dataset\Indian Medicinal Leaves Image Datasets\Datasets_Plant\Ashwagandha\2223.jpg,Ashwagandha,Ashwagandha,whole_plant,train
C:\Users\hardi\Downloads\medicinal plants detection\dataset\Indian Medicinal Leaves Image Datasets\Datasets_Plant\Ashwagandha\2248.jpg,Ashwagandha,Ashwagandha,whole_plant,train
C:\Users\hardi\Downloads\medicinal plants detection\dataset\Indian Medicinal Leaves Image Datasets\Datasets_Plant\Ashwagandha\2205.jpg,Ashwagandha,Ashwagandha,whole_plant,train
C:\Users\hardi\Downloads\medicinal plants detection\dataset\Indian Medicinal Leaves Image Datasets\Datasets_Plant\Ashwagandha\2200.jpg,Ashwagandha,Ashwagandha,whole_plant,train
C:\Users\hardi\Downloads\medicinal plants detection\dataset\Indian Medicinal Leaves Image Datasets\Datasets_Plant\Ashwagandha\2276.jpg,Ashwagandha,Ashwagandha,whole_plant,train
C:\Users\hardi\Downloads\medicinal plants detection\dataset\Indian Medicinal Leaves Image Datasets\Datasets_Plant\Ashwagandha\2268.jpg,Ashwagandha,Ashwagandha,whole_plant,train
C:\Users\hardi\Downloads\medicinal plants detection\dataset\Indian Medicinal Leaves Image Datasets\Datasets_Plant\Ashwagandha\120.jpg,Ashwagandha,Ashwagandha,whole_plant,train
C:\Users\hardi\Downloads\medicinal plants detection\dataset\Indian Medicinal Leaves Image Datasets\Datasets_Plant\Ashwagandha\647.jpg,Ashwagandha,Ashwagandha,whole_plant,train
C:\Users\hardi\Downloads\medicinal plants detection\dataset\Indian Medicinal Leaves Image Datasets\Datasets_Plant\Ashwagandha\2278.jpg,Ashwagandha,Ashwagandha,whole_plant,train
C:\Users\hardi\Downloads\medicinal plants detection\dataset\Indian Medicinal Leaves Image Datasets\Datasets_Plant\Ashwagandha\2215.jpg,Ashwagandha,Ashwagandha,whole_plant,train
C:\Users\hardi\Downloads\medicinal plants detection\dataset\Indian Medicinal Leaves Image Datasets\Datasets_Plant\Ashwagandha\2163.jpg,Ashwagandha,Ashwagandha,whole_plant,train
C:\Users\hardi\Downloads\medicinal plants detection\dataset\Indian Medicinal Leaves Image Datasets\Datasets_Plant\Ashwagandha\2272.jpg,Ashwagandha,Ashwagandha,whole_plant,train
C:\Users\hardi\Downloads\medicinal plants detection\dataset\Indian Medicinal Leaves Image Datasets\Datasets_Plant\Ashwagandha\2209.jpg,Ashwagandha,Ashwagandha,whole_plant,train
C:\Users\hardi\Downloads\medicinal plants detection\dataset\Indian Medicinal Leaves Image Datasets\Datasets_Plant\Ashwagandha\2255.jpg,Ashwagandha,Ashwagandha,whole_plant,train
C:\Users\hardi\Downloads\medicinal plants detection\dataset\Indian Medicinal Leaves Image Datasets\Datasets_Plant\Ashwagandha\2210.jpg,Ashwagandha,Ashwagandha,whole_plant,train
C:\Users\hardi\Downloads\medicinal plants detection\dataset\Indian Medicinal Leaves Image Datasets\Datasets_Plant\Ashwagandha\2227.jpg,Ashwagandha,Ashwagandha,whole_plant,train
C:\Users\hardi\Downloads\medicinal plants detection\dataset\Indian Medicinal Leaves Image Datasets\Datasets_Plant\Ashwagandha\2221.jpg,Ashwagandha,Ashwagandha,whole_plant,train
C:\Users\hardi\Downloads\medicinal plants detection\dataset\Indian Medicinal Leaves Image Datasets\Datasets_Plant\Ashwagandha\2271.jpg,Ashwagandha,Ashwagandha,whole_plant,train
C:\Users\hardi\Downloads\medicinal plants detection\dataset\Indian Medicinal Leaves Image Datasets\Datasets_Plant\Ashwagandha\2237.jpg,Ashwagandha,Ashwagandha,whole_plant,train
C:\Users\hardi\Downloads\medicinal plants detection\dataset\Indian Medicinal Leaves Image Datasets\Datasets_Plant\Ashwagandha\2216.jpg,Ashwagandha,Ashwagandha,whole_plant,train
C:\Users\hardi\Downloads\medicinal plants detection\dataset\Indian Medicinal Leaves Image Datasets\Datasets_Plant\Ashwagandha\2183.jpg,Ashwagandha,Ashwagandha,whole_plant,train
C:\Users\hardi\Downloads\medicinal plants detection\dataset\Indian Medicinal Leaves Image Datasets\Datasets_Plant\Ashwagandha\2230.jpg,Ashwagandha,Ashwagandha,whole_plant,train
C:\Users\hardi\Downloads\medicinal plants detection\dataset\Indian Medicinal Leaves Image Datasets\Datasets_Plant\Ashwagandha\2189.jpg,Ashwagandha,Ashwagandha,whole_plant,train
C:\Users\hardi\Downloads\medicinal plants detection\dataset\Indian Medicinal Leaves Image Datasets\Datasets_Plant\Ashwagandha\2187.jpg,Ashwagandha,Ashwagandha,whole_plant,train
C:\Users\hardi\Downloads\medicinal plants detection\dataset\Indian Medicinal Leaves Image Datasets\Datasets_Plant\Ashwagandha\122.jpg,Ashwagandha,Ashwagandha,whole_plant,train
C:\Users\hardi\Downloads\medicinal plants detection\dataset\Indian Medicinal Leaves Image Datasets\Datasets_Plant\Ashwagandha\2190.jpg,Ashwagandha,Ashwagandha,whole_plant,train
C:\Users\hardi\Downloads\medicinal plants detection\dataset\Indian Medicinal Leaves Image Datasets\Datasets_Plant\Ashwagandha\2249.jpg,Ashwagandha,Ashwagandha,whole_plant,train
C:\Users\hardi\Downloads\medicinal plants detection\dataset\Indian Medicinal Leaves Image Datasets\Datasets_Plant\Ashwagandha\2208.jpg,Ashwagandha,Ashwagandha,whole_plant,train
C:\Users\hardi\Downloads\medicinal plants detection\dataset\Indian Medicinal Leaves Image Datasets\Datasets_Plant\Ashwagandha\2243.jpg,Ashwagandha,Ashwagandha,whole_plant,train
C:\Users\hardi\Downloads\medicinal plants detection\dataset\Indian Medicinal Leaves Image Datasets\Datasets_Plant\Ashwagandha\2166.jpg,Ashwagandha,Ashwagandha,whole_plant,train
C:\Users\hardi\Downloads\medicinal plants detection\dataset\Indian Medicinal Leaves Image Datasets\Datasets_Plant\Ashwagandha\2191.jpg,Ashwagandha,Ashwagandha,whole_plant,train
C:\Users\hardi\Downloads\medicinal plants detection\dataset\Indian Medicinal Leaves Image Datasets\Datasets_Plant\Ashwagandha\644.jpg,Ashwagandha,Ashwagandha,whole_plant,train
C:\Users\hardi\Downloads\medicinal plants detection\dataset\Indian Medicinal Leaves Image Datasets\Datasets_Plant\Ashwagandha\2244.jpg,Ashwagandha,Ashwagandha,whole_plant,train
C:\Users\hardi\Downloads\medicinal plants detection\dataset\Indian Medicinal Leaves Image Datasets\Datasets_Plant\Ashwagandha\2196.jpg,Ashwagandha,Ashwagandha,whole_plant,train
C:\Users\hardi\Downloads\medicinal plants detection\dataset\Indian Medicinal Leaves Image Datasets\Datasets_Plant\Ashwagandha\2258.jpg,Ashwagandha,Ashwagandha,whole_plant,train
C:\Users\hardi\Downloads\medicinal plants detection\dataset\Indian Medicinal Leaves Image Datasets\Datasets_Plant\Ashwagandha\2231.jpg,Ashwagandha,Ashwagandha,whole_plant,train
C:\Users\hardi\Downloads\medicinal plants detection\dataset\Indian Medicinal Leaves Image Datasets\Datasets_Plant\Ashwagandha\2257.jpg,Ashwagandha,Ashwagandha,whole_plant,train
C:\Users\hardi\Downloads\medicinal plants detection\dataset\Indian Medicinal Leaves Image Datasets\Datasets_Plant\Ashwagandha\642.jpg,Ashwagandha,Ashwagandha,whole_plant,train
C:\Users\hardi\Downloads\medicinal plants detection\dataset\Indian Medicinal Leaves Image Datasets\Datasets_Plant\Ashwagandha\2235.jpg,Ashwagandha,Ashwagandha,whole_plant,train
C:\Users\hardi\Downloads\medicinal plants detection\dataset\Indian Medicinal Leaves Image Datasets\Datasets_Plant\Ashwagandha\2245.jpg,Ashwagandha,Ashwagandha,whole_plant,train
C:\Users\hardi\Downloads\medicinal plants detection\dataset\Indian Medicinal Leaves Image Datasets\Datasets_Plant\Ashwagandha\2267.jpg,Ashwagandha,Ashwagandha,whole_plant,train
C:\Users\hardi\Downloads\medicinal plants detection\dataset\Indian Medicinal Leaves Image Datasets\Datasets_Plant\Ashwagandha\2234.jpg,Ashwagandha,Ashwagandha,whole_plant,train
C:\Users\hardi\Downloads\medicinal plants detection\dataset\Indian Medicinal Leaves Image Datasets\Datasets_Plant\Ashwagandha\2274.jpg,Ashwagandha,Ashwagandha,whole_plant,train
C:\Users\hardi\Downloads\medicinal plants detection\dataset\Indian Medicinal Leaves Image Datasets\Datasets_Plant\Ashwagandha\2281.jpg,Ashwagandha,Ashwagandha,whole_plant,train
C:\Users\hardi\Downloads\medicinal plants detection\dataset\Indian Medicinal Leaves Image Datasets\Datasets_Plant\Ashwagandha\2240.jpg,Ashwagandha,Ashwagandha,whole_plant,train
C:\Users\hardi\Downloads\medicinal plants detection\dataset\Indian Medicinal Leaves Image Datasets\Datasets_Plant\Ashwagandha\641.jpg,Ashwagandha,Ashwagandha,whole_plant,train
C:\Users\hardi\Downloads\medicinal plants detection\dataset\Indian Medicinal Leaves Image Datasets\Datasets_Plant\Ashwagandha\2173.jpg,Ashwagandha,Ashwagandha,whole_plant,train
C:\Users\hardi\Downloads\medicinal plants detection\dataset\Indian Medicinal Leaves Image Datasets\Datasets_Plant\Ashwagandha\2222.jpg,Ashwagandha,Ashwagandha,whole_plant,train
C:\Users\hardi\Downloads\medicinal plants detection\dataset\Indian Medicinal Leaves Image Datasets\Datasets_Plant\Ashwagandha\2195.jpg,Ashwagandha,Ashwagandha,whole_plant,train
C:\Users\hardi\Downloads\medicinal plants detection\dataset\Indian Medicinal Leaves Image Datasets\Datasets_Plant\Ashwagandha\2228.jpg,Ashwagandha,Ashwagandha,whole_plant,train
C:\Users\hardi\Downloads\medicinal plants detection\dataset\Indian Medicinal Leaves Image Datasets\Datasets_Plant\Ashwagandha\2229.jpg,Ashwagandha,Ashwagandha,whole_plant,train
C:\Users\hardi\Downloads\medicinal plants detection\dataset\Indian Medicinal Leaves Image Datasets\Datasets_Plant\Ashwagandha\2186.jpg,Ashwagandha,Ashwagandha,whole_plant,train
C:\Users\hardi\Downloads\medicinal plants detection\dataset\Indian Medicinal Leaves Image Datasets\Datasets_Plant\Ashwagandha\648.jpg,Ashwagandha,Ashwagandha,whole_plant,train
C:\Users\hardi\Downloads\medicinal plants detection\dataset\Indian Medicinal Leaves Image Datasets\Datasets_Plant\Ashwagandha\128.jpg,Ashwagandha,Ashwagandha,whole_plant,train
C:\Users\hardi\Downloads\medicinal plants detection\dataset\Indian Medicinal Leaves Image Datasets\Datasets_Plant\Ashwagandha\2246.jpg,Ashwagandha,Ashwagandha,whole_plant,train
C:\Users\hardi\Downloads\medicinal plants detection\dataset\Indian Medicinal Leaves Image Datasets\Datasets_Plant\Ashwagandha\2164.jpg,Ashwagandha,Ashwagandha,whole_plant,train
C:\Users\hardi\Downloads\medicinal plants detection\dataset\Indian Medicinal Leaves Image Datasets\Datasets_Plant\Ashwagandha\2217.jpg,Ashwagandha,Ashwagandha,whole_plant,train
C:\Users\hardi\Downloads\medicinal plants detection\dataset\Indian Medicinal Leaves Image Datasets\Datasets_Plant\Ashwagandha\2207.jpg,Ashwagandha,Ashwagandha,whole_plant,train
C:\Users\hardi\Downloads\medicinal plants detection\dataset\Indian Medicinal Leaves Image Datasets\Datasets_Plant\Ashwagandha\123.jpg,Ashwagandha,Ashwagandha,whole_plant,train
C:\Users\hardi\Downloads\medicinal plants detection\dataset\Indian Medicinal Leaves Image Datasets\Datasets_Plant\Ashwagandha\2182.jpg,Ashwagandha,Ashwagandha,whole_plant,train
C:\Users\hardi\Downloads\medicinal plants detection\dataset\Indian Medicinal Leaves Image Datasets\Datasets_Plant\Ashwagandha\2279.jpg,Ashwagandha,Ashwagandha,whole_plant,train
C:\Users\hardi\Downloads\medicinal plants detection\dataset\Indian Medicinal Leaves Image Datasets\Datasets_Plant\Ashwagandha\2193.jpg,Ashwagandha,Ashwagandha,whole_plant,train
C:\Users\hardi\Downloads\medicinal plants detection\dataset\Indian Medicinal Leaves Image Datasets\Datasets_Plant\Ashwagandha\2194.jpg,Ashwagandha,Ashwagandha,whole_plant,train
C:\Users\hardi\Downloads\medicinal plants detection\dataset\Indian Medicinal Leaves Image Datasets\Datasets_Plant\Ashwagandha\130.jpg,Ashwagandha,Ashwagandha,whole_plant,train
C:\Users\hardi\Downloads\medicinal plants detection\dataset\Indian Medicinal Leaves Image Datasets\Datasets_Plant\Ashwagandha\2197.jpg,Ashwagandha,Ashwagandha,whole_plant,train
C:\Users\hardi\Downloads\medicinal plants detection\dataset\Indian Medicinal Leaves Image Datasets\Datasets_Plant\Ashwagandha\129.jpg,Ashwagandha,Ashwagandha,whole_plant,train
C:\Users\hardi\Downloads\medicinal plants detection\dataset\Indian Medicinal Leaves Image Datasets\Datasets_Plant\Ashwagandha\2162.jpg,Ashwagandha,Ashwagandha,whole_plant,val
C:\Users\hardi\Downloads\medicinal plants detection\dataset\Indian Medicinal Leaves Image Datasets\Datasets_Plant\Ashwagandha\2254.jpg,Ashwagandha,Ashwagandha,whole_plant,val
C:\Users\hardi\Downloads\medicinal plants detection\dataset\Indian Medicinal Leaves Image Datasets\Datasets_Plant\Ashwagandha\2260.jpg,Ashwagandha,Ashwagandha,whole_plant,val
C:\Users\hardi\Downloads\medicinal plants detection\dataset\Indian Medicinal Leaves Image Datasets\Datasets_Plant\Ashwagandha\2176.jpg,Ashwagandha,Ashwagandha,whole_plant,val
C:\Users\hardi\Downloads\medicinal plants detection\dataset\Indian Medicinal Leaves Image Datasets\Datasets_Plant\Ashwagandha\2168.jpg,Ashwagandha,Ashwagandha,whole_plant,val
C:\Users\hardi\Downloads\medicinal plants detection\dataset\Indian Medicinal Leaves Image Datasets\Datasets_Plant\Ashwagandha\2266.jpg,Ashwagandha,Ashwagandha,whole_plant,val
C:\Users\hardi\Downloads\medicinal plants detection\dataset\Indian Medicinal Leaves Image Datasets\Datasets_Plant\Ashwagandha\2192.jpg,Ashwagandha,Ashwagandha,whole_plant,val
C:\Users\hardi\Downloads\medicinal plants detection\dataset\Indian Medicinal Leaves Image Datasets\Datasets_Plant\Ashwagandha\2203.jpg,Ashwagandha,Ashwagandha,whole_plant,val
C:\Users\hardi\Downloads\medicinal plants detection\dataset\Indian Medicinal Leaves Image Datasets\Datasets_Plant\Ashwagandha\2273.jpg,Ashwagandha,Ashwagandha,whole_plant,val
C:\Users\hardi\Downloads\medicinal plants detection\dataset\Indian Medicinal Leaves Image Datasets\Datasets_Plant\Ashwagandha\2169.jpg,Ashwagandha,Ashwagandha,whole_plant,val
C:\Users\hardi\Downloads\medicinal plants detection\dataset\Indian Medicinal Leaves Image Datasets\Datasets_Plant\Ashwagandha\2264.jpg,Ashwagandha,Ashwagandha,whole_plant,val
C:\Users\hardi\Downloads\medicinal plants detection\dataset\Indian Medicinal Leaves Image Datasets\Datasets_Plant\Ashwagandha\2247.jpg,Ashwagandha,Ashwagandha,whole_plant,val
C:\Users\hardi\Downloads\medicinal plants detection\dataset\Indian Medicinal Leaves Image Datasets\Datasets_Plant\Ashwagandha\118.jpg,Ashwagandha,Ashwagandha,whole_plant,val
C:\Users\hardi\Downloads\medicinal plants detection\dataset\Indian Medicinal Leaves Image Datasets\Datasets_Plant\Ashwagandha\2253.jpg,Ashwagandha,Ashwagandha,whole_plant,val
C:\Users\hardi\Downloads\medicinal plants detection\dataset\Indian Medicinal Leaves Image Datasets\Datasets_Plant\Ashwagandha\645.jpg,Ashwagandha,Ashwagandha,whole_plant,val
C:\Users\hardi\Downloads\medicinal plants detection\dataset\Indian Medicinal Leaves Image Datasets\Datasets_Plant\Ashwagandha\2224.jpg,Ashwagandha,Ashwagandha,whole_plant,val
C:\Users\hardi\Downloads\medicinal plants detection\dataset\Indian Medicinal Leaves Image Datasets\Datasets_Plant\Ashwagandha\646.jpg,Ashwagandha,Ashwagandha,whole_plant,val
C:\Users\hardi\Downloads\medicinal plants detection\dataset\Indian Medicinal Leaves Image Datasets\Datasets_Plant\Ashwagandha\650.jpg,Ashwagandha,Ashwagandha,whole_plant,val
C:\Users\hardi\Downloads\medicinal plants detection\dataset\Indian Medicinal Leaves Image Datasets\Datasets_Plant\Ashwagandha\2202.jpg,Ashwagandha,Ashwagandha,whole_plant,val
C:\Users\hardi\Downloads\medicinal plants detection\dataset\Indian Medicinal Leaves Image Datasets\Datasets_Plant\Ashwagandha\2218.jpg,Ashwagandha,Ashwagandha,whole_plant,val
C:\Users\hardi\Downloads\medicinal plants detection\dataset\Indian Medicinal Leaves Image Datasets\Datasets_Plant\Ashwagandha\2239.jpg,Ashwagandha,Ashwagandha,whole_plant,val
C:\Users\hardi\Downloads\medicinal plants detection\dataset\Indian Medicinal Leaves Image Datasets\Datasets_Plant\Ashwagandha\2232.jpg,Ashwagandha,Ashwagandha,whole_plant,test
C:\Users\hardi\Downloads\medicinal plants detection\dataset\Indian Medicinal Leaves Image Datasets\Datasets_Plant\Ashwagandha\2241.jpg,Ashwagandha,Ashwagandha,whole_plant,test
C:\Users\hardi\Downloads\medicinal plants detection\dataset\Indian Medicinal Leaves Image Datasets\Datasets_Plant\Ashwagandha\2174.jpg,Ashwagandha,Ashwagandha,whole_plant,test
C:\Users\hardi\Downloads\medicinal plants detection\dataset\Indian Medicinal Leaves Image Datasets\Datasets_Plant\Ashwagandha\2220.jpg,Ashwagandha,Ashwagandha,whole_plant,test
C:\Users\hardi\Downloads\medicinal plants detection\dataset\Indian Medicinal Leaves Image Datasets\Datasets_Plant\Ashwagandha\121.jpg,Ashwagandha,Ashwagandha,whole_plant,test
C:\Users\hardi\Downloads\medicinal plants detection\dataset\Indian Medicinal Leaves Image Datasets\Datasets_Plant\Ashwagandha\2226.jpg,Ashwagandha,Ashwagandha,whole_plant,test
C:\Users\hardi\Downloads\medicinal plants detection\dataset\Indian Medicinal Leaves Image Datasets\Datasets_Plant\Ashwagandha\2213.jpg,Ashwagandha,Ashwagandha,whole_plant,test
C:\Users\hardi\Downloads\medicinal plants detection\dataset\Indian Medicinal Leaves Image Datasets\Datasets_Plant\Ashwagandha\2178.jpg,Ashwagandha,Ashwagandha,whole_plant,test
C:\Users\hardi\Downloads\medicinal plants detection\dataset\Indian Medicinal Leaves Image Datasets\Datasets_Plant\Ashwagandha\2204.jpg,Ashwagandha,Ashwagandha,whole_plant,test
C:\Users\hardi\Downloads\medicinal plants detection\dataset\Indian Medicinal Leaves Image Datasets\Datasets_Plant\Ashwagandha\2172.jpg,Ashwagandha,Ashwagandha,whole_plant,test
C:\Users\hardi\Downloads\medicinal plants detection\dataset\Indian Medicinal Leaves Image Datasets\Datasets_Plant\Ashwagandha\125.jpg,Ashwagandha,Ashwagandha,whole_plant,test
C:\Users\hardi\Downloads\medicinal plants detection\dataset\Indian Medicinal Leaves Image Datasets\Datasets_Plant\Ashwagandha\126.jpg,Ashwagandha,Ashwagandha,whole_plant,test
C:\Users\hardi\Downloads\medicinal plants detection\dataset\Indian Medicinal Leaves Image Datasets\Datasets_Plant\Ashwagandha\2259.jpg,Ashwagandha,Ashwagandha,whole_plant,test
C:\Users\hardi\Downloads\medicinal plants detection\dataset\Indian Medicinal Leaves Image Datasets\Datasets_Plant\Ashwagandha\2171.jpg,Ashwagandha,Ashwagandha,whole_plant,test
C:\Users\hardi\Downloads\medicinal plants detection\dataset\Indian Medicinal Leaves Image Datasets\Datasets_Plant\Ashwagandha\2175.jpg,Ashwagandha,Ashwagandha,whole_plant,test
C:\Users\hardi\Downloads\medicinal plants detection\dataset\Indian Medicinal Leaves Image Datasets\Datasets_Plant\Ashwagandha\2184.jpg,Ashwagandha,Ashwagandha,whole_plant,test
C:\Users\hardi\Downloads\medicinal plants detection\dataset\Indian Medicinal Leaves Image Datasets\Datasets_Plant\Ashwagandha\2206.jpg,Ashwagandha,Ashwagandha,whole_plant,test
C:\Users\hardi\Downloads\medicinal plants detection\dataset\Indian Medicinal Leaves Image Datasets\Datasets_Plant\Ashwagandha\2211.jpg,Ashwagandha,Ashwagandha,whole_plant,test
C:\Users\hardi\Downloads\medicinal plants detection\dataset\Indian Medicinal Leaves Image Datasets\Datasets_Plant\Ashwagandha\2219.jpg,Ashwagandha,Ashwagandha,whole_plant,test
C:\Users\hardi\Downloads\medicinal plants detection\dataset\Indian Medicinal Leaves Image Datasets\Datasets_Plant\Ashwagandha\124.jpg,Ashwagandha,Ashwagandha,whole_plant,test
C:\Users\hardi\Downloads\medicinal plants detection\dataset\Indian Medicinal Leaves Image Datasets\Datasets_Plant\Ashwagandha\2177.jpg,Ashwagandha,Ashwagandha,whole_plant,test
C:\Users\hardi\Downloads\medicinal plants detection\dataset\Indian Medicinal Leaves Image Datasets\Datasets_Plant\Avacado\5698.jpg,Avacado,Avacado,whole_plant,train
C:\Users\hardi\Downloads\medicinal plants detection\dataset\Indian Medicinal Leaves Image Datasets\Datasets_Plant\Avacado\487.jpg,Avacado,Avacado,whole_plant,train
C:\Users\hardi\Downloads\medicinal plants detection\dataset\Indian Medicinal Leaves Image Datasets\Datasets_Plant\Avacado\5642.jpg,Avacado,Avacado,whole_plant,train
C:\Users\hardi\Downloads\medicinal plants detection\dataset\Indian Medicinal Leaves Image Datasets\Datasets_Plant\Avacado\5611.jpg,Avacado,Avacado,whole_plant,train
C:\Users\hardi\Downloads\medicinal plants detection\dataset\Indian Medicinal Leaves Image Datasets\Datasets_Plant\Avacado\5634.jpg,Avacado,Avacado,whole_plant,train
C:\Users\hardi\Downloads\medicinal plants detection\dataset\Indian Medicinal Leaves Image Datasets\Datasets_Plant\Avacado\5673.jpg,Avacado,Avacado,whole_plant,train
C:\Users\hardi\Downloads\medicinal plants detection\dataset\Indian Medicinal Leaves Image Datasets\Datasets_Plant\Avacado\5690.jpg,Avacado,Avacado,whole_plant,train
C:\Users\hardi\Downloads\medicinal plants detection\dataset\Indian Medicinal Leaves Image Datasets\Datasets_Plant\Avacado\5590.jpg,Avacado,Avacado,whole_plant,train
C:\Users\hardi\Downloads\medicinal plants detection\dataset\Indian Medicinal Leaves Image Datasets\Datasets_Plant\Avacado\5694.jpg,Avacado,Avacado,whole_plant,train
C:\Users\hardi\Downloads\medicinal plants detection\dataset\Indian Medicinal Leaves Image Datasets\Datasets_Plant\Avacado\5681.jpg,Avacado,Avacado,whole_plant,train
C:\Users\hardi\Downloads\medicinal plants detection\dataset\Indian Medicinal Leaves Image Datasets\Datasets_Plant\Avacado\5632.jpg,Avacado,Avacado,whole_plant,train
C:\Users\hardi\Downloads\medicinal plants detection\dataset\Indian Medicinal Leaves Image Datasets\Datasets_Plant\Avacado\5629.jpg,Avacado,Avacado,whole_plant,train
C:\Users\hardi\Downloads\medicinal plants detection\dataset\Indian Medicinal Leaves Image Datasets\Datasets_Plant\Avacado\5702.jpg,Avacado,Avacado,whole_plant,train
C:\Users\hardi\Downloads\medicinal plants detection\dataset\Indian Medicinal Leaves Image Datasets\Datasets_Plant\Avacado\5598.jpg,Avacado,Avacado,whole_plant,train
C:\Users\hardi\Downloads\medicinal plants detection\dataset\Indian Medicinal Leaves Image Datasets\Datasets_Plant\Avacado\5643.jpg,Avacado,Avacado,whole_plant,train
C:\Users\hardi\Downloads\medicinal plants detection\dataset\Indian Medicinal Leaves Image Datasets\Datasets_Plant\Avacado\5592.jpg,Avacado,Avacado,whole_plant,train
C:\Users\hardi\Downloads\medicinal plants detection\dataset\Indian Medicinal Leaves Image Datasets\Datasets_Plant\Avacado\5652.jpg,Avacado,Avacado,whole_plant,train
C:\Users\hardi\Downloads\medicinal plants detection\dataset\Indian Medicinal Leaves Image Datasets\Datasets_Plant\Avacado\5621.jpg,Avacado,Avacado,whole_plant,train
C:\Users\hardi\Downloads\medicinal plants detection\dataset\Indian Medicinal Leaves Image Datasets\Datasets_Plant\Avacado\5602.jpg,Avacado,Avacado,whole_plant,train
C:\Users\hardi\Downloads\medicinal plants detection\dataset\Indian Medicinal Leaves Image Datasets\Datasets_Plant\Avacado\5646.jpg,Avacado,Avacado,whole_plant,train
C:\Users\hardi\Downloads\medicinal plants detection\dataset\Indian Medicinal Leaves Image Datasets\Datasets_Plant\Avacado\5686.jpg,Avacado,Avacado,whole_plant,train
C:\Users\hardi\Downloads\medicinal plants detection\dataset\Indian Medicinal Leaves Image Datasets\Datasets_Plant\Avacado\5705.jpg,Avacado,Avacado,whole_plant,train
C:\Users\hardi\Downloads\medicinal plants detection\dataset\Indian Medicinal Leaves Image Datasets\Datasets_Plant\Avacado\5612.jpg,Avacado,Avacado,whole_plant,train
C:\Users\hardi\Downloads\medicinal plants detection\dataset\Indian Medicinal Leaves Image Datasets\Datasets_Plant\Avacado\1003.jpg,Avacado,Avacado,whole_plant,train
C:\Users\hardi\Downloads\medicinal plants detection\dataset\Indian Medicinal Leaves Image Datasets\Datasets_Plant\Avacado\5648.jpg,Avacado,Avacado,whole_plant,train
C:\Users\hardi\Downloads\medicinal plants detection\dataset\Indian Medicinal Leaves Image Datasets\Datasets_Plant\Avacado\5691.jpg,Avacado,Avacado,whole_plant,train
C:\Users\hardi\Downloads\medicinal plants detection\dataset\Indian Medicinal Leaves Image Datasets\Datasets_Plant\Avacado\5623.jpg,Avacado,Avacado,whole_plant,train
C:\Users\hardi\Downloads\medicinal plants detection\dataset\Indian Medicinal Leaves Image Datasets\Datasets_Plant\Avacado\5662.jpg,Avacado,Avacado,whole_plant,train
C:\Users\hardi\Downloads\medicinal plants detection\dataset\Indian Medicinal Leaves Image Datasets\Datasets_Plant\Avacado\5636.jpg,Avacado,Avacado,whole_plant,train
C:\Users\hardi\Downloads\medicinal plants detection\dataset\Indian Medicinal Leaves Image Datasets\Datasets_Plant\Avacado\5695.jpg,Avacado,Avacado,whole_plant,train
C:\Users\hardi\Downloads\medicinal plants detection\dataset\Indian Medicinal Leaves Image Datasets\Datasets_Plant\Avacado\5697.jpg,Avacado,Avacado,whole_plant,train
C:\Users\hardi\Downloads\medicinal plants detection\dataset\Indian Medicinal Leaves Image Datasets\Datasets_Plant\Avacado\5599.jpg,Avacado,Avacado,whole_plant,train
C:\Users\hardi\Downloads\medicinal plants detection\dataset\Indian Medicinal Leaves Image Datasets\Datasets_Plant\Avacado\5672.jpg,Avacado,Avacado,whole_plant,train
C:\Users\hardi\Downloads\medicinal plants detection\dataset\Indian Medicinal Leaves Image Datasets\Datasets_Plant\Avacado\5620.jpg,Avacado,Avacado,whole_plant,train
C:\Users\hardi\Downloads\medicinal plants detection\dataset\Indian Medicinal Leaves Image Datasets\Datasets_Plant\Avacado\5682.jpg,Avacado,Avacado,whole_plant,train
C:\Users\hardi\Downloads\medicinal plants detection\dataset\Indian Medicinal Leaves Image Datasets\Datasets_Plant\Avacado\5647.jpg,Avacado,Avacado,whole_plant,train
C:\Users\hardi\Downloads\medicinal plants detection\dataset\Indian Medicinal Leaves Image Datasets\Datasets_Plant\Avacado\485.jpg,Avacado,Avacado,whole_plant,train
C:\Users\hardi\Downloads\medicinal plants detection\dataset\Indian Medicinal Leaves Image Datasets\Datasets_Plant\Avacado\5654.jpg,Avacado,Avacado,whole_plant,train
C:\Users\hardi\Downloads\medicinal plants detection\dataset\Indian Medicinal Leaves Image Datasets\Datasets_Plant\Avacado\5641.jpg,Avacado,Avacado,whole_plant,train
C:\Users\hardi\Downloads\medicinal plants detection\dataset\Indian Medicinal Leaves Image Datasets\Datasets_Plant\Avacado\5624.jpg,Avacado,Avacado,whole_plant,train
C:\Users\hardi\Downloads\medicinal plants detection\dataset\Indian Medicinal Leaves Image Datasets\Datasets_Plant\Avacado\5627.jpg,Avacado,Avacado,whole_plant,train
C:\Users\hardi\Downloads\medicinal plants detection\dataset\Indian Medicinal Leaves Image Datasets\Datasets_Plant\Avacado\5601.jpg,Avacado,Avacado,whole_plant,train
C:\Users\hardi\Downloads\medicinal plants detection\dataset\Indian Medicinal Leaves Image Datasets\Datasets_Plant\Avacado\5677.jpg,Avacado,Avacado,whole_plant,train
C:\Users\hardi\Downloads\medicinal plants detection\dataset\Indian Medicinal Leaves Image Datasets\Datasets_Plant\Avacado\5693.jpg,Avacado,Avacado,whole_plant,train
C:\Users\hardi\Downloads\medicinal plants detection\dataset\Indian Medicinal Leaves Image Datasets\Datasets_Plant\Avacado\5596.jpg,Avacado,Avacado,whole_plant,train
C:\Users\hardi\Downloads\medicinal plants detection\dataset\Indian Medicinal Leaves Image Datasets\Datasets_Plant\Avacado\5669.jpg,Avacado,Avacado,whole_plant,train
C:\Users\hardi\Downloads\medicinal plants detection\dataset\Indian Medicinal Leaves Image Datasets\Datasets_Plant\Avacado\1006.jpg,Avacado,Avacado,whole_plant,train
C:\Users\hardi\Downloads\medicinal plants detection\dataset\Indian Medicinal Leaves Image Datasets\Datasets_Plant\Avacado\486.jpg,Avacado,Avacado,whole_plant,train
C:\Users\hardi\Downloads\medicinal plants detection\dataset\Indian Medicinal Leaves Image Datasets\Datasets_Plant\Avacado\494.jpg,Avacado,Avacado,whole_plant,train
C:\Users\hardi\Downloads\medicinal plants detection\dataset\Indian Medicinal Leaves Image Datasets\Datasets_Plant\Avacado\5687.jpg,Avacado,Avacado,whole_plant,train
C:\Users\hardi\Downloads\medicinal plants detection\dataset\Indian Medicinal Leaves Image Datasets\Datasets_Plant\Avacado\1004.jpg,Avacado,Avacado,whole_plant,train
C:\Users\hardi\Downloads\medicinal plants detection\dataset\Indian Medicinal Leaves Image Datasets\Datasets_Plant\Avacado\5679.jpg,Avacado,Avacado,whole_plant,train
C:\Users\hardi\Downloads\medicinal plants detection\dataset\Indian Medicinal Leaves Image Datasets\Datasets_Plant\Avacado\1005.jpg,Avacado,Avacado,whole_plant,train
C:\Users\hardi\Downloads\medicinal plants detection\dataset\Indian Medicinal Leaves Image Datasets\Datasets_Plant\Avacado\5676.jpg,Avacado,Avacado,whole_plant,train
C:\Users\hardi\Downloads\medicinal plants detection\dataset\Indian Medicinal Leaves Image Datasets\Datasets_Plant\Avacado\5609.jpg,Avacado,Avacado,whole_plant,train
C:\Users\hardi\Downloads\medicinal plants detection\dataset\Indian Medicinal Leaves Image Datasets\Datasets_Plant\Avacado\5613.jpg,Avacado,Avacado,whole_plant,train
C:\Users\hardi\Downloads\medicinal plants detection\dataset\Indian Medicinal Leaves Image Datasets\Datasets_Plant\Avacado\5626.jpg,Avacado,Avacado,whole_plant,train
C:\Users\hardi\Downloads\medicinal plants detection\dataset\Indian Medicinal Leaves Image Datasets\Datasets_Plant\Avacado\5670.jpg,Avacado,Avacado,whole_plant,train
C:\Users\hardi\Downloads\medicinal plants detection\dataset\Indian Medicinal Leaves Image Datasets\Datasets_Plant\Avacado\483.jpg,Avacado,Avacado,whole_plant,train
C:\Users\hardi\Downloads\medicinal plants detection\dataset\Indian Medicinal Leaves Image Datasets\Datasets_Plant\Avacado\5638.jpg,Avacado,Avacado,whole_plant,train
C:\Users\hardi\Downloads\medicinal plants detection\dataset\Indian Medicinal Leaves Image Datasets\Datasets_Plant\Avacado\5664.jpg,Avacado,Avacado,whole_plant,train
C:\Users\hardi\Downloads\medicinal plants detection\dataset\Indian Medicinal Leaves Image Datasets\Datasets_Plant\Avacado\5600.jpg,Avacado,Avacado,whole_plant,train
C:\Users\hardi\Downloads\medicinal plants detection\dataset\Indian Medicinal Leaves Image Datasets\Datasets_Plant\Avacado\5625.jpg,Avacado,Avacado,whole_plant,train
C:\Users\hardi\Downloads\medicinal plants detection\dataset\Indian Medicinal Leaves Image Datasets\Datasets_Plant\Avacado\5631.jpg,Avacado,Avacado,whole_plant,train
C:\Users\hardi\Downloads\medicinal plants detection\dataset\Indian Medicinal Leaves Image Datasets\Datasets_Plant\Avacado\5651.jpg,Avacado,Avacado,whole_plant,train
C:\Users\hardi\Downloads\medicinal plants detection\dataset\Indian Medicinal Leaves Image Datasets\Datasets_Plant\Avacado\5692.jpg,Avacado,Avacado,whole_plant,train
C:\Users\hardi\Downloads\medicinal plants detection\dataset\Indian Medicinal Leaves Image Datasets\Datasets_Plant\Avacado\5685.jpg,Avacado,Avacado,whole_plant,train
C:\Users\hardi\Downloads\medicinal plants detection\dataset\Indian Medicinal Leaves Image Datasets\Datasets_Plant\Avacado\5591.jpg,Avacado,Avacado,whole_plant,train
C:\Users\hardi\Downloads\medicinal plants detection\dataset\Indian Medicinal Leaves Image Datasets\Datasets_Plant\Avacado\5658.jpg,Avacado,Avacado,whole_plant,train
C:\Users\hardi\Downloads\medicinal plants detection\dataset\Indian Medicinal Leaves Image Datasets\Datasets_Plant\Avacado\490.jpg,Avacado,Avacado,whole_plant,train
C:\Users\hardi\Downloads\medicinal plants detection\dataset\Indian Medicinal Leaves Image Datasets\Datasets_Plant\Avacado\1011.jpg,Avacado,Avacado,whole_plant,train
C:\Users\hardi\Downloads\medicinal plants detection\dataset\Indian Medicinal Leaves Image Datasets\Datasets_Plant\Avacado\5594.jpg,Avacado,Avacado,whole_plant,train
C:\Users\hardi\Downloads\medicinal plants detection\dataset\Indian Medicinal Leaves Image Datasets\Datasets_Plant\Avacado\5699.jpg,Avacado,Avacado,whole_plant,train
C:\Users\hardi\Downloads\medicinal plants detection\dataset\Indian Medicinal Leaves Image Datasets\Datasets_Plant\Avacado\5665.jpg,Avacado,Avacado,whole_plant,train
C:\Users\hardi\Downloads\medicinal plants detection\dataset\Indian Medicinal Leaves Image Datasets\Datasets_Plant\Avacado\5607.jpg,Avacado,Avacado,whole_plant,train
C:\Users\hardi\Downloads\medicinal plants detection\dataset\Indian Medicinal Leaves Image Datasets\Datasets_Plant\Avacado\5678.jpg,Avacado,Avacado,whole_plant,train
C:\Users\hardi\Downloads\medicinal plants detection\dataset\Indian Medicinal Leaves Image Datasets\Datasets_Plant\Avacado\5650.jpg,Avacado,Avacado,whole_plant,train
C:\Users\hardi\Downloads\medicinal plants detection\dataset\Indian Medicinal Leaves Image Datasets\Datasets_Plant\Avacado\5659.jpg,Avacado,Avacado,whole_plant,train
C:\Users\hardi\Downloads\medicinal plants detection\dataset\Indian Medicinal Leaves Image Datasets\Datasets_Plant\Avacado\5674.jpg,Avacado,Avacado,whole_plant,train
C:\Users\hardi\Downloads\medicinal plants detection\dataset\Indian Medicinal Leaves Image Datasets\Datasets_Plant\Avacado\5656.jpg,Avacado,Avacado,whole_plant,train
C:\Users\hardi\Downloads\medicinal plants detection\dataset\Indian Medicinal Leaves Image Datasets\Datasets_Plant\Avacado\5666.jpg,Avacado,Avacado,whole_plant,train
C:\Users\hardi\Downloads\medicinal plants detection\dataset\Indian Medicinal Leaves Image Datasets\Datasets_Plant\Avacado\5645.jpg,Avacado,Avacado,whole_plant,train
C:\Users\hardi\Downloads\medicinal plants detection\dataset\Indian Medicinal Leaves Image Datasets\Datasets_Plant\Avacado\5655.jpg,Avacado,Avacado,whole_plant,train
C:\Users\hardi\Downloads\medicinal plants detection\dataset\Indian Medicinal Leaves Image Datasets\Datasets_Plant\Avacado\5660.jpg,Avacado,Avacado,whole_plant,train
C:\Users\hardi\Downloads\medicinal plants detection\dataset\Indian Medicinal Leaves Image Datasets\Datasets_Plant\Avacado\5589.jpg,Avacado,Avacado,whole_plant,train
C:\Users\hardi\Downloads\medicinal plants detection\dataset\Indian Medicinal Leaves Image Datasets\Datasets_Plant\Avacado\5644.jpg,Avacado,Avacado,whole_plant,train
C:\Users\hardi\Downloads\medicinal plants detection\dataset\Indian Medicinal Leaves Image Datasets\Datasets_Plant\Avacado\5661.jpg,Avacado,Avacado,whole_plant,train
C:\Users\hardi\Downloads\medicinal plants detection\dataset\Indian Medicinal Leaves Image Datasets\Datasets_Plant\Avacado\5696.jpg,Avacado,Avacado,whole_plant,train
C:\Users\hardi\Downloads\medicinal plants detection\dataset\Indian Medicinal Leaves Image Datasets\Datasets_Plant\Avacado\493.jpg,Avacado,Avacado,whole_plant,train
C:\Users\hardi\Downloads\medicinal plants detection\dataset\Indian Medicinal Leaves Image Datasets\Datasets_Plant\Avacado\5633.jpg,Avacado,Avacado,whole_plant,train
C:\Users\hardi\Downloads\medicinal plants detection\dataset\Indian Medicinal Leaves Image Datasets\Datasets_Plant\Avacado\5606.jpg,Avacado,Avacado,whole_plant,train
C:\Users\hardi\Downloads\medicinal plants detection\dataset\Indian Medicinal Leaves Image Datasets\Datasets_Plant\Avacado\5639.jpg,Avacado,Avacado,whole_plant,train
C:\Users\hardi\Downloads\medicinal plants detection\dataset\Indian Medicinal Leaves Image Datasets\Datasets_Plant\Avacado\5640.jpg,Avacado,Avacado,whole_plant,train
C:\Users\hardi\Downloads\medicinal plants detection\dataset\Indian Medicinal Leaves Image Datasets\Datasets_Plant\Avacado\5597.jpg,Avacado,Avacado,whole_plant,train
C:\Users\hardi\Downloads\medicinal plants detection\dataset\Indian Medicinal Leaves Image Datasets\Datasets_Plant\Avacado\5703.jpg,Avacado,Avacado,whole_plant,train
C:\Users\hardi\Downloads\medicinal plants detection\dataset\Indian Medicinal Leaves Image Datasets\Datasets_Plant\Avacado\1012.jpg,Avacado,Avacado,whole_plant,train
C:\Users\hardi\Downloads\medicinal plants detection\dataset\Indian Medicinal Leaves Image Datasets\Datasets_Plant\Avacado\5688.jpg,Avacado,Avacado,whole_plant,train
C:\Users\hardi\Downloads\medicinal plants detection\dataset\Indian Medicinal Leaves Image Datasets\Datasets_Plant\Avacado\484.jpg,Avacado,Avacado,whole_plant,train
C:\Users\hardi\Downloads\medicinal plants detection\dataset\Indian Medicinal Leaves Image Datasets\Datasets_Plant\Avacado\5628.jpg,Avacado,Avacado,whole_plant,train
C:\Users\hardi\Downloads\medicinal plants detection\dataset\Indian Medicinal Leaves Image Datasets\Datasets_Plant\Avacado\5618.jpg,Avacado,Avacado,whole_plant,train
C:\Users\hardi\Downloads\medicinal plants detection\dataset\Indian Medicinal Leaves Image Datasets\Datasets_Plant\Avacado\5653.jpg,Avacado,Avacado,whole_plant,train
C:\Users\hardi\Downloads\medicinal plants detection\dataset\Indian Medicinal Leaves Image Datasets\Datasets_Plant\Avacado\1007.jpg,Avacado,Avacado,whole_plant,train
C:\Users\hardi\Downloads\medicinal plants detection\dataset\Indian Medicinal Leaves Image Datasets\Datasets_Plant\Avacado\5593.jpg,Avacado,Avacado,whole_plant,val
C:\Users\hardi\Downloads\medicinal plants detection\dataset\Indian Medicinal Leaves Image Datasets\Datasets_Plant\Avacado\5637.jpg,Avacado,Avacado,whole_plant,val
C:\Users\hardi\Downloads\medicinal plants detection\dataset\Indian Medicinal Leaves Image Datasets\Datasets_Plant\Avacado\5604.jpg,Avacado,Avacado,whole_plant,val
C:\Users\hardi\Downloads\medicinal plants detection\dataset\Indian Medicinal Leaves Image Datasets\Datasets_Plant\Avacado\5605.jpg,Avacado,Avacado,whole_plant,val
C:\Users\hardi\Downloads\medicinal plants detection\dataset\Indian Medicinal Leaves Image Datasets\Datasets_Plant\Avacado\1014.jpg,Avacado,Avacado,whole_plant,val
C:\Users\hardi\Downloads\medicinal plants detection\dataset\Indian Medicinal Leaves Image Datasets\Datasets_Plant\Avacado\5608.jpg,Avacado,Avacado,whole_plant,val
C:\Users\hardi\Downloads\medicinal plants detection\dataset\Indian Medicinal Leaves Image Datasets\Datasets_Plant\Avacado\1013.jpg,Avacado,Avacado,whole_plant,val
C:\Users\hardi\Downloads\medicinal plants detection\dataset\Indian Medicinal Leaves Image Datasets\Datasets_Plant\Avacado\482.jpg,Avacado,Avacado,whole_plant,val
C:\Users\hardi\Downloads\medicinal plants detection\dataset\Indian Medicinal Leaves Image Datasets\Datasets_Plant\Avacado\5675.jpg,Avacado,Avacado,whole_plant,val
C:\Users\hardi\Downloads\medicinal plants detection\dataset\Indian Medicinal Leaves Image Datasets\Datasets_Plant\Avacado\5680.jpg,Avacado,Avacado,whole_plant,val
C:\Users\hardi\Downloads\medicinal plants detection\dataset\Indian Medicinal Leaves Image Datasets\Datasets_Plant\Avacado\5587.jpg,Avacado,Avacado,whole_plant,val
C:\Users\hardi\Downloads\medicinal plants detection\dataset\Indian Medicinal Leaves Image Datasets\Datasets_Plant\Avacado\488.jpg,Avacado,Avacado,whole_plant,val
C:\Users\hardi\Downloads\medicinal plants detection\dataset\Indian Medicinal Leaves Image Datasets\Datasets_Plant\Avacado\5684.jpg,Avacado,Avacado,whole_plant,val
C:\Users\hardi\Downloads\medicinal plants detection\dataset\Indian Medicinal Leaves Image Datasets\Datasets_Plant\Avacado\5603.jpg,Avacado,Avacado,whole_plant,val
C:\Users\hardi\Downloads\medicinal plants detection\dataset\Indian Medicinal Leaves Image Datasets\Datasets_Plant\Avacado\5614.jpg,Avacado,Avacado,whole_plant,val
C:\Users\hardi\Downloads\medicinal plants detection\dataset\Indian Medicinal Leaves Image Datasets\Datasets_Plant\Avacado\5649.jpg,Avacado,Avacado,whole_plant,val
C:\Users\hardi\Downloads\medicinal plants detection\dataset\Indian Medicinal Leaves Image Datasets\Datasets_Plant\Avacado\489.jpg,Avacado,Avacado,whole_plant,val
C:\Users\hardi\Downloads\medicinal plants detection\dataset\Indian Medicinal Leaves Image Datasets\Datasets_Plant\Avacado\5683.jpg,Avacado,Avacado,whole_plant,val
C:\Users\hardi\Downloads\medicinal plants detection\dataset\Indian Medicinal Leaves Image Datasets\Datasets_Plant\Avacado\5657.jpg,Avacado,Avacado,whole_plant,val
C:\Users\hardi\Downloads\medicinal plants detection\dataset\Indian Medicinal Leaves Image Datasets\Datasets_Plant\Avacado\1002.jpg,Avacado,Avacado,whole_plant,val
C:\Users\hardi\Downloads\medicinal plants detection\dataset\Indian Medicinal Leaves Image Datasets\Datasets_Plant\Avacado\5671.jpg,Avacado,Avacado,whole_plant,val
C:\Users\hardi\Downloads\medicinal plants detection\dataset\Indian Medicinal Leaves Image Datasets\Datasets_Plant\Avacado\5663.jpg,Avacado,Avacado,whole_plant,test
C:\Users\hardi\Downloads\medicinal plants detection\dataset\Indian Medicinal Leaves Image Datasets\Datasets_Plant\Avacado\5700.jpg,Avacado,Avacado,whole_plant,test
C:\Users\hardi\Downloads\medicinal plants detection\dataset\Indian Medicinal Leaves Image Datasets\Datasets_Plant\Avacado\5635.jpg,Avacado,Avacado,whole_plant,test
C:\Users\hardi\Downloads\medicinal plants detection\dataset\Indian Medicinal Leaves Image Datasets\Datasets_Plant\Avacado\5701.jpg,Avacado,Avacado,whole_plant,test
C:\Users\hardi\Downloads\medicinal plants detection\dataset\Indian Medicinal Leaves Image Datasets\Datasets_Plant\Avacado\5616.jpg,Avacado,Avacado,whole_plant,test
C:\Users\hardi\Downloads\medicinal plants detection\dataset\Indian Medicinal Leaves Image Datasets\Datasets_Plant\Avacado\5667.jpg,Avacado,Avacado,whole_plant,test
C:\Users\hardi\Downloads\medicinal plants detection\dataset\Indian Medicinal Leaves Image Datasets\Datasets_Plant\Avacado\5610.jpg,Avacado,Avacado,whole_plant,test
C:\Users\hardi\Downloads\medicinal plants detection\dataset\Indian Medicinal Leaves Image Datasets\Datasets_Plant\Avacado\5704.jpg,Avacado,Avacado,whole_plant,test
C:\Users\hardi\Downloads\medicinal plants detection\dataset\Indian Medicinal Leaves Image Datasets\Datasets_Plant\Avacado\5689.jpg,Avacado,Avacado,whole_plant,test
C:\Users\hardi\Downloads\medicinal plants detection\dataset\Indian Medicinal Leaves Image Datasets\Datasets_Plant\Avacado\5619.jpg,Avacado,Avacado,whole_plant,test
C:\Users\hardi\Downloads\medicinal plants detection\dataset\Indian Medicinal Leaves Image Datasets\Datasets_Plant\Avacado\5615.jpg,Avacado,Avacado,whole_plant,test
C:\Users\hardi\Downloads\medicinal plants detection\dataset\Indian Medicinal Leaves Image Datasets\Datasets_Plant\Avacado\492.jpg,Avacado,Avacado,whole_plant,test
C:\Users\hardi\Downloads\medicinal plants detection\dataset\Indian Medicinal Leaves Image Datasets\Datasets_Plant\Avacado\1009.jpg,Avacado,Avacado,whole_plant,test
C:\Users\hardi\Downloads\medicinal plants detection\dataset\Indian Medicinal Leaves Image Datasets\Datasets_Plant\Avacado\1010.jpg,Avacado,Avacado,whole_plant,test
C:\Users\hardi\Downloads\medicinal plants detection\dataset\Indian Medicinal Leaves Image Datasets\Datasets_Plant\Avacado\5668.jpg,Avacado,Avacado,whole_plant,test
C:\Users\hardi\Downloads\medicinal plants detection\dataset\Indian Medicinal Leaves Image Datasets\Datasets_Plant\Avacado\491.jpg,Avacado,Avacado,whole_plant,test
C:\Users\hardi\Downloads\medicinal plants detection\dataset\Indian Medicinal Leaves Image Datasets\Datasets_Plant\Avacado\5586.jpg,Avacado,Avacado,whole_plant,test
C:\Users\hardi\Downloads\medicinal plants detection\dataset\Indian Medicinal Leaves Image Datasets\Datasets_Plant\Avacado\5595.jpg,Avacado,Avacado,whole_plant,test
C:\Users\hardi\Downloads\medicinal plants detection\dataset\Indian Medicinal Leaves Image Datasets\Datasets_Plant\Avacado\5617.jpg,Avacado,Avacado,whole_plant,test
C:\Users\hardi\Downloads\medicinal plants detection\dataset\Indian Medicinal Leaves Image Datasets\Datasets_Plant\Avacado\5622.jpg,Avacado,Avacado,whole_plant,test
C:\Users\hardi\Downloads\medicinal plants detection\dataset\Indian Medicinal Leaves Image Datasets\Datasets_Plant\Avacado\5630.jpg,Avacado,Avacado,whole_plant,test
C:\Users\hardi\Downloads\medicinal plants detection\dataset\Indian Medicinal Leaves Image Datasets\Datasets_Plant\Avacado\1008.jpg,Avacado,Avacado,whole_plant,test
C:\Users\hardi\Downloads\medicinal plants detection\dataset\Indian Medicinal Leaves Image Datasets\Datasets_Plant\Avacado\5588.jpg,Avacado,Avacado,whole_plant,test
C:\Users\hardi\Downloads\medicinal plants detection\dataset\Indian Medicinal Leaves Image Datasets\Datasets_Plant\Bamboo\760.jpg,Bamboo,Bamboo,whole_plant,train
C:\Users\hardi\Downloads\medicinal plants detection\dataset\Indian Medicinal Leaves Image Datasets\Datasets_Plant\Bamboo\3253.jpg,Bamboo,Bamboo,whole_plant,train
C:\Users\hardi\Downloads\medicinal plants detection\dataset\Indian Medicinal Leaves Image Datasets\Datasets_Plant\Bamboo\3317.jpg,Bamboo,Bamboo,whole_plant,train
C:\Users\hardi\Downloads\medicinal plants detection\dataset\Indian Medicinal Leaves Image Datasets\Datasets_Plant\Bamboo\3286.jpg,Bamboo,Bamboo,whole_plant,train
C:\Users\hardi\Downloads\medicinal plants detection\dataset\Indian Medicinal Leaves Image Datasets\Datasets_Plant\Bamboo\3309.jpg,Bamboo,Bamboo,whole_plant,train
C:\Users\hardi\Downloads\medicinal plants detection\dataset\Indian Medicinal Leaves Image Datasets\Datasets_Plant\Bamboo\3348.jpg,Bamboo,Bamboo,whole_plant,train
C:\Users\hardi\Downloads\medicinal plants detection\dataset\Indian Medicinal Leaves Image Datasets\Datasets_Plant\Bamboo\3365.jpg,Bamboo,Bamboo,whole_plant,train
C:\Users\hardi\Downloads\medicinal plants detection\dataset\Indian Medicinal Leaves Image Datasets\Datasets_Plant\Bamboo\3265.jpg,Bamboo,Bamboo,whole_plant,train
C:\Users\hardi\Downloads\medicinal plants detection\dataset\Indian Medicinal Leaves Image Datasets\Datasets_Plant\Bamboo\756.jpg,Bamboo,Bamboo,whole_plant,train
C:\Users\hardi\Downloads\medicinal plants detection\dataset\Indian Medicinal Leaves Image Datasets\Datasets_Plant\Bamboo\3356.jpg,Bamboo,Bamboo,whole_plant,train
C:\Users\hardi\Downloads\medicinal plants detection\dataset\Indian Medicinal Leaves Image Datasets\Datasets_Plant\Bamboo\3307.jpg,Bamboo,Bamboo,whole_plant,train
C:\Users\hardi\Downloads\medicinal plants detection\dataset\Indian Medicinal Leaves Image Datasets\Datasets_Plant\Bamboo\3304.jpg,Bamboo,Bamboo,whole_plant,train
C:\Users\hardi\Downloads\medicinal plants detection\dataset\Indian Medicinal Leaves Image Datasets\Datasets_Plant\Bamboo\764.jpg,Bamboo,Bamboo,whole_plant,train
C:\Users\hardi\Downloads\medicinal plants detection\dataset\Indian Medicinal Leaves Image Datasets\Datasets_Plant\Bamboo\3273.jpg,Bamboo,Bamboo,whole_plant,train
C:\Users\hardi\Downloads\medicinal plants detection\dataset\Indian Medicinal Leaves Image Datasets\Datasets_Plant\Bamboo\3318.jpg,Bamboo,Bamboo,whole_plant,train
C:\Users\hardi\Downloads\medicinal plants detection\dataset\Indian Medicinal Leaves Image Datasets\Datasets_Plant\Bamboo\3267.jpg,Bamboo,Bamboo,whole_plant,train
C:\Users\hardi\Downloads\medicinal plants detection\dataset\Indian Medicinal Leaves Image Datasets\Datasets_Plant\Bamboo\3327.jpg,Bamboo,Bamboo,whole_plant,train
C:\Users\hardi\Downloads\medicinal plants detection\dataset\Indian Medicinal Leaves Image Datasets\Datasets_Plant\Bamboo\3296.jpg,Bamboo,Bamboo,whole_plant,train
C:\Users\hardi\Downloads\medicinal plants detection\dataset\Indian Medicinal Leaves Image Datasets\Datasets_Plant\Bamboo\3277.jpg,Bamboo,Bamboo,whole_plant,train
C:\Users\hardi\Downloads\medicinal plants detection\dataset\Indian Medicinal Leaves Image Datasets\Datasets_Plant\Bamboo\3321.jpg,Bamboo,Bamboo,whole_plant,train
C:\Users\hardi\Downloads\medicinal plants detection\dataset\Indian Medicinal Leaves Image Datasets\Datasets_Plant\Bamboo\3361.jpg,Bamboo,Bamboo,whole_plant,train
C:\Users\hardi\Downloads\medicinal plants detection\dataset\Indian Medicinal Leaves Image Datasets\Datasets_Plant\Bamboo\767.jpg,Bamboo,Bamboo,whole_plant,train
C:\Users\hardi\Downloads\medicinal plants detection\dataset\Indian Medicinal Leaves Image Datasets\Datasets_Plant\Bamboo\3287.jpg,Bamboo,Bamboo,whole_plant,train
C:\Users\hardi\Downloads\medicinal plants detection\dataset\Indian Medicinal Leaves Image Datasets\Datasets_Plant\Bamboo\236.jpg,Bamboo,Bamboo,whole_plant,train
C:\Users\hardi\Downloads\medicinal plants detection\dataset\Indian Medicinal Leaves Image Datasets\Datasets_Plant\Bamboo\3323.jpg,Bamboo,Bamboo,whole_plant,train
C:\Users\hardi\Downloads\medicinal plants detection\dataset\Indian Medicinal Leaves Image Datasets\Datasets_Plant\Bamboo\3366.jpg,Bamboo,Bamboo,whole_plant,train
C:\Users\hardi\Downloads\medicinal plants detection\dataset\Indian Medicinal Leaves Image Datasets\Datasets_Plant\Bamboo\3298.jpg,Bamboo,Bamboo,whole_plant,train
C:\Users\hardi\Downloads\medicinal plants detection\dataset\Indian Medicinal Leaves Image Datasets\Datasets_Plant\Bamboo\3337.jpg,Bamboo,Bamboo,whole_plant,train
C:\Users\hardi\Downloads\medicinal plants detection\dataset\Indian Medicinal Leaves Image Datasets\Datasets_Plant\Bamboo\3311.jpg,Bamboo,Bamboo,whole_plant,train
C:\Users\hardi\Downloads\medicinal plants detection\dataset\Indian Medicinal Leaves Image Datasets\Datasets_Plant\Bamboo\757.jpg,Bamboo,Bamboo,whole_plant,train
C:\Users\hardi\Downloads\medicinal plants detection\dataset\Indian Medicinal Leaves Image Datasets\Datasets_Plant\Bamboo\759.jpg,Bamboo,Bamboo,whole_plant,train
C:\Users\hardi\Downloads\medicinal plants detection\dataset\Indian Medicinal Leaves Image Datasets\Datasets_Plant\Bamboo\3274.jpg,Bamboo,Bamboo,whole_plant,train
C:\Users\hardi\Downloads\medicinal plants detection\dataset\Indian Medicinal Leaves Image Datasets\Datasets_Plant\Bamboo\3347.jpg,Bamboo,Bamboo,whole_plant,train
C:\Users\hardi\Downloads\medicinal plants detection\dataset\Indian Medicinal Leaves Image Datasets\Datasets_Plant\Bamboo\3295.jpg,Bamboo,Bamboo,whole_plant,train
C:\Users\hardi\Downloads\medicinal plants detection\dataset\Indian Medicinal Leaves Image Datasets\Datasets_Plant\Bamboo\3357.jpg,Bamboo,Bamboo,whole_plant,train
C:\Users\hardi\Downloads\medicinal plants detection\dataset\Indian Medicinal Leaves Image Datasets\Datasets_Plant\Bamboo\3322.jpg,Bamboo,Bamboo,whole_plant,train
C:\Users\hardi\Downloads\medicinal plants detection\dataset\Indian Medicinal Leaves Image Datasets\Datasets_Plant\Bamboo\3251.jpg,Bamboo,Bamboo,whole_plant,train
C:\Users\hardi\Downloads\medicinal plants detection\dataset\Indian Medicinal Leaves Image Datasets\Datasets_Plant\Bamboo\3329.jpg,Bamboo,Bamboo,whole_plant,train
C:\Users\hardi\Downloads\medicinal plants detection\dataset\Indian Medicinal Leaves Image Datasets\Datasets_Plant\Bamboo\3316.jpg,Bamboo,Bamboo,whole_plant,train
C:\Users\hardi\Downloads\medicinal plants detection\dataset\Indian Medicinal Leaves Image Datasets\Datasets_Plant\Bamboo\3299.jpg,Bamboo,Bamboo,whole_plant,train
C:\Users\hardi\Downloads\medicinal plants detection\dataset\Indian Medicinal Leaves Image Datasets\Datasets_Plant\Bamboo\3302.jpg,Bamboo,Bamboo,whole_plant,train
C:\Users\hardi\Downloads\medicinal plants detection\dataset\Indian Medicinal Leaves Image Datasets\Datasets_Plant\Bamboo\3276.jpg,Bamboo,Bamboo,whole_plant,train
C:\Users\hardi\Downloads\medicinal plants detection\dataset\Indian Medicinal Leaves Image Datasets\Datasets_Plant\Bamboo\3352.jpg,Bamboo,Bamboo,whole_plant,train
C:\Users\hardi\Downloads\medicinal plants detection\dataset\Indian Medicinal Leaves Image Datasets\Datasets_Plant\Bamboo\755.jpg,Bamboo,Bamboo,whole_plant,train
C:\Users\hardi\Downloads\medicinal plants detection\dataset\Indian Medicinal Leaves Image Datasets\Datasets_Plant\Bamboo\3271.jpg,Bamboo,Bamboo,whole_plant,train
C:\Users\hardi\Downloads\medicinal plants detection\dataset\Indian Medicinal Leaves Image Datasets\Datasets_Plant\Bamboo\3344.jpg,Bamboo,Bamboo,whole_plant,train
C:\Users\hardi\Downloads\medicinal plants detection\dataset\Indian Medicinal Leaves Image Datasets\Datasets_Plant\Bamboo\239.jpg,Bamboo,Bamboo,whole_plant,train
C:\Users\hardi\Downloads\medicinal plants detection\dataset\Indian Medicinal Leaves Image Datasets\Datasets_Plant\Bamboo\3252.jpg,Bamboo,Bamboo,whole_plant,train
C:\Users\hardi\Downloads\medicinal plants detection\dataset\Indian Medicinal Leaves Image Datasets\Datasets_Plant\Bamboo\3260.jpg,Bamboo,Bamboo,whole_plant,train
C:\Users\hardi\Downloads\medicinal plants detection\dataset\Indian Medicinal Leaves Image Datasets\Datasets_Plant\Bamboo\3362.jpg,Bamboo,Bamboo,whole_plant,train
C:\Users\hardi\Downloads\medicinal plants detection\dataset\Indian Medicinal Leaves Image Datasets\Datasets_Plant\Bamboo\237.jpg,Bamboo,Bamboo,whole_plant,train
C:\Users\hardi\Downloads\medicinal plants detection\dataset\Indian Medicinal Leaves Image Datasets\Datasets_Plant\Bamboo\3354.jpg,Bamboo,Bamboo,whole_plant,train
C:\Users\hardi\Downloads\medicinal plants detection\dataset\Indian Medicinal Leaves Image Datasets\Datasets_Plant\Bamboo\238.jpg,Bamboo,Bamboo,whole_plant,train
C:\Users\hardi\Downloads\medicinal plants detection\dataset\Indian Medicinal Leaves Image Datasets\Datasets_Plant\Bamboo\3351.jpg,Bamboo,Bamboo,whole_plant,train
C:\Users\hardi\Downloads\medicinal plants detection\dataset\Indian Medicinal Leaves Image Datasets\Datasets_Plant\Bamboo\3284.jpg,Bamboo,Bamboo,whole_plant,train
C:\Users\hardi\Downloads\medicinal plants detection\dataset\Indian Medicinal Leaves Image Datasets\Datasets_Plant\Bamboo\3288.jpg,Bamboo,Bamboo,whole_plant,train
C:\Users\hardi\Downloads\medicinal plants detection\dataset\Indian Medicinal Leaves Image Datasets\Datasets_Plant\Bamboo\3301.jpg,Bamboo,Bamboo,whole_plant,train
C:\Users\hardi\Downloads\medicinal plants detection\dataset\Indian Medicinal Leaves Image Datasets\Datasets_Plant\Bamboo\3345.jpg,Bamboo,Bamboo,whole_plant,train
C:\Users\hardi\Downloads\medicinal plants detection\dataset\Indian Medicinal Leaves Image Datasets\Datasets_Plant\Bamboo\3249.jpg,Bamboo,Bamboo,whole_plant,train
C:\Users\hardi\Downloads\medicinal plants detection\dataset\Indian Medicinal Leaves Image Datasets\Datasets_Plant\Bamboo\3313.jpg,Bamboo,Bamboo,whole_plant,train
C:\Users\hardi\Downloads\medicinal plants detection\dataset\Indian Medicinal Leaves Image Datasets\Datasets_Plant\Bamboo\3339.jpg,Bamboo,Bamboo,whole_plant,train
C:\Users\hardi\Downloads\medicinal plants detection\dataset\Indian Medicinal Leaves Image Datasets\Datasets_Plant\Bamboo\3275.jpg,Bamboo,Bamboo,whole_plant,train
C:\Users\hardi\Downloads\medicinal plants detection\dataset\Indian Medicinal Leaves Image Datasets\Datasets_Plant\Bamboo\3300.jpg,Bamboo,Bamboo,whole_plant,train
C:\Users\hardi\Downloads\medicinal plants detection\dataset\Indian Medicinal Leaves Image Datasets\Datasets_Plant\Bamboo\3306.jpg,Bamboo,Bamboo,whole_plant,train
C:\Users\hardi\Downloads\medicinal plants detection\dataset\Indian Medicinal Leaves Image Datasets\Datasets_Plant\Bamboo\3326.jpg,Bamboo,Bamboo,whole_plant,train
C:\Users\hardi\Downloads\medicinal plants detection\dataset\Indian Medicinal Leaves Image Datasets\Datasets_Plant\Bamboo\3367.jpg,Bamboo,Bamboo,whole_plant,train
C:\Users\hardi\Downloads\medicinal plants detection\dataset\Indian Medicinal Leaves Image Datasets\Datasets_Plant\Bamboo\3360.jpg,Bamboo,Bamboo,whole_plant,train
C:\Users\hardi\Downloads\medicinal plants detection\dataset\Indian Medicinal Leaves Image Datasets\Datasets_Plant\Bamboo\3266.jpg,Bamboo,Bamboo,whole_plant,train
C:\Users\hardi\Downloads\medicinal plants detection\dataset\Indian Medicinal Leaves Image Datasets\Datasets_Plant\Bamboo\3333.jpg,Bamboo,Bamboo,whole_plant,train
C:\Users\hardi\Downloads\medicinal plants detection\dataset\Indian Medicinal Leaves Image Datasets\Datasets_Plant\Bamboo\3256.jpg,Bamboo,Bamboo,whole_plant,train
C:\Users\hardi\Downloads\medicinal plants detection\dataset\Indian Medicinal Leaves Image Datasets\Datasets_Plant\Bamboo\244.jpg,Bamboo,Bamboo,whole_plant,train
C:\Users\hardi\Downloads\medicinal plants detection\dataset\Indian Medicinal Leaves Image Datasets\Datasets_Plant\Bamboo\3269.jpg,Bamboo,Bamboo,whole_plant,train
C:\Users\hardi\Downloads\medicinal plants detection\dataset\Indian Medicinal Leaves Image Datasets\Datasets_Plant\Bamboo\761.jpg,Bamboo,Bamboo,whole_plant,train
C:\Users\hardi\Downloads\medicinal plants detection\dataset\Indian Medicinal Leaves Image Datasets\Datasets_Plant\Bamboo\3340.jpg,Bamboo,Bamboo,whole_plant,train
C:\Users\hardi\Downloads\medicinal plants detection\dataset\Indian Medicinal Leaves Image Datasets\Datasets_Plant\Bamboo\3282.jpg,Bamboo,Bamboo,whole_plant,train
C:\Users\hardi\Downloads\medicinal plants detection\dataset\Indian Medicinal Leaves Image Datasets\Datasets_Plant\Bamboo\3353.jpg,Bamboo,Bamboo,whole_plant,train
C:\Users\hardi\Downloads\medicinal plants detection\dataset\Indian Medicinal Leaves Image Datasets\Datasets_Plant\Bamboo\3325.jpg,Bamboo,Bamboo,whole_plant,train
C:\Users\hardi\Downloads\medicinal plants detection\dataset\Indian Medicinal Leaves Image Datasets\Datasets_Plant\Bamboo\3334.jpg,Bamboo,Bamboo,whole_plant,train
C:\Users\hardi\Downloads\medicinal plants detection\dataset\Indian Medicinal Leaves Image Datasets\Datasets_Plant\Bamboo\3349.jpg,Bamboo,Bamboo,whole_plant,train
C:\Users\hardi\Downloads\medicinal plants detection\dataset\Indian Medicinal Leaves Image Datasets\Datasets_Plant\Bamboo\3331.jpg,Bamboo,Bamboo,whole_plant,train
C:\Users\hardi\Downloads\medicinal plants detection\dataset\Indian Medicinal Leaves Image Datasets\Datasets_Plant\Bamboo\3341.jpg,Bamboo,Bamboo,whole_plant,train
C:\Users\hardi\Downloads\medicinal plants detection\dataset\Indian Medicinal Leaves Image Datasets\Datasets_Plant\Bamboo\3320.jpg,Bamboo,Bamboo,whole_plant,train
C:\Users\hardi\Downloads\medicinal plants detection\dataset\Indian Medicinal Leaves Image Datasets\Datasets_Plant\Bamboo\3330.jpg,Bamboo,Bamboo,whole_plant,train
C:\Users\hardi\Downloads\medicinal plants detection\dataset\Indian Medicinal Leaves Image Datasets\Datasets_Plant\Bamboo\3335.jpg,Bamboo,Bamboo,whole_plant,train
C:\Users\hardi\Downloads\medicinal plants detection\dataset\Indian Medicinal Leaves Image Datasets\Datasets_Plant\Bamboo\3264.jpg,Bamboo,Bamboo,whole_plant,train
C:\Users\hardi\Downloads\medicinal plants detection\dataset\Indian Medicinal Leaves Image Datasets\Datasets_Plant\Bamboo\3319.jpg,Bamboo,Bamboo,whole_plant,train
C:\Users\hardi\Downloads\medicinal plants detection\dataset\Indian Medicinal Leaves Image Datasets\Datasets_Plant\Bamboo\3336.jpg,Bamboo,Bamboo,whole_plant,train
C:\Users\hardi\Downloads\medicinal plants detection\dataset\Indian Medicinal Leaves Image Datasets\Datasets_Plant\Bamboo\758.jpg,Bamboo,Bamboo,whole_plant,train
C:\Users\hardi\Downloads\medicinal plants detection\dataset\Indian Medicinal Leaves Image Datasets\Datasets_Plant\Bamboo\3259.jpg,Bamboo,Bamboo,whole_plant,train
C:\Users\hardi\Downloads\medicinal plants detection\dataset\Indian Medicinal Leaves Image Datasets\Datasets_Plant\Bamboo\3308.jpg,Bamboo,Bamboo,whole_plant,train
C:\Users\hardi\Downloads\medicinal plants detection\dataset\Indian Medicinal Leaves Image Datasets\Datasets_Plant\Bamboo\3281.jpg,Bamboo,Bamboo,whole_plant,train
C:\Users\hardi\Downloads\medicinal plants detection\dataset\Indian Medicinal Leaves Image Datasets\Datasets_Plant\Bamboo\3314.jpg,Bamboo,Bamboo,whole_plant,train
C:\Users\hardi\Downloads\medicinal plants detection\dataset\Indian Medicinal Leaves Image Datasets\Datasets_Plant\Bamboo\3315.jpg,Bamboo,Bamboo,whole_plant,train
C:\Users\hardi\Downloads\medicinal plants detection\dataset\Indian Medicinal Leaves Image Datasets\Datasets_Plant\Bamboo\3272.jpg,Bamboo,Bamboo,whole_plant,train
C:\Users\hardi\Downloads\medicinal plants detection\dataset\Indian Medicinal Leaves Image Datasets\Datasets_Plant\Bamboo\765.jpg,Bamboo,Bamboo,whole_plant,train
C:\Users\hardi\Downloads\medicinal plants detection\dataset\Indian Medicinal Leaves Image Datasets\Datasets_Plant\Bamboo\245.jpg,Bamboo,Bamboo,whole_plant,train
C:\Users\hardi\Downloads\medicinal plants detection\dataset\Indian Medicinal Leaves Image Datasets\Datasets_Plant\Bamboo\3363.jpg,Bamboo,Bamboo,whole_plant,train
C:\Users\hardi\Downloads\medicinal plants detection\dataset\Indian Medicinal Leaves Image Datasets\Datasets_Plant\Bamboo\3250.jpg,Bamboo,Bamboo,whole_plant,train
C:\Users\hardi\Downloads\medicinal plants detection\dataset\Indian Medicinal Leaves Image Datasets\Datasets_Plant\Bamboo\3303.jpg,Bamboo,Bamboo,whole_plant,train
C:\Users\hardi\Downloads\medicinal plants detection\dataset\Indian Medicinal Leaves Image Datasets\Datasets_Plant\Bamboo\3293.jpg,Bamboo,Bamboo,whole_plant,train
C:\Users\hardi\Downloads\medicinal plants detection\dataset\Indian Medicinal Leaves Image Datasets\Datasets_Plant\Bamboo\3328.jpg,Bamboo,Bamboo,whole_plant,train
C:\Users\hardi\Downloads\medicinal plants detection\dataset\Indian Medicinal Leaves Image Datasets\Datasets_Plant\Bamboo\240.jpg,Bamboo,Bamboo,whole_plant,train
C:\Users\hardi\Downloads\medicinal plants detection\dataset\Indian Medicinal Leaves Image Datasets\Datasets_Plant\Bamboo\3268.jpg,Bamboo,Bamboo,whole_plant,val
C:\Users\hardi\Downloads\medicinal plants detection\dataset\Indian Medicinal Leaves Image Datasets\Datasets_Plant\Bamboo\3312.jpg,Bamboo,Bamboo,whole_plant,val
C:\Users\hardi\Downloads\medicinal plants detection\dataset\Indian Medicinal Leaves Image Datasets\Datasets_Plant\Bamboo\3279.jpg,Bamboo,Bamboo,whole_plant,val
C:\Users\hardi\Downloads\medicinal plants detection\dataset\Indian Medicinal Leaves Image Datasets\Datasets_Plant\Bamboo\3280.jpg,Bamboo,Bamboo,whole_plant,val
C:\Users\hardi\Downloads\medicinal plants detection\dataset\Indian Medicinal Leaves Image Datasets\Datasets_Plant\Bamboo\247.jpg,Bamboo,Bamboo,whole_plant,val
C:\Users\hardi\Downloads\medicinal plants detection\dataset\Indian Medicinal Leaves Image Datasets\Datasets_Plant\Bamboo\3283.jpg,Bamboo,Bamboo,whole_plant,val
C:\Users\hardi\Downloads\medicinal plants detection\dataset\Indian Medicinal Leaves Image Datasets\Datasets_Plant\Bamboo\246.jpg,Bamboo,Bamboo,whole_plant,val
C:\Users\hardi\Downloads\medicinal plants detection\dataset\Indian Medicinal Leaves Image Datasets\Datasets_Plant\Bamboo\3248.jpg,Bamboo,Bamboo,whole_plant,val
C:\Users\hardi\Downloads\medicinal plants detection\dataset\Indian Medicinal Leaves Image Datasets\Datasets_Plant\Bamboo\3350.jpg,Bamboo,Bamboo,whole_plant,val
C:\Users\hardi\Downloads\medicinal plants detection\dataset\Indian Medicinal Leaves Image Datasets\Datasets_Plant\Bamboo\3355.jpg,Bamboo,Bamboo,whole_plant,val
C:\Users\hardi\Downloads\medicinal plants detection\dataset\Indian Medicinal Leaves Image Datasets\Datasets_Plant\Bamboo\3262.jpg,Bamboo,Bamboo,whole_plant,val
C:\Users\hardi\Downloads\medicinal plants detection\dataset\Indian Medicinal Leaves Image Datasets\Datasets_Plant\Bamboo\3254.jpg,Bamboo,Bamboo,whole_plant,val
C:\Users\hardi\Downloads\medicinal plants detection\dataset\Indian Medicinal Leaves Image Datasets\Datasets_Plant\Bamboo\3359.jpg,Bamboo,Bamboo,whole_plant,val
C:\Users\hardi\Downloads\medicinal plants detection\dataset\Indian Medicinal Leaves Image Datasets\Datasets_Plant\Bamboo\3278.jpg,Bamboo,Bamboo,whole_plant,val
C:\Users\hardi\Downloads\medicinal plants detection\dataset\Indian Medicinal Leaves Image Datasets\Datasets_Plant\Bamboo\3289.jpg,Bamboo,Bamboo,whole_plant,val
C:\Users\hardi\Downloads\medicinal plants detection\dataset\Indian Medicinal Leaves Image Datasets\Datasets_Plant\Bamboo\3324.jpg,Bamboo,Bamboo,whole_plant,val
C:\Users\hardi\Downloads\medicinal plants detection\dataset\Indian Medicinal Leaves Image Datasets\Datasets_Plant\Bamboo\3255.jpg,Bamboo,Bamboo,whole_plant,val
C:\Users\hardi\Downloads\medicinal plants detection\dataset\Indian Medicinal Leaves Image Datasets\Datasets_Plant\Bamboo\3358.jpg,Bamboo,Bamboo,whole_plant,val
C:\Users\hardi\Downloads\medicinal plants detection\dataset\Indian Medicinal Leaves Image Datasets\Datasets_Plant\Bamboo\3332.jpg,Bamboo,Bamboo,whole_plant,val
C:\Users\hardi\Downloads\medicinal plants detection\dataset\Indian Medicinal Leaves Image Datasets\Datasets_Plant\Bamboo\235.jpg,Bamboo,Bamboo,whole_plant,val
C:\Users\hardi\Downloads\medicinal plants detection\dataset\Indian Medicinal Leaves Image Datasets\Datasets_Plant\Bamboo\3346.jpg,Bamboo,Bamboo,whole_plant,val
C:\Users\hardi\Downloads\medicinal plants detection\dataset\Indian Medicinal Leaves Image Datasets\Datasets_Plant\Bamboo\3338.jpg,Bamboo,Bamboo,whole_plant,test
C:\Users\hardi\Downloads\medicinal plants detection\dataset\Indian Medicinal Leaves Image Datasets\Datasets_Plant\Bamboo\762.jpg,Bamboo,Bamboo,whole_plant,test
C:\Users\hardi\Downloads\medicinal plants detection\dataset\Indian Medicinal Leaves Image Datasets\Datasets_Plant\Bamboo\3310.jpg,Bamboo,Bamboo,whole_plant,test
C:\Users\hardi\Downloads\medicinal plants detection\dataset\Indian Medicinal Leaves Image Datasets\Datasets_Plant\Bamboo\763.jpg,Bamboo,Bamboo,whole_plant,test
C:\Users\hardi\Downloads\medicinal plants detection\dataset\Indian Medicinal Leaves Image Datasets\Datasets_Plant\Bamboo\3291.jpg,Bamboo,Bamboo,whole_plant,test
C:\Users\hardi\Downloads\medicinal plants detection\dataset\Indian Medicinal Leaves Image Datasets\Datasets_Plant\Bamboo\3342.jpg,Bamboo,Bamboo,whole_plant,test
C:\Users\hardi\Downloads\medicinal plants detection\dataset\Indian Medicinal Leaves Image Datasets\Datasets_Plant\Bamboo\3285.jpg,Bamboo,Bamboo,whole_plant,test
C:\Users\hardi\Downloads\medicinal plants detection\dataset\Indian Medicinal Leaves Image Datasets\Datasets_Plant\Bamboo\766.jpg,Bamboo,Bamboo,whole_plant,test
C:\Users\hardi\Downloads\medicinal plants detection\dataset\Indian Medicinal Leaves Image Datasets\Datasets_Plant\Bamboo\3364.jpg,Bamboo,Bamboo,whole_plant,test
C:\Users\hardi\Downloads\medicinal plants detection\dataset\Indian Medicinal Leaves Image Datasets\Datasets_Plant\Bamboo\3294.jpg,Bamboo,Bamboo,whole_plant,test
C:\Users\hardi\Downloads\medicinal plants detection\dataset\Indian Medicinal Leaves Image Datasets\Datasets_Plant\Bamboo\3290.jpg,Bamboo,Bamboo,whole_plant,test
C:\Users\hardi\Downloads\medicinal plants detection\dataset\Indian Medicinal Leaves Image Datasets\Datasets_Plant\Bamboo\3258.jpg,Bamboo,Bamboo,whole_plant,test
C:\Users\hardi\Downloads\medicinal plants detection\dataset\Indian Medicinal Leaves Image Datasets\Datasets_Plant\Bamboo\242.jpg,Bamboo,Bamboo,whole_plant,test
C:\Users\hardi\Downloads\medicinal plants detection\dataset\Indian Medicinal Leaves Image Datasets\Datasets_Plant\Bamboo\243.jpg,Bamboo,Bamboo,whole_plant,test
C:\Users\hardi\Downloads\medicinal plants detection\dataset\Indian Medicinal Leaves Image Datasets\Datasets_Plant\Bamboo\3343.jpg,Bamboo,Bamboo,whole_plant,test
C:\Users\hardi\Downloads\medicinal plants detection\dataset\Indian Medicinal Leaves Image Datasets\Datasets_Plant\Bamboo\3257.jpg,Bamboo,Bamboo,whole_plant,test
C:\Users\hardi\Downloads\medicinal plants detection\dataset\Indian Medicinal Leaves Image Datasets\Datasets_Plant\Bamboo\3261.jpg,Bamboo,Bamboo,whole_plant,test
C:\Users\hardi\Downloads\medicinal plants detection\dataset\Indian Medicinal Leaves Image Datasets\Datasets_Plant\Bamboo\3270.jpg,Bamboo,Bamboo,whole_plant,test
C:\Users\hardi\Downloads\medicinal plants detection\dataset\Indian Medicinal Leaves Image Datasets\Datasets_Plant\Bamboo\3292.jpg,Bamboo,Bamboo,whole_plant,test
C:\Users\hardi\Downloads\medicinal plants detection\dataset\Indian Medicinal Leaves Image Datasets\Datasets_Plant\Bamboo\3297.jpg,Bamboo,Bamboo,whole_plant,test
C:\Users\hardi\Downloads\medicinal plants detection\dataset\Indian Medicinal Leaves Image Datasets\Datasets_Plant\Bamboo\3305.jpg,Bamboo,Bamboo,whole_plant,test
C:\Users\hardi\Downloads\medicinal plants detection\dataset\Indian Medicinal Leaves Image Datasets\Datasets_Plant\Bamboo\241.jpg,Bamboo,Bamboo,whole_plant,test
C:\Users\hardi\Downloads\medicinal plants detection\dataset\Indian Medicinal Leaves Image Datasets\Datasets_Plant\Bamboo\3263.jpg,Bamboo,Bamboo,whole_plant,test
C:\Users\hardi\Downloads\medicinal plants detection\dataset\Indian Medicinal Leaves Image Datasets\Datasets_Plant\Basale\812.jpg,Basale,Basale,whole_plant,train
C:\Users\hardi\Downloads\medicinal plants detection\dataset\Indian Medicinal Leaves Image Datasets\Datasets_Plant\Basale\3743.jpg,Basale,Basale,whole_plant,train
C:\Users\hardi\Downloads\medicinal plants detection\dataset\Indian Medicinal Leaves Image Datasets\Datasets_Plant\Basale\3807.jpg,Basale,Basale,whole_plant,train
C:\Users\hardi\Downloads\medicinal plants detection\dataset\Indian Medicinal Leaves Image Datasets\Datasets_Plant\Basale\3776.jpg,Basale,Basale,whole_plant,train
C:\Users\hardi\Downloads\medicinal plants detection\dataset\Indian Medicinal Leaves Image Datasets\Datasets_Plant\Basale\3799.jpg,Basale,Basale,whole_plant,train
C:\Users\hardi\Downloads\medicinal plants detection\dataset\Indian Medicinal Leaves Image Datasets\Datasets_Plant\Basale\3838.jpg,Basale,Basale,whole_plant,train
C:\Users\hardi\Downloads\medicinal plants detection\dataset\Indian Medicinal Leaves Image Datasets\Datasets_Plant\Basale\3855.jpg,Basale,Basale,whole_plant,train
C:\Users\hardi\Downloads\medicinal plants detection\dataset\Indian Medicinal Leaves Image Datasets\Datasets_Plant\Basale\3755.jpg,Basale,Basale,whole_plant,train
C:\Users\hardi\Downloads\medicinal plants detection\dataset\Indian Medicinal Leaves Image Datasets\Datasets_Plant\Basale\808.jpg,Basale,Basale,whole_plant,train
C:\Users\hardi\Downloads\medicinal plants detection\dataset\Indian Medicinal Leaves Image Datasets\Datasets_Plant\Basale\3846.jpg,Basale,Basale,whole_plant,train
C:\Users\hardi\Downloads\medicinal plants detection\dataset\Indian Medicinal Leaves Image Datasets\Datasets_Plant\Basale\3797.jpg,Basale,Basale,whole_plant,train
C:\Users\hardi\Downloads\medicinal plants detection\dataset\Indian Medicinal Leaves Image Datasets\Datasets_Plant\Basale\3794.jpg,Basale,Basale,whole_plant,train
C:\Users\hardi\Downloads\medicinal plants detection\dataset\Indian Medicinal Leaves Image Datasets\Datasets_Plant\Basale\816.jpg,Basale,Basale,whole_plant,train
C:\Users\hardi\Downloads\medicinal plants detection\dataset\Indian Medicinal Leaves Image Datasets\Datasets_Plant\Basale\3763.jpg,Basale,Basale,whole_plant,train
C:\Users\hardi\Downloads\medicinal plants detection\dataset\Indian Medicinal Leaves Image Datasets\Datasets_Plant\Basale\3808.jpg,Basale,Basale,whole_plant,train
C:\Users\hardi\Downloads\medicinal plants detection\dataset\Indian Medicinal Leaves Image Datasets\Datasets_Plant\Basale\3757.jpg,Basale,Basale,whole_plant,train
C:\Users\hardi\Downloads\medicinal plants detection\dataset\Indian Medicinal Leaves Image Datasets\Datasets_Plant\Basale\3817.jpg,Basale,Basale,whole_plant,train
C:\Users\hardi\Downloads\medicinal plants detection\dataset\Indian Medicinal Leaves Image Datasets\Datasets_Plant\Basale\3786.jpg,Basale,Basale,whole_plant,train
C:\Users\hardi\Downloads\medicinal plants detection\dataset\Indian Medicinal Leaves Image Datasets\Datasets_Plant\Basale\3767.jpg,Basale,Basale,whole_plant,train
C:\Users\hardi\Downloads\medicinal plants detection\dataset\Indian Medicinal Leaves Image Datasets\Datasets_Plant\Basale\3811.jpg,Basale,Basale,whole_plant,train
C:\Users\hardi\Downloads\medicinal plants detection\dataset\Indian Medicinal Leaves Image Datasets\Datasets_Plant\Basale\3851.jpg,Basale,Basale,whole_plant,train
C:\Users\hardi\Downloads\medicinal plants detection\dataset\Indian Medicinal Leaves Image Datasets\Datasets_Plant\Basale\819.jpg,Basale,Basale,whole_plant,train
C:\Users\hardi\Downloads\medicinal plants detection\dataset\Indian Medicinal Leaves Image Datasets\Datasets_Plant\Basale\3777.jpg,Basale,Basale,whole_plant,train
C:\Users\hardi\Downloads\medicinal plants detection\dataset\Indian Medicinal Leaves Image Datasets\Datasets_Plant\Basale\288.jpg,Basale,Basale,whole_plant,train
C:\Users\hardi\Downloads\medicinal plants detection\dataset\Indian Medicinal Leaves Image Datasets\Datasets_Plant\Basale\3813.jpg,Basale,Basale,whole_plant,train
C:\Users\hardi\Downloads\medicinal plants detection\dataset\Indian Medicinal Leaves Image Datasets\Datasets_Plant\Basale\3856.jpg,Basale,Basale,whole_plant,train
C:\Users\hardi\Downloads\medicinal plants detection\dataset\Indian Medicinal Leaves Image Datasets\Datasets_Plant\Basale\3788.jpg,Basale,Basale,whole_plant,train
C:\Users\hardi\Downloads\medicinal plants detection\dataset\Indian Medicinal Leaves Image Datasets\Datasets_Plant\Basale\3827.jpg,Basale,Basale,whole_plant,train
C:\Users\hardi\Downloads\medicinal plants detection\dataset\Indian Medicinal Leaves Image Datasets\Datasets_Plant\Basale\3801.jpg,Basale,Basale,whole_plant,train
C:\Users\hardi\Downloads\medicinal plants detection\dataset\Indian Medicinal Leaves Image Datasets\Datasets_Plant\Basale\809.jpg,Basale,Basale,whole_plant,train
C:\Users\hardi\Downloads\medicinal plants detection\dataset\Indian Medicinal Leaves Image Datasets\Datasets_Plant\Basale\811.jpg,Basale,Basale,whole_plant,train
C:\Users\hardi\Downloads\medicinal plants detection\dataset\Indian Medicinal Leaves Image Datasets\Datasets_Plant\Basale\3764.jpg,Basale,Basale,whole_plant,train
C:\Users\hardi\Downloads\medicinal plants detection\dataset\Indian Medicinal Leaves Image Datasets\Datasets_Plant\Basale\3837.jpg,Basale,Basale,whole_plant,train
C:\Users\hardi\Downloads\medicinal plants detection\dataset\Indian Medicinal Leaves Image Datasets\Datasets_Plant\Basale\3785.jpg,Basale,Basale,whole_plant,train
C:\Users\hardi\Downloads\medicinal plants detection\dataset\Indian Medicinal Leaves Image Datasets\Datasets_Plant\Basale\3847.jpg,Basale,Basale,whole_plant,train
C:\Users\hardi\Downloads\medicinal plants detection\dataset\Indian Medicinal Leaves Image Datasets\Datasets_Plant\Basale\3812.jpg,Basale,Basale,whole_plant,train
C:\Users\hardi\Downloads\medicinal plants detection\dataset\Indian Medicinal Leaves Image Datasets\Datasets_Plant\Basale\3741.jpg,Basale,Basale,whole_plant,train
C:\Users\hardi\Downloads\medicinal plants detection\dataset\Indian Medicinal Leaves Image Datasets\Datasets_Plant\Basale\3819.jpg,Basale,Basale,whole_plant,train
C:\Users\hardi\Downloads\medicinal plants detection\dataset\Indian Medicinal Leaves Image Datasets\Datasets_Plant\Basale\3806.jpg,Basale,Basale,whole_plant,train
C:\Users\hardi\Downloads\medicinal plants detection\dataset\Indian Medicinal Leaves Image Datasets\Datasets_Plant\Basale\3789.jpg,Basale,Basale,whole_plant,train
C:\Users\hardi\Downloads\medicinal plants detection\dataset\Indian Medicinal Leaves Image Datasets\Datasets_Plant\Basale\3792.jpg,Basale,Basale,whole_plant,train
C:\Users\hardi\Downloads\medicinal plants detection\dataset\Indian Medicinal Leaves Image Datasets\Datasets_Plant\Basale\3766.jpg,Basale,Basale,whole_plant,train
C:\Users\hardi\Downloads\medicinal plants detection\dataset\Indian Medicinal Leaves Image Datasets\Datasets_Plant\Basale\3842.jpg,Basale,Basale,whole_plant,train
C:\Users\hardi\Downloads\medicinal plants detection\dataset\Indian Medicinal Leaves Image Datasets\Datasets_Plant\Basale\807.jpg,Basale,Basale,whole_plant,train
C:\Users\hardi\Downloads\medicinal plants detection\dataset\Indian Medicinal Leaves Image Datasets\Datasets_Plant\Basale\3761.jpg,Basale,Basale,whole_plant,train
C:\Users\hardi\Downloads\medicinal plants detection\dataset\Indian Medicinal Leaves Image Datasets\Datasets_Plant\Basale\3834.jpg,Basale,Basale,whole_plant,train
C:\Users\hardi\Downloads\medicinal plants detection\dataset\Indian Medicinal Leaves Image Datasets\Datasets_Plant\Basale\291.jpg,Basale,Basale,whole_plant,train
C:\Users\hardi\Downloads\medicinal plants detection\dataset\Indian Medicinal Leaves Image Datasets\Datasets_Plant\Basale\3742.jpg,Basale,Basale,whole_plant,train
C:\Users\hardi\Downloads\medicinal plants detection\dataset\Indian Medicinal Leaves Image Datasets\Datasets_Plant\Basale\3750.jpg,Basale,Basale,whole_plant,train
C:\Users\hardi\Downloads\medicinal plants detection\dataset\Indian Medicinal Leaves Image Datasets\Datasets_Plant\Basale\3852.jpg,Basale,Basale,whole_plant,train
C:\Users\hardi\Downloads\medicinal plants detection\dataset\Indian Medicinal Leaves Image Datasets\Datasets_Plant\Basale\289.jpg,Basale,Basale,whole_plant,train
C:\Users\hardi\Downloads\medicinal plants detection\dataset\Indian Medicinal Leaves Image Datasets\Datasets_Plant\Basale\3844.jpg,Basale,Basale,whole_plant,train
C:\Users\hardi\Downloads\medicinal plants detection\dataset\Indian Medicinal Leaves Image Datasets\Datasets_Plant\Basale\290.jpg,Basale,Basale,whole_plant,train
C:\Users\hardi\Downloads\medicinal plants detection\dataset\Indian Medicinal Leaves Image Datasets\Datasets_Plant\Basale\3841.jpg,Basale,Basale,whole_plant,train
C:\Users\hardi\Downloads\medicinal plants detection\dataset\Indian Medicinal Leaves Image Datasets\Datasets_Plant\Basale\3774.jpg,Basale,Basale,whole_plant,train
C:\Users\hardi\Downloads\medicinal plants detection\dataset\Indian Medicinal Leaves Image Datasets\Datasets_Plant\Basale\3778.jpg,Basale,Basale,whole_plant,train
C:\Users\hardi\Downloads\medicinal plants detection\dataset\Indian Medicinal Leaves Image Datasets\Datasets_Plant\Basale\3791.jpg,Basale,Basale,whole_plant,train
C:\Users\hardi\Downloads\medicinal plants detection\dataset\Indian Medicinal Leaves Image Datasets\Datasets_Plant\Basale\3835.jpg,Basale,Basale,whole_plant,train
C:\Users\hardi\Downloads\medicinal plants detection\dataset\Indian Medicinal Leaves Image Datasets\Datasets_Plant\Basale\3739.jpg,Basale,Basale,whole_plant,train
C:\Users\hardi\Downloads\medicinal plants detection\dataset\Indian Medicinal Leaves Image Datasets\Datasets_Plant\Basale\3803.jpg,Basale,Basale,whole_plant,train
C:\Users\hardi\Downloads\medicinal plants detection\dataset\Indian Medicinal Leaves Image Datasets\Datasets_Plant\Basale\3829.jpg,Basale,Basale,whole_plant,train
C:\Users\hardi\Downloads\medicinal plants detection\dataset\Indian Medicinal Leaves Image Datasets\Datasets_Plant\Basale\3765.jpg,Basale,Basale,whole_plant,train
C:\Users\hardi\Downloads\medicinal plants detection\dataset\Indian Medicinal Leaves Image Datasets\Datasets_Plant\Basale\3790.jpg,Basale,Basale,whole_plant,train
C:\Users\hardi\Downloads\medicinal plants detection\dataset\Indian Medicinal Leaves Image Datasets\Datasets_Plant\Basale\3796.jpg,Basale,Basale,whole_plant,train
C:\Users\hardi\Downloads\medicinal plants detection\dataset\Indian Medicinal Leaves Image Datasets\Datasets_Plant\Basale\3816.jpg,Basale,Basale,whole_plant,train
C:\Users\hardi\Downloads\medicinal plants detection\dataset\Indian Medicinal Leaves Image Datasets\Datasets_Plant\Basale\3857.jpg,Basale,Basale,whole_plant,train
C:\Users\hardi\Downloads\medicinal plants detection\dataset\Indian Medicinal Leaves Image Datasets\Datasets_Plant\Basale\3850.jpg,Basale,Basale,whole_plant,train
C:\Users\hardi\Downloads\medicinal plants detection\dataset\Indian Medicinal Leaves Image Datasets\Datasets_Plant\Basale\3756.jpg,Basale,Basale,whole_plant,train
C:\Users\hardi\Downloads\medicinal plants detection\dataset\Indian Medicinal Leaves Image Datasets\Datasets_Plant\Basale\3823.jpg,Basale,Basale,whole_plant,train
C:\Users\hardi\Downloads\medicinal plants detection\dataset\Indian Medicinal Leaves Image Datasets\Datasets_Plant\Basale\3746.jpg,Basale,Basale,whole_plant,train
C:\Users\hardi\Downloads\medicinal plants detection\dataset\Indian Medicinal Leaves Image Datasets\Datasets_Plant\Basale\296.jpg,Basale,Basale,whole_plant,train
C:\Users\hardi\Downloads\medicinal plants detection\dataset\Indian Medicinal Leaves Image Datasets\Datasets_Plant\Basale\3759.jpg,Basale,Basale,whole_plant,train
C:\Users\hardi\Downloads\medicinal plants detection\dataset\Indian Medicinal Leaves Image Datasets\Datasets_Plant\Basale\813.jpg,Basale,Basale,whole_plant,train
C:\Users\hardi\Downloads\medicinal plants detection\dataset\Indian Medicinal Leaves Image Datasets\Datasets_Plant\Basale\3830.jpg,Basale,Basale,whole_plant,train
C:\Users\hardi\Downloads\medicinal plants detection\dataset\Indian Medicinal Leaves Image Datasets\Datasets_Plant\Basale\3772.jpg,Basale,Basale,whole_plant,train
C:\Users\hardi\Downloads\medicinal plants detection\dataset\Indian Medicinal Leaves Image Datasets\Datasets_Plant\Basale\3843.jpg,Basale,Basale,whole_plant,train
C:\Users\hardi\Downloads\medicinal plants detection\dataset\Indian Medicinal Leaves Image Datasets\Datasets_Plant\Basale\3815.jpg,Basale,Basale,whole_plant,train
C:\Users\hardi\Downloads\medicinal plants detection\dataset\Indian Medicinal Leaves Image Datasets\Datasets_Plant\Basale\3824.jpg,Basale,Basale,whole_plant,train
C:\Users\hardi\Downloads\medicinal plants detection\dataset\Indian Medicinal Leaves Image Datasets\Datasets_Plant\Basale\3839.jpg,Basale,Basale,whole_plant,train
C:\Users\hardi\Downloads\medicinal plants detection\dataset\Indian Medicinal Leaves Image Datasets\Datasets_Plant\Basale\3821.jpg,Basale,Basale,whole_plant,train
C:\Users\hardi\Downloads\medicinal plants detection\dataset\Indian Medicinal Leaves Image Datasets\Datasets_Plant\Basale\3831.jpg,Basale,Basale,whole_plant,train
C:\Users\hardi\Downloads\medicinal plants detection\dataset\Indian Medicinal Leaves Image Datasets\Datasets_Plant\Basale\3810.jpg,Basale,Basale,whole_plant,train
C:\Users\hardi\Downloads\medicinal plants detection\dataset\Indian Medicinal Leaves Image Datasets\Datasets_Plant\Basale\3820.jpg,Basale,Basale,whole_plant,train
C:\Users\hardi\Downloads\medicinal plants detection\dataset\Indian Medicinal Leaves Image Datasets\Datasets_Plant\Basale\3825.jpg,Basale,Basale,whole_plant,train
C:\Users\hardi\Downloads\medicinal plants detection\dataset\Indian Medicinal Leaves Image Datasets\Datasets_Plant\Basale\3754.jpg,Basale,Basale,whole_plant,train
C:\Users\hardi\Downloads\medicinal plants detection\dataset\Indian Medicinal Leaves Image Datasets\Datasets_Plant\Basale\3809.jpg,Basale,Basale,whole_plant,train
C:\Users\hardi\Downloads\medicinal plants detection\dataset\Indian Medicinal Leaves Image Datasets\Datasets_Plant\Basale\3826.jpg,Basale,Basale,whole_plant,train
C:\Users\hardi\Downloads\medicinal plants detection\dataset\Indian Medicinal Leaves Image Datasets\Datasets_Plant\Basale\810.jpg,Basale,Basale,whole_plant,train
C:\Users\hardi\Downloads\medicinal plants detection\dataset\Indian Medicinal Leaves Image Datasets\Datasets_Plant\Basale\3749.jpg,Basale,Basale,whole_plant,train
C:\Users\hardi\Downloads\medicinal plants detection\dataset\Indian Medicinal Leaves Image Datasets\Datasets_Plant\Basale\3798.jpg,Basale,Basale,whole_plant,train
C:\Users\hardi\Downloads\medicinal plants detection\dataset\Indian Medicinal Leaves Image Datasets\Datasets_Plant\Basale\3771.jpg,Basale,Basale,whole_plant,train
C:\Users\hardi\Downloads\medicinal plants detection\dataset\Indian Medicinal Leaves Image Datasets\Datasets_Plant\Basale\3804.jpg,Basale,Basale,whole_plant,train
C:\Users\hardi\Downloads\medicinal plants detection\dataset\Indian Medicinal Leaves Image Datasets\Datasets_Plant\Basale\3805.jpg,Basale,Basale,whole_plant,train
C:\Users\hardi\Downloads\medicinal plants detection\dataset\Indian Medicinal Leaves Image Datasets\Datasets_Plant\Basale\3762.jpg,Basale,Basale,whole_plant,train
C:\Users\hardi\Downloads\medicinal plants detection\dataset\Indian Medicinal Leaves Image Datasets\Datasets_Plant\Basale\817.jpg,Basale,Basale,whole_plant,train
C:\Users\hardi\Downloads\medicinal plants detection\dataset\Indian Medicinal Leaves Image Datasets\Datasets_Plant\Basale\297.jpg,Basale,Basale,whole_plant,train
C:\Users\hardi\Downloads\medicinal plants detection\dataset\Indian Medicinal Leaves Image Datasets\Datasets_Plant\Basale\3853.jpg,Basale,Basale,whole_plant,train
C:\Users\hardi\Downloads\medicinal plants detection\dataset\Indian Medicinal Leaves Image Datasets\Datasets_Plant\Basale\3740.jpg,Basale,Basale,whole_plant,train
C:\Users\hardi\Downloads\medicinal plants detection\dataset\Indian Medicinal Leaves Image Datasets\Datasets_Plant\Basale\3793.jpg,Basale,Basale,whole_plant,train
C:\Users\hardi\Downloads\medicinal plants detection\dataset\Indian Medicinal Leaves Image Datasets\Datasets_Plant\Basale\3783.jpg,Basale,Basale,whole_plant,train
C:\Users\hardi\Downloads\medicinal plants detection\dataset\Indian Medicinal Leaves Image Datasets\Datasets_Plant\Basale\3818.jpg,Basale,Basale,whole_plant,train
C:\Users\hardi\Downloads\medicinal plants detection\dataset\Indian Medicinal Leaves Image Datasets\Datasets_Plant\Basale\292.jpg,Basale,Basale,whole_plant,train
C:\Users\hardi\Downloads\medicinal plants detection\dataset\Indian Medicinal Leaves Image Datasets\Datasets_Plant\Basale\3758.jpg,Basale,Basale,whole_plant,val
C:\Users\hardi\Downloads\medicinal plants detection\dataset\Indian Medicinal Leaves Image Datasets\Datasets_Plant\Basale\3802.jpg,Basale,Basale,whole_plant,val
C:\Users\hardi\Downloads\medicinal plants detection\dataset\Indian Medicinal Leaves Image Datasets\Datasets_Plant\Basale\3769.jpg,Basale,Basale,whole_plant,val
C:\Users\hardi\Downloads\medicinal plants detection\dataset\Indian Medicinal Leaves Image Datasets\Datasets_Plant\Basale\3770.jpg,Basale,Basale,whole_plant,val
C:\Users\hardi\Downloads\medicinal plants detection\dataset\Indian Medicinal Leaves Image Datasets\Datasets_Plant\Basale\299.jpg,Basale,Basale,whole_plant,val
C:\Users\hardi\Downloads\medicinal plants detection\dataset\Indian Medicinal Leaves Image Datasets\Datasets_Plant\Basale\3773.jpg,Basale,Basale,whole_plant,val
C:\Users\hardi\Downloads\medicinal plants detection\dataset\Indian Medicinal Leaves Image Datasets\Datasets_Plant\Basale\298.jpg,Basale,Basale,whole_plant,val
C:\Users\hardi\Downloads\medicinal plants detection\dataset\Indian Medicinal Leaves Image Datasets\Datasets_Plant\Basale\3738.jpg,Basale,Basale,whole_plant,val
C:\Users\hardi\Downloads\medicinal plants detection\dataset\Indian Medicinal Leaves Image Datasets\Datasets_Plant\Basale\3840.jpg,Basale,Basale,whole_plant,val
C:\Users\hardi\Downloads\medicinal plants detection\dataset\Indian Medicinal Leaves Image Datasets\Datasets_Plant\Basale\3845.jpg,Basale,Basale,whole_plant,val
C:\Users\hardi\Downloads\medicinal plants detection\dataset\Indian Medicinal Leaves Image Datasets\Datasets_Plant\Basale\3752.jpg,Basale,Basale,whole_plant,val
C:\Users\hardi\Downloads\medicinal plants detection\dataset\Indian Medicinal Leaves Image Datasets\Datasets_Plant\Basale\3744.jpg,Basale,Basale,whole_plant,val
C:\Users\hardi\Downloads\medicinal plants detection\dataset\Indian Medicinal Leaves Image Datasets\Datasets_Plant\Basale\3849.jpg,Basale,Basale,whole_plant,val
C:\Users\hardi\Downloads\medicinal plants detection\dataset\Indian Medicinal Leaves Image Datasets\Datasets_Plant\Basale\3768.jpg,Basale,Basale,whole_plant,val
C:\Users\hardi\Downloads\medicinal plants detection\dataset\Indian Medicinal Leaves Image Datasets\Datasets_Plant\Basale\3779.jpg,Basale,Basale,whole_plant,val
C:\Users\hardi\Downloads\medicinal plants detection\dataset\Indian Medicinal Leaves Image Datasets\Datasets_Plant\Basale\3814.jpg,Basale,Basale,whole_plant,val
C:\Users\hardi\Downloads\medicinal plants detection\dataset\Indian Medicinal Leaves Image Datasets\Datasets_Plant\Basale\3745.jpg,Basale,Basale,whole_plant,val
C:\Users\hardi\Downloads\medicinal plants detection\dataset\Indian Medicinal Leaves Image Datasets\Datasets_Plant\Basale\3848.jpg,Basale,Basale,whole_plant,val
C:\Users\hardi\Downloads\medicinal plants detection\dataset\Indian Medicinal Leaves Image Datasets\Datasets_Plant\Basale\3822.jpg,Basale,Basale,whole_plant,val
C:\Users\hardi\Downloads\medicinal plants detection\dataset\Indian Medicinal Leaves Image Datasets\Datasets_Plant\Basale\287.jpg,Basale,Basale,whole_plant,val
C:\Users\hardi\Downloads\medicinal plants detection\dataset\Indian Medicinal Leaves Image Datasets\Datasets_Plant\Basale\3836.jpg,Basale,Basale,whole_plant,val
C:\Users\hardi\Downloads\medicinal plants detection\dataset\Indian Medicinal Leaves Image Datasets\Datasets_Plant\Basale\3828.jpg,Basale,Basale,whole_plant,test
C:\Users\hardi\Downloads\medicinal plants detection\dataset\Indian Medicinal Leaves Image Datasets\Datasets_Plant\Basale\814.jpg,Basale,Basale,whole_plant,test
C:\Users\hardi\Downloads\medicinal plants detection\dataset\Indian Medicinal Leaves Image Datasets\Datasets_Plant\Basale\3800.jpg,Basale,Basale,whole_plant,test
C:\Users\hardi\Downloads\medicinal plants detection\dataset\Indian Medicinal Leaves Image Datasets\Datasets_Plant\Basale\815.jpg,Basale,Basale,whole_plant,test
C:\Users\hardi\Downloads\medicinal plants detection\dataset\Indian Medicinal Leaves Image Datasets\Datasets_Plant\Basale\3781.jpg,Basale,Basale,whole_plant,test
C:\Users\hardi\Downloads\medicinal plants detection\dataset\Indian Medicinal Leaves Image Datasets\Datasets_Plant\Basale\3832.jpg,Basale,Basale,whole_plant,test
C:\Users\hardi\Downloads\medicinal plants detection\dataset\Indian Medicinal Leaves Image Datasets\Datasets_Plant\Basale\3775.jpg,Basale,Basale,whole_plant,test
C:\Users\hardi\Downloads\medicinal plants detection\dataset\Indian Medicinal Leaves Image Datasets\Datasets_Plant\Basale\818.jpg,Basale,Basale,whole_plant,test
C:\Users\hardi\Downloads\medicinal plants detection\dataset\Indian Medicinal Leaves Image Datasets\Datasets_Plant\Basale\3854.jpg,Basale,Basale,whole_plant,test
C:\Users\hardi\Downloads\medicinal plants detection\dataset\Indian Medicinal Leaves Image Datasets\Datasets_Plant\Basale\3784.jpg,Basale,Basale,whole_plant,test
C:\Users\hardi\Downloads\medicinal plants detection\dataset\Indian Medicinal Leaves Image Datasets\Datasets_Plant\Basale\3780.jpg,Basale,Basale,whole_plant,test
C:\Users\hardi\Downloads\medicinal plants detection\dataset\Indian Medicinal Leaves Image Datasets\Datasets_Plant\Basale\3748.jpg,Basale,Basale,whole_plant,test
C:\Users\hardi\Downloads\medicinal plants detection\dataset\Indian Medicinal Leaves Image Datasets\Datasets_Plant\Basale\294.jpg,Basale,Basale,whole_plant,test
C:\Users\hardi\Downloads\medicinal plants detection\dataset\Indian Medicinal Leaves Image Datasets\Datasets_Plant\Basale\295.jpg,Basale,Basale,whole_plant,test
C:\Users\hardi\Downloads\medicinal plants detection\dataset\Indian Medicinal Leaves Image Datasets\Datasets_Plant\Basale\3833.jpg,Basale,Basale,whole_plant,test
C:\Users\hardi\Downloads\medicinal plants detection\dataset\Indian Medicinal Leaves Image Datasets\Datasets_Plant\Basale\3747.jpg,Basale,Basale,whole_plant,test
C:\Users\hardi\Downloads\medicinal plants detection\dataset\Indian Medicinal Leaves Image Datasets\Datasets_Plant\Basale\3751.jpg,Basale,Basale,whole_plant,test
C:\Users\hardi\Downloads\medicinal plants detection\dataset\Indian Medicinal Leaves Image Datasets\Datasets_Plant\Basale\3760.jpg,Basale,Basale,whole_plant,test
C:\Users\hardi\Downloads\medicinal plants detection\dataset\Indian Medicinal Leaves Image Datasets\Datasets_Plant\Basale\3782.jpg,Basale,Basale,whole_plant,test
C:\Users\hardi\Downloads\medicinal plants detection\dataset\Indian Medicinal Leaves Image Datasets\Datasets_Plant\Basale\3787.jpg,Basale,Basale,whole_plant,test
C:\Users\hardi\Downloads\medicinal plants detection\dataset\Indian Medicinal Leaves Image Datasets\Datasets_Plant\Basale\3795.jpg,Basale,Basale,whole_plant,test
C:\Users\hardi\Downloads\medicinal plants detection\dataset\Indian Medicinal Leaves Image Datasets\Datasets_Plant\Basale\293.jpg,Basale,Basale,whole_plant,test
C:\Users\hardi\Downloads\medicinal plants detection\dataset\Indian Medicinal Leaves Image Datasets\Datasets_Plant\Basale\3753.jpg,Basale,Basale,whole_plant,test
C:\Users\hardi\Downloads\medicinal plants detection\dataset\Indian Medicinal Leaves Image Datasets\Datasets_Plant\Betel\4157.jpg,Betel,Betel,whole_plant,train
C:\Users\hardi\Downloads\medicinal plants detection\dataset\Indian Medicinal Leaves Image Datasets\Datasets_Plant\Betel\4226.jpg,Betel,Betel,whole_plant,train
C:\Users\hardi\Downloads\medicinal plants detection\dataset\Indian Medicinal Leaves Image Datasets\Datasets_Plant\Betel\4190.jpg,Betel,Betel,whole_plant,train
C:\Users\hardi\Downloads\medicinal plants detection\dataset\Indian Medicinal Leaves Image Datasets\Datasets_Plant\Betel\4209.jpg,Betel,Betel,whole_plant,train
C:\Users\hardi\Downloads\medicinal plants detection\dataset\Indian Medicinal Leaves Image Datasets\Datasets_Plant\Betel\4159.jpg,Betel,Betel,whole_plant,train
C:\Users\hardi\Downloads\medicinal plants detection\dataset\Indian Medicinal Leaves Image Datasets\Datasets_Plant\Betel\4130.jpg,Betel,Betel,whole_plant,train
C:\Users\hardi\Downloads\medicinal plants detection\dataset\Indian Medicinal Leaves Image Datasets\Datasets_Plant\Betel\4110.jpg,Betel,Betel,whole_plant,train
C:\Users\hardi\Downloads\medicinal plants detection\dataset\Indian Medicinal Leaves Image Datasets\Datasets_Plant\Betel\4122.jpg,Betel,Betel,whole_plant,train
C:\Users\hardi\Downloads\medicinal plants detection\dataset\Indian Medicinal Leaves Image Datasets\Datasets_Plant\Betel\4203.jpg,Betel,Betel,whole_plant,train
C:\Users\hardi\Downloads\medicinal plants detection\dataset\Indian Medicinal Leaves Image Datasets\Datasets_Plant\Betel\4193.jpg,Betel,Betel,whole_plant,train
C:\Users\hardi\Downloads\medicinal plants detection\dataset\Indian Medicinal Leaves Image Datasets\Datasets_Plant\Betel\4161.jpg,Betel,Betel,whole_plant,train
C:\Users\hardi\Downloads\medicinal plants detection\dataset\Indian Medicinal Leaves Image Datasets\Datasets_Plant\Betel\4180.jpg,Betel,Betel,whole_plant,train
C:\Users\hardi\Downloads\medicinal plants detection\dataset\Indian Medicinal Leaves Image Datasets\Datasets_Plant\Betel\326.jpg,Betel,Betel,whole_plant,train
C:\Users\hardi\Downloads\medicinal plants detection\dataset\Indian Medicinal Leaves Image Datasets\Datasets_Plant\Betel\850.jpg,Betel,Betel,whole_plant,train
C:\Users\hardi\Downloads\medicinal plants detection\dataset\Indian Medicinal Leaves Image Datasets\Datasets_Plant\Betel\4204.jpg,Betel,Betel,whole_plant,train
C:\Users\hardi\Downloads\medicinal plants detection\dataset\Indian Medicinal Leaves Image Datasets\Datasets_Plant\Betel\4134.jpg,Betel,Betel,whole_plant,train
C:\Users\hardi\Downloads\medicinal plants detection\dataset\Indian Medicinal Leaves Image Datasets\Datasets_Plant\Betel\4141.jpg,Betel,Betel,whole_plant,train
C:\Users\hardi\Downloads\medicinal plants detection\dataset\Indian Medicinal Leaves Image Datasets\Datasets_Plant\Betel\4211.jpg,Betel,Betel,whole_plant,train
C:\Users\hardi\Downloads\medicinal plants detection\dataset\Indian Medicinal Leaves Image Datasets\Datasets_Plant\Betel\4223.jpg,Betel,Betel,whole_plant,train
C:\Users\hardi\Downloads\medicinal plants detection\dataset\Indian Medicinal Leaves Image Datasets\Datasets_Plant\Betel\4178.jpg,Betel,Betel,whole_plant,train
C:\Users\hardi\Downloads\medicinal plants detection\dataset\Indian Medicinal Leaves Image Datasets\Datasets_Plant\Betel\328.jpg,Betel,Betel,whole_plant,train
C:\Users\hardi\Downloads\medicinal plants detection\dataset\Indian Medicinal Leaves Image Datasets\Datasets_Plant\Betel\4214.jpg,Betel,Betel,whole_plant,train
C:\Users\hardi\Downloads\medicinal plants detection\dataset\Indian Medicinal Leaves Image Datasets\Datasets_Plant\Betel\4145.jpg,Betel,Betel,whole_plant,train
C:\Users\hardi\Downloads\medicinal plants detection\dataset\Indian Medicinal Leaves Image Datasets\Datasets_Plant\Betel\4166.jpg,Betel,Betel,whole_plant,train
C:\Users\hardi\Downloads\medicinal plants detection\dataset\Indian Medicinal Leaves Image Datasets\Datasets_Plant\Betel\4202.jpg,Betel,Betel,whole_plant,train
C:\Users\hardi\Downloads\medicinal plants detection\dataset\Indian Medicinal Leaves Image Datasets\Datasets_Plant\Betel\4217.jpg,Betel,Betel,whole_plant,train
C:\Users\hardi\Downloads\medicinal plants detection\dataset\Indian Medicinal Leaves Image Datasets\Datasets_Plant\Betel\4175.jpg,Betel,Betel,whole_plant,train
C:\Users\hardi\Downloads\medicinal plants detection\dataset\Indian Medicinal Leaves Image Datasets\Datasets_Plant\Betel\329.jpg,Betel,Betel,whole_plant,train
C:\Users\hardi\Downloads\medicinal plants detection\dataset\Indian Medicinal Leaves Image Datasets\Datasets_Plant\Betel\4131.jpg,Betel,Betel,whole_plant,train
C:\Users\hardi\Downloads\medicinal plants detection\dataset\Indian Medicinal Leaves Image Datasets\Datasets_Plant\Betel\4220.jpg,Betel,Betel,whole_plant,train
C:\Users\hardi\Downloads\medicinal plants detection\dataset\Indian Medicinal Leaves Image Datasets\Datasets_Plant\Betel\4187.jpg,Betel,Betel,whole_plant,train
C:\Users\hardi\Downloads\medicinal plants detection\dataset\Indian Medicinal Leaves Image Datasets\Datasets_Plant\Betel\4184.jpg,Betel,Betel,whole_plant,train
C:\Users\hardi\Downloads\medicinal plants detection\dataset\Indian Medicinal Leaves Image Datasets\Datasets_Plant\Betel\855.jpg,Betel,Betel,whole_plant,train
C:\Users\hardi\Downloads\medicinal plants detection\dataset\Indian Medicinal Leaves Image Datasets\Datasets_Plant\Betel\4124.jpg,Betel,Betel,whole_plant,train
C:\Users\hardi\Downloads\medicinal plants detection\dataset\Indian Medicinal Leaves Image Datasets\Datasets_Plant\Betel\4229.jpg,Betel,Betel,whole_plant,train
C:\Users\hardi\Downloads\medicinal plants detection\dataset\Indian Medicinal Leaves Image Datasets\Datasets_Plant\Betel\4106.jpg,Betel,Betel,whole_plant,train
C:\Users\hardi\Downloads\medicinal plants detection\dataset\Indian Medicinal Leaves Image Datasets\Datasets_Plant\Betel\846.jpg,Betel,Betel,whole_plant,train
C:\Users\hardi\Downloads\medicinal plants detection\dataset\Indian Medicinal Leaves Image Datasets\Datasets_Plant\Betel\4225.jpg,Betel,Betel,whole_plant,train
C:\Users\hardi\Downloads\medicinal plants detection\dataset\Indian Medicinal Leaves Image Datasets\Datasets_Plant\Betel\4219.jpg,Betel,Betel,whole_plant,train
C:\Users\hardi\Downloads\medicinal plants detection\dataset\Indian Medicinal Leaves Image Datasets\Datasets_Plant\Betel\4213.jpg,Betel,Betel,whole_plant,train
C:\Users\hardi\Downloads\medicinal plants detection\dataset\Indian Medicinal Leaves Image Datasets\Datasets_Plant\Betel\4218.jpg,Betel,Betel,whole_plant,train
C:\Users\hardi\Downloads\medicinal plants detection\dataset\Indian Medicinal Leaves Image Datasets\Datasets_Plant\Betel\4174.jpg,Betel,Betel,whole_plant,train
C:\Users\hardi\Downloads\medicinal plants detection\dataset\Indian Medicinal Leaves Image Datasets\Datasets_Plant\Betel\4188.jpg,Betel,Betel,whole_plant,train
C:\Users\hardi\Downloads\medicinal plants detection\dataset\Indian Medicinal Leaves Image Datasets\Datasets_Plant\Betel\4183.jpg,Betel,Betel,whole_plant,train
C:\Users\hardi\Downloads\medicinal plants detection\dataset\Indian Medicinal Leaves Image Datasets\Datasets_Plant\Betel\4196.jpg,Betel,Betel,whole_plant,train
C:\Users\hardi\Downloads\medicinal plants detection\dataset\Indian Medicinal Leaves Image Datasets\Datasets_Plant\Betel\4224.jpg,Betel,Betel,whole_plant,train
C:\Users\hardi\Downloads\medicinal plants detection\dataset\Indian Medicinal Leaves Image Datasets\Datasets_Plant\Betel\4108.jpg,Betel,Betel,whole_plant,train
C:\Users\hardi\Downloads\medicinal plants detection\dataset\Indian Medicinal Leaves Image Datasets\Datasets_Plant\Betel\4167.jpg,Betel,Betel,whole_plant,train
C:\Users\hardi\Downloads\medicinal plants detection\dataset\Indian Medicinal Leaves Image Datasets\Datasets_Plant\Betel\4156.jpg,Betel,Betel,whole_plant,train
C:\Users\hardi\Downloads\medicinal plants detection\dataset\Indian Medicinal Leaves Image Datasets\Datasets_Plant\Betel\4144.jpg,Betel,Betel,whole_plant,train
C:\Users\hardi\Downloads\medicinal plants detection\dataset\Indian Medicinal Leaves Image Datasets\Datasets_Plant\Betel\4152.jpg,Betel,Betel,whole_plant,train
C:\Users\hardi\Downloads\medicinal plants detection\dataset\Indian Medicinal Leaves Image Datasets\Datasets_Plant\Betel\4164.jpg,Betel,Betel,whole_plant,train
C:\Users\hardi\Downloads\medicinal plants detection\dataset\Indian Medicinal Leaves Image Datasets\Datasets_Plant\Betel\4158.jpg,Betel,Betel,whole_plant,train
C:\Users\hardi\Downloads\medicinal plants detection\dataset\Indian Medicinal Leaves Image Datasets\Datasets_Plant\Betel\854.jpg,Betel,Betel,whole_plant,train
C:\Users\hardi\Downloads\medicinal plants detection\dataset\Indian Medicinal Leaves Image Datasets\Datasets_Plant\Betel\4153.jpg,Betel,Betel,whole_plant,train
C:\Users\hardi\Downloads\medicinal plants detection\dataset\Indian Medicinal Leaves Image Datasets\Datasets_Plant\Betel\4170.jpg,Betel,Betel,whole_plant,train
C:\Users\hardi\Downloads\medicinal plants detection\dataset\Indian Medicinal Leaves Image Datasets\Datasets_Plant\Betel\4128.jpg,Betel,Betel,whole_plant,train
C:\Users\hardi\Downloads\medicinal plants detection\dataset\Indian Medicinal Leaves Image Datasets\Datasets_Plant\Betel\4210.jpg,Betel,Betel,whole_plant,train
C:\Users\hardi\Downloads\medicinal plants detection\dataset\Indian Medicinal Leaves Image Datasets\Datasets_Plant\Betel\4155.jpg,Betel,Betel,whole_plant,train
C:\Users\hardi\Downloads\medicinal plants detection\dataset\Indian Medicinal Leaves Image Datasets\Datasets_Plant\Betel\4109.jpg,Betel,Betel,whole_plant,train
C:\Users\hardi\Downloads\medicinal plants detection\dataset\Indian Medicinal Leaves Image Datasets\Datasets_Plant\Betel\4117.jpg,Betel,Betel,whole_plant,train
C:\Users\hardi\Downloads\medicinal plants detection\dataset\Indian Medicinal Leaves Image Datasets\Datasets_Plant\Betel\4227.jpg,Betel,Betel,whole_plant,train
C:\Users\hardi\Downloads\medicinal plants detection\dataset\Indian Medicinal Leaves Image Datasets\Datasets_Plant\Betel\4143.jpg,Betel,Betel,whole_plant,train
C:\Users\hardi\Downloads\medicinal plants detection\dataset\Indian Medicinal Leaves Image Datasets\Datasets_Plant\Betel\330.jpg,Betel,Betel,whole_plant,train
C:\Users\hardi\Downloads\medicinal plants detection\dataset\Indian Medicinal Leaves Image Datasets\Datasets_Plant\Betel\4179.jpg,Betel,Betel,whole_plant,train
C:\Users\hardi\Downloads\medicinal plants detection\dataset\Indian Medicinal Leaves Image Datasets\Datasets_Plant\Betel\851.jpg,Betel,Betel,whole_plant,train
C:\Users\hardi\Downloads\medicinal plants detection\dataset\Indian Medicinal Leaves Image Datasets\Datasets_Plant\Betel\4133.jpg,Betel,Betel,whole_plant,train
C:\Users\hardi\Downloads\medicinal plants detection\dataset\Indian Medicinal Leaves Image Datasets\Datasets_Plant\Betel\858.jpg,Betel,Betel,whole_plant,train
C:\Users\hardi\Downloads\medicinal plants detection\dataset\Indian Medicinal Leaves Image Datasets\Datasets_Plant\Betel\4168.jpg,Betel,Betel,whole_plant,train
C:\Users\hardi\Downloads\medicinal plants detection\dataset\Indian Medicinal Leaves Image Datasets\Datasets_Plant\Betel\4177.jpg,Betel,Betel,whole_plant,train
C:\Users\hardi\Downloads\medicinal plants detection\dataset\Indian Medicinal Leaves Image Datasets\Datasets_Plant\Betel\4228.jpg,Betel,Betel,whole_plant,train
C:\Users\hardi\Downloads\medicinal plants detection\dataset\Indian Medicinal Leaves Image Datasets\Datasets_Plant\Betel\4191.jpg,Betel,Betel,whole_plant,train
C:\Users\hardi\Downloads\medicinal plants detection\dataset\Indian Medicinal Leaves Image Datasets\Datasets_Plant\Betel\4123.jpg,Betel,Betel,whole_plant,train
C:\Users\hardi\Downloads\medicinal plants detection\dataset\Indian Medicinal Leaves Image Datasets\Datasets_Plant\Betel\4197.jpg,Betel,Betel,whole_plant,train
C:\Users\hardi\Downloads\medicinal plants detection\dataset\Indian Medicinal Leaves Image Datasets\Datasets_Plant\Betel\4113.jpg,Betel,Betel,whole_plant,train
C:\Users\hardi\Downloads\medicinal plants detection\dataset\Indian Medicinal Leaves Image Datasets\Datasets_Plant\Betel\335.jpg,Betel,Betel,whole_plant,train
C:\Users\hardi\Downloads\medicinal plants detection\dataset\Indian Medicinal Leaves Image Datasets\Datasets_Plant\Betel\4126.jpg,Betel,Betel,whole_plant,train
C:\Users\hardi\Downloads\medicinal plants detection\dataset\Indian Medicinal Leaves Image Datasets\Datasets_Plant\Betel\852.jpg,Betel,Betel,whole_plant,train
C:\Users\hardi\Downloads\medicinal plants detection\dataset\Indian Medicinal Leaves Image Datasets\Datasets_Plant\Betel\4222.jpg,Betel,Betel,whole_plant,train
C:\Users\hardi\Downloads\medicinal plants detection\dataset\Indian Medicinal Leaves Image Datasets\Datasets_Plant\Betel\4139.jpg,Betel,Betel,whole_plant,train
C:\Users\hardi\Downloads\medicinal plants detection\dataset\Indian Medicinal Leaves Image Datasets\Datasets_Plant\Betel\4112.jpg,Betel,Betel,whole_plant,train
C:\Users\hardi\Downloads\medicinal plants detection\dataset\Indian Medicinal Leaves Image Datasets\Datasets_Plant\Betel\4212.jpg,Betel,Betel,whole_plant,train
C:\Users\hardi\Downloads\medicinal plants detection\dataset\Indian Medicinal Leaves Image Datasets\Datasets_Plant\Betel\4173.jpg,Betel,Betel,whole_plant,train
C:\Users\hardi\Downloads\medicinal plants detection\dataset\Indian Medicinal Leaves Image Datasets\Datasets_Plant\Betel\4198.jpg,Betel,Betel,whole_plant,train
C:\Users\hardi\Downloads\medicinal plants detection\dataset\Indian Medicinal Leaves Image Datasets\Datasets_Plant\Betel\4215.jpg,Betel,Betel,whole_plant,train
C:\Users\hardi\Downloads\medicinal plants detection\dataset\Indian Medicinal Leaves Image Datasets\Datasets_Plant\Betel\4201.jpg,Betel,Betel,whole_plant,train
C:\Users\hardi\Downloads\medicinal plants detection\dataset\Indian Medicinal Leaves Image Datasets\Datasets_Plant\Betel\4207.jpg,Betel,Betel,whole_plant,train
C:\Users\hardi\Downloads\medicinal plants detection\dataset\Indian Medicinal Leaves Image Datasets\Datasets_Plant\Betel\4186.jpg,Betel,Betel,whole_plant,train
C:\Users\hardi\Downloads\medicinal plants detection\dataset\Indian Medicinal Leaves Image Datasets\Datasets_Plant\Betel\4194.jpg,Betel,Betel,whole_plant,train
C:\Users\hardi\Downloads\medicinal plants detection\dataset\Indian Medicinal Leaves Image Datasets\Datasets_Plant\Betel\4192.jpg,Betel,Betel,whole_plant,train
C:\Users\hardi\Downloads\medicinal plants detection\dataset\Indian Medicinal Leaves Image Datasets\Datasets_Plant\Betel\4121.jpg,Betel,Betel,whole_plant,train
C:\Users\hardi\Downloads\medicinal plants detection\dataset\Indian Medicinal Leaves Image Datasets\Datasets_Plant\Betel\4176.jpg,Betel,Betel,whole_plant,train
C:\Users\hardi\Downloads\medicinal plants detection\dataset\Indian Medicinal Leaves Image Datasets\Datasets_Plant\Betel\4205.jpg,Betel,Betel,whole_plant,train
C:\Users\hardi\Downloads\medicinal plants detection\dataset\Indian Medicinal Leaves Image Datasets\Datasets_Plant\Betel\848.jpg,Betel,Betel,whole_plant,train
C:\Users\hardi\Downloads\medicinal plants detection\dataset\Indian Medicinal Leaves Image Datasets\Datasets_Plant\Betel\4182.jpg,Betel,Betel,whole_plant,train
C:\Users\hardi\Downloads\medicinal plants detection\dataset\Indian Medicinal Leaves Image Datasets\Datasets_Plant\Betel\4116.jpg,Betel,Betel,whole_plant,train
C:\Users\hardi\Downloads\medicinal plants detection\dataset\Indian Medicinal Leaves Image Datasets\Datasets_Plant\Betel\4165.jpg,Betel,Betel,whole_plant,train
C:\Users\hardi\Downloads\medicinal plants detection\dataset\Indian Medicinal Leaves Image Datasets\Datasets_Plant\Betel\4138.jpg,Betel,Betel,whole_plant,train
C:\Users\hardi\Downloads\medicinal plants detection\dataset\Indian Medicinal Leaves Image Datasets\Datasets_Plant\Betel\4171.jpg,Betel,Betel,whole_plant,train
C:\Users\hardi\Downloads\medicinal plants detection\dataset\Indian Medicinal Leaves Image Datasets\Datasets_Plant\Betel\4172.jpg,Betel,Betel,whole_plant,train
C:\Users\hardi\Downloads\medicinal plants detection\dataset\Indian Medicinal Leaves Image Datasets\Datasets_Plant\Betel\4129.jpg,Betel,Betel,whole_plant,train
C:\Users\hardi\Downloads\medicinal plants detection\dataset\Indian Medicinal Leaves Image Datasets\Datasets_Plant\Betel\856.jpg,Betel,Betel,whole_plant,train
C:\Users\hardi\Downloads\medicinal plants detection\dataset\Indian Medicinal Leaves Image Datasets\Datasets_Plant\Betel\336.jpg,Betel,Betel,whole_plant,train
C:\Users\hardi\Downloads\medicinal plants detection\dataset\Indian Medicinal Leaves Image Datasets\Datasets_Plant\Betel\4208.jpg,Betel,Betel,whole_plant,train
C:\Users\hardi\Downloads\medicinal plants detection\dataset\Indian Medicinal Leaves Image Datasets\Datasets_Plant\Betel\4107.jpg,Betel,Betel,whole_plant,train
C:\Users\hardi\Downloads\medicinal plants detection\dataset\Indian Medicinal Leaves Image Datasets\Datasets_Plant\Betel\4160.jpg,Betel,Betel,whole_plant,val
C:\Users\hardi\Downloads\medicinal plants detection\dataset\Indian Medicinal Leaves Image Datasets\Datasets_Plant\Betel\4150.jpg,Betel,Betel,whole_plant,val
C:\Users\hardi\Downloads\medicinal plants detection\dataset\Indian Medicinal Leaves Image Datasets\Datasets_Plant\Betel\4185.jpg,Betel,Betel,whole_plant,val
C:\Users\hardi\Downloads\medicinal plants detection\dataset\Indian Medicinal Leaves Image Datasets\Datasets_Plant\Betel\331.jpg,Betel,Betel,whole_plant,val
C:\Users\hardi\Downloads\medicinal plants detection\dataset\Indian Medicinal Leaves Image Datasets\Datasets_Plant\Betel\4195.jpg,Betel,Betel,whole_plant,val
C:\Users\hardi\Downloads\medicinal plants detection\dataset\Indian Medicinal Leaves Image Datasets\Datasets_Plant\Betel\4125.jpg,Betel,Betel,whole_plant,val
C:\Users\hardi\Downloads\medicinal plants detection\dataset\Indian Medicinal Leaves Image Datasets\Datasets_Plant\Betel\4169.jpg,Betel,Betel,whole_plant,val
C:\Users\hardi\Downloads\medicinal plants detection\dataset\Indian Medicinal Leaves Image Datasets\Datasets_Plant\Betel\4136.jpg,Betel,Betel,whole_plant,val
C:\Users\hardi\Downloads\medicinal plants detection\dataset\Indian Medicinal Leaves Image Datasets\Datasets_Plant\Betel\849.jpg,Betel,Betel,whole_plant,val
C:\Users\hardi\Downloads\medicinal plants detection\dataset\Indian Medicinal Leaves Image Datasets\Datasets_Plant\Betel\4137.jpg,Betel,Betel,whole_plant,val
C:\Users\hardi\Downloads\medicinal plants detection\dataset\Indian Medicinal Leaves Image Datasets\Datasets_Plant\Betel\338.jpg,Betel,Betel,whole_plant,val
C:\Users\hardi\Downloads\medicinal plants detection\dataset\Indian Medicinal Leaves Image Datasets\Datasets_Plant\Betel\4140.jpg,Betel,Betel,whole_plant,val
C:\Users\hardi\Downloads\medicinal plants detection\dataset\Indian Medicinal Leaves Image Datasets\Datasets_Plant\Betel\337.jpg,Betel,Betel,whole_plant,val
C:\Users\hardi\Downloads\medicinal plants detection\dataset\Indian Medicinal Leaves Image Datasets\Datasets_Plant\Betel\4105.jpg,Betel,Betel,whole_plant,val
C:\Users\hardi\Downloads\medicinal plants detection\dataset\Indian Medicinal Leaves Image Datasets\Datasets_Plant\Betel\4216.jpg,Betel,Betel,whole_plant,val
C:\Users\hardi\Downloads\medicinal plants detection\dataset\Indian Medicinal Leaves Image Datasets\Datasets_Plant\Betel\4189.jpg,Betel,Betel,whole_plant,val
C:\Users\hardi\Downloads\medicinal plants detection\dataset\Indian Medicinal Leaves Image Datasets\Datasets_Plant\Betel\4119.jpg,Betel,Betel,whole_plant,val
C:\Users\hardi\Downloads\medicinal plants detection\dataset\Indian Medicinal Leaves Image Datasets\Datasets_Plant\Betel\4111.jpg,Betel,Betel,whole_plant,val
C:\Users\hardi\Downloads\medicinal plants detection\dataset\Indian Medicinal Leaves Image Datasets\Datasets_Plant\Betel\853.jpg,Betel,Betel,whole_plant,val
C:\Users\hardi\Downloads\medicinal plants detection\dataset\Indian Medicinal Leaves Image Datasets\Datasets_Plant\Betel\4135.jpg,Betel,Betel,whole_plant,val
C:\Users\hardi\Downloads\medicinal plants detection\dataset\Indian Medicinal Leaves Image Datasets\Datasets_Plant\Betel\4146.jpg,Betel,Betel,whole_plant,val
C:\Users\hardi\Downloads\medicinal plants detection\dataset\Indian Medicinal Leaves Image Datasets\Datasets_Plant\Betel\4181.jpg,Betel,Betel,whole_plant,val
C:\Users\hardi\Downloads\medicinal plants detection\dataset\Indian Medicinal Leaves Image Datasets\Datasets_Plant\Betel\4132.jpg,Betel,Betel,whole_plant,test
C:\Users\hardi\Downloads\medicinal plants detection\dataset\Indian Medicinal Leaves Image Datasets\Datasets_Plant\Betel\327.jpg,Betel,Betel,whole_plant,test
C:\Users\hardi\Downloads\medicinal plants detection\dataset\Indian Medicinal Leaves Image Datasets\Datasets_Plant\Betel\4163.jpg,Betel,Betel,whole_plant,test
C:\Users\hardi\Downloads\medicinal plants detection\dataset\Indian Medicinal Leaves Image Datasets\Datasets_Plant\Betel\4206.jpg,Betel,Betel,whole_plant,test
C:\Users\hardi\Downloads\medicinal plants detection\dataset\Indian Medicinal Leaves Image Datasets\Datasets_Plant\Betel\4148.jpg,Betel,Betel,whole_plant,test
C:\Users\hardi\Downloads\medicinal plants detection\dataset\Indian Medicinal Leaves Image Datasets\Datasets_Plant\Betel\4199.jpg,Betel,Betel,whole_plant,test
C:\Users\hardi\Downloads\medicinal plants detection\dataset\Indian Medicinal Leaves Image Datasets\Datasets_Plant\Betel\4142.jpg,Betel,Betel,whole_plant,test
C:\Users\hardi\Downloads\medicinal plants detection\dataset\Indian Medicinal Leaves Image Datasets\Datasets_Plant\Betel\857.jpg,Betel,Betel,whole_plant,test
C:\Users\hardi\Downloads\medicinal plants detection\dataset\Indian Medicinal Leaves Image Datasets\Datasets_Plant\Betel\4221.jpg,Betel,Betel,whole_plant,test
C:\Users\hardi\Downloads\medicinal plants detection\dataset\Indian Medicinal Leaves Image Datasets\Datasets_Plant\Betel\4151.jpg,Betel,Betel,whole_plant,test
C:\Users\hardi\Downloads\medicinal plants detection\dataset\Indian Medicinal Leaves Image Datasets\Datasets_Plant\Betel\4147.jpg,Betel,Betel,whole_plant,test
C:\Users\hardi\Downloads\medicinal plants detection\dataset\Indian Medicinal Leaves Image Datasets\Datasets_Plant\Betel\4115.jpg,Betel,Betel,whole_plant,test
C:\Users\hardi\Downloads\medicinal plants detection\dataset\Indian Medicinal Leaves Image Datasets\Datasets_Plant\Betel\333.jpg,Betel,Betel,whole_plant,test
C:\Users\hardi\Downloads\medicinal plants detection\dataset\Indian Medicinal Leaves Image Datasets\Datasets_Plant\Betel\334.jpg,Betel,Betel,whole_plant,test
C:\Users\hardi\Downloads\medicinal plants detection\dataset\Indian Medicinal Leaves Image Datasets\Datasets_Plant\Betel\4200.jpg,Betel,Betel,whole_plant,test
C:\Users\hardi\Downloads\medicinal plants detection\dataset\Indian Medicinal Leaves Image Datasets\Datasets_Plant\Betel\4114.jpg,Betel,Betel,whole_plant,test
C:\Users\hardi\Downloads\medicinal plants detection\dataset\Indian Medicinal Leaves Image Datasets\Datasets_Plant\Betel\847.jpg,Betel,Betel,whole_plant,test
C:\Users\hardi\Downloads\medicinal plants detection\dataset\Indian Medicinal Leaves Image Datasets\Datasets_Plant\Betel\4118.jpg,Betel,Betel,whole_plant,test
C:\Users\hardi\Downloads\medicinal plants detection\dataset\Indian Medicinal Leaves Image Datasets\Datasets_Plant\Betel\4127.jpg,Betel,Betel,whole_plant,test
C:\Users\hardi\Downloads\medicinal plants detection\dataset\Indian Medicinal Leaves Image Datasets\Datasets_Plant\Betel\4149.jpg,Betel,Betel,whole_plant,test
C:\Users\hardi\Downloads\medicinal plants detection\dataset\Indian Medicinal Leaves Image Datasets\Datasets_Plant\Betel\4154.jpg,Betel,Betel,whole_plant,test
C:\Users\hardi\Downloads\medicinal plants detection\dataset\Indian Medicinal Leaves Image Datasets\Datasets_Plant\Betel\4162.jpg,Betel,Betel,whole_plant,test
C:\Users\hardi\Downloads\medicinal plants detection\dataset\Indian Medicinal Leaves Image Datasets\Datasets_Plant\Betel\332.jpg,Betel,Betel,whole_plant,test
C:\Users\hardi\Downloads\medicinal plants detection\dataset\Indian Medicinal Leaves Image Datasets\Datasets_Plant\Betel\4120.jpg,Betel,Betel,whole_plant,test
C:\Users\hardi\Downloads\medicinal plants detection\dataset\Indian Medicinal Leaves Image Datasets\Datasets_Plant\Betel_Nut\71.jpg,Betel_Nut,Betel_Nut,whole_plant,train
C:\Users\hardi\Downloads\medicinal plants detection\dataset\Indian Medicinal Leaves Image Datasets\Datasets_Plant\Betel_Nut\1678.jpg,Betel_Nut,Betel_Nut,whole_plant,train
C:\Users\hardi\Downloads\medicinal plants detection\dataset\Indian Medicinal Leaves Image Datasets\Datasets_Plant\Betel_Nut\1742.jpg,Betel_Nut,Betel_Nut,whole_plant,train
C:\Users\hardi\Downloads\medicinal plants detection\dataset\Indian Medicinal Leaves Image Datasets\Datasets_Plant\Betel_Nut\1711.jpg,Betel_Nut,Betel_Nut,whole_plant,train
C:\Users\hardi\Downloads\medicinal plants detection\dataset\Indian Medicinal Leaves Image Datasets\Datasets_Plant\Betel_Nut\1734.jpg,Betel_Nut,Betel_Nut,whole_plant,train
C:\Users\hardi\Downloads\medicinal plants detection\dataset\Indian Medicinal Leaves Image Datasets\Datasets_Plant\Betel_Nut\1773.jpg,Betel_Nut,Betel_Nut,whole_plant,train
C:\Users\hardi\Downloads\medicinal plants detection\dataset\Indian Medicinal Leaves Image Datasets\Datasets_Plant\Betel_Nut\596.jpg,Betel_Nut,Betel_Nut,whole_plant,train
C:\Users\hardi\Downloads\medicinal plants detection\dataset\Indian Medicinal Leaves Image Datasets\Datasets_Plant\Betel_Nut\1690.jpg,Betel_Nut,Betel_Nut,whole_plant,train
C:\Users\hardi\Downloads\medicinal plants detection\dataset\Indian Medicinal Leaves Image Datasets\Datasets_Plant\Betel_Nut\67.jpg,Betel_Nut,Betel_Nut,whole_plant,train
C:\Users\hardi\Downloads\medicinal plants detection\dataset\Indian Medicinal Leaves Image Datasets\Datasets_Plant\Betel_Nut\587.jpg,Betel_Nut,Betel_Nut,whole_plant,train
C:\Users\hardi\Downloads\medicinal plants detection\dataset\Indian Medicinal Leaves Image Datasets\Datasets_Plant\Betel_Nut\1732.jpg,Betel_Nut,Betel_Nut,whole_plant,train
C:\Users\hardi\Downloads\medicinal plants detection\dataset\Indian Medicinal Leaves Image Datasets\Datasets_Plant\Betel_Nut\1729.jpg,Betel_Nut,Betel_Nut,whole_plant,train
C:\Users\hardi\Downloads\medicinal plants detection\dataset\Indian Medicinal Leaves Image Datasets\Datasets_Plant\Betel_Nut\75.jpg,Betel_Nut,Betel_Nut,whole_plant,train
C:\Users\hardi\Downloads\medicinal plants detection\dataset\Indian Medicinal Leaves Image Datasets\Datasets_Plant\Betel_Nut\1698.jpg,Betel_Nut,Betel_Nut,whole_plant,train
C:\Users\hardi\Downloads\medicinal plants detection\dataset\Indian Medicinal Leaves Image Datasets\Datasets_Plant\Betel_Nut\1743.jpg,Betel_Nut,Betel_Nut,whole_plant,train
C:\Users\hardi\Downloads\medicinal plants detection\dataset\Indian Medicinal Leaves Image Datasets\Datasets_Plant\Betel_Nut\1692.jpg,Betel_Nut,Betel_Nut,whole_plant,train
C:\Users\hardi\Downloads\medicinal plants detection\dataset\Indian Medicinal Leaves Image Datasets\Datasets_Plant\Betel_Nut\1752.jpg,Betel_Nut,Betel_Nut,whole_plant,train
C:\Users\hardi\Downloads\medicinal plants detection\dataset\Indian Medicinal Leaves Image Datasets\Datasets_Plant\Betel_Nut\1721.jpg,Betel_Nut,Betel_Nut,whole_plant,train
C:\Users\hardi\Downloads\medicinal plants detection\dataset\Indian Medicinal Leaves Image Datasets\Datasets_Plant\Betel_Nut\1702.jpg,Betel_Nut,Betel_Nut,whole_plant,train
C:\Users\hardi\Downloads\medicinal plants detection\dataset\Indian Medicinal Leaves Image Datasets\Datasets_Plant\Betel_Nut\1746.jpg,Betel_Nut,Betel_Nut,whole_plant,train
C:\Users\hardi\Downloads\medicinal plants detection\dataset\Indian Medicinal Leaves Image Datasets\Datasets_Plant\Betel_Nut\592.jpg,Betel_Nut,Betel_Nut,whole_plant,train
C:\Users\hardi\Downloads\medicinal plants detection\dataset\Indian Medicinal Leaves Image Datasets\Datasets_Plant\Betel_Nut\78.jpg,Betel_Nut,Betel_Nut,whole_plant,train
C:\Users\hardi\Downloads\medicinal plants detection\dataset\Indian Medicinal Leaves Image Datasets\Datasets_Plant\Betel_Nut\1712.jpg,Betel_Nut,Betel_Nut,whole_plant,train
C:\Users\hardi\Downloads\medicinal plants detection\dataset\Indian Medicinal Leaves Image Datasets\Datasets_Plant\Betel_Nut\1661.jpg,Betel_Nut,Betel_Nut,whole_plant,train
C:\Users\hardi\Downloads\medicinal plants detection\dataset\Indian Medicinal Leaves Image Datasets\Datasets_Plant\Betel_Nut\1748.jpg,Betel_Nut,Betel_Nut,whole_plant,train
C:\Users\hardi\Downloads\medicinal plants detection\dataset\Indian Medicinal Leaves Image Datasets\Datasets_Plant\Betel_Nut\597.jpg,Betel_Nut,Betel_Nut,whole_plant,train
C:\Users\hardi\Downloads\medicinal plants detection\dataset\Indian Medicinal Leaves Image Datasets\Datasets_Plant\Betel_Nut\1723.jpg,Betel_Nut,Betel_Nut,whole_plant,train
C:\Users\hardi\Downloads\medicinal plants detection\dataset\Indian Medicinal Leaves Image Datasets\Datasets_Plant\Betel_Nut\1762.jpg,Betel_Nut,Betel_Nut,whole_plant,train
C:\Users\hardi\Downloads\medicinal plants detection\dataset\Indian Medicinal Leaves Image Datasets\Datasets_Plant\Betel_Nut\1736.jpg,Betel_Nut,Betel_Nut,whole_plant,train
C:\Users\hardi\Downloads\medicinal plants detection\dataset\Indian Medicinal Leaves Image Datasets\Datasets_Plant\Betel_Nut\68.jpg,Betel_Nut,Betel_Nut,whole_plant,train
C:\Users\hardi\Downloads\medicinal plants detection\dataset\Indian Medicinal Leaves Image Datasets\Datasets_Plant\Betel_Nut\70.jpg,Betel_Nut,Betel_Nut,whole_plant,train
C:\Users\hardi\Downloads\medicinal plants detection\dataset\Indian Medicinal Leaves Image Datasets\Datasets_Plant\Betel_Nut\1699.jpg,Betel_Nut,Betel_Nut,whole_plant,train
C:\Users\hardi\Downloads\medicinal plants detection\dataset\Indian Medicinal Leaves Image Datasets\Datasets_Plant\Betel_Nut\1772.jpg,Betel_Nut,Betel_Nut,whole_plant,train
C:\Users\hardi\Downloads\medicinal plants detection\dataset\Indian Medicinal Leaves Image Datasets\Datasets_Plant\Betel_Nut\1720.jpg,Betel_Nut,Betel_Nut,whole_plant,train
C:\Users\hardi\Downloads\medicinal plants detection\dataset\Indian Medicinal Leaves Image Datasets\Datasets_Plant\Betel_Nut\588.jpg,Betel_Nut,Betel_Nut,whole_plant,train
C:\Users\hardi\Downloads\medicinal plants detection\dataset\Indian Medicinal Leaves Image Datasets\Datasets_Plant\Betel_Nut\1747.jpg,Betel_Nut,Betel_Nut,whole_plant,train
C:\Users\hardi\Downloads\medicinal plants detection\dataset\Indian Medicinal Leaves Image Datasets\Datasets_Plant\Betel_Nut\1676.jpg,Betel_Nut,Betel_Nut,whole_plant,train
C:\Users\hardi\Downloads\medicinal plants detection\dataset\Indian Medicinal Leaves Image Datasets\Datasets_Plant\Betel_Nut\1754.jpg,Betel_Nut,Betel_Nut,whole_plant,train
C:\Users\hardi\Downloads\medicinal plants detection\dataset\Indian Medicinal Leaves Image Datasets\Datasets_Plant\Betel_Nut\1741.jpg,Betel_Nut,Betel_Nut,whole_plant,train
C:\Users\hardi\Downloads\medicinal plants detection\dataset\Indian Medicinal Leaves Image Datasets\Datasets_Plant\Betel_Nut\1724.jpg,Betel_Nut,Betel_Nut,whole_plant,train
C:\Users\hardi\Downloads\medicinal plants detection\dataset\Indian Medicinal Leaves Image Datasets\Datasets_Plant\Betel_Nut\1727.jpg,Betel_Nut,Betel_Nut,whole_plant,train
C:\Users\hardi\Downloads\medicinal plants detection\dataset\Indian Medicinal Leaves Image Datasets\Datasets_Plant\Betel_Nut\1701.jpg,Betel_Nut,Betel_Nut,whole_plant,train
C:\Users\hardi\Downloads\medicinal plants detection\dataset\Indian Medicinal Leaves Image Datasets\Datasets_Plant\Betel_Nut\1777.jpg,Betel_Nut,Betel_Nut,whole_plant,train
C:\Users\hardi\Downloads\medicinal plants detection\dataset\Indian Medicinal Leaves Image Datasets\Datasets_Plant\Betel_Nut\66.jpg,Betel_Nut,Betel_Nut,whole_plant,train
C:\Users\hardi\Downloads\medicinal plants detection\dataset\Indian Medicinal Leaves Image Datasets\Datasets_Plant\Betel_Nut\1696.jpg,Betel_Nut,Betel_Nut,whole_plant,train
C:\Users\hardi\Downloads\medicinal plants detection\dataset\Indian Medicinal Leaves Image Datasets\Datasets_Plant\Betel_Nut\1769.jpg,Betel_Nut,Betel_Nut,whole_plant,train
C:\Users\hardi\Downloads\medicinal plants detection\dataset\Indian Medicinal Leaves Image Datasets\Datasets_Plant\Betel_Nut\1664.jpg,Betel_Nut,Betel_Nut,whole_plant,train
C:\Users\hardi\Downloads\medicinal plants detection\dataset\Indian Medicinal Leaves Image Datasets\Datasets_Plant\Betel_Nut\1677.jpg,Betel_Nut,Betel_Nut,whole_plant,train
C:\Users\hardi\Downloads\medicinal plants detection\dataset\Indian Medicinal Leaves Image Datasets\Datasets_Plant\Betel_Nut\1685.jpg,Betel_Nut,Betel_Nut,whole_plant,train
C:\Users\hardi\Downloads\medicinal plants detection\dataset\Indian Medicinal Leaves Image Datasets\Datasets_Plant\Betel_Nut\593.jpg,Betel_Nut,Betel_Nut,whole_plant,train
C:\Users\hardi\Downloads\medicinal plants detection\dataset\Indian Medicinal Leaves Image Datasets\Datasets_Plant\Betel_Nut\1662.jpg,Betel_Nut,Betel_Nut,whole_plant,train
C:\Users\hardi\Downloads\medicinal plants detection\dataset\Indian Medicinal Leaves Image Datasets\Datasets_Plant\Betel_Nut\1779.jpg,Betel_Nut,Betel_Nut,whole_plant,train
C:\Users\hardi\Downloads\medicinal plants detection\dataset\Indian Medicinal Leaves Image Datasets\Datasets_Plant\Betel_Nut\1663.jpg,Betel_Nut,Betel_Nut,whole_plant,train
C:\Users\hardi\Downloads\medicinal plants detection\dataset\Indian Medicinal Leaves Image Datasets\Datasets_Plant\Betel_Nut\1776.jpg,Betel_Nut,Betel_Nut,whole_plant,train
C:\Users\hardi\Downloads\medicinal plants detection\dataset\Indian Medicinal Leaves Image Datasets\Datasets_Plant\Betel_Nut\1709.jpg,Betel_Nut,Betel_Nut,whole_plant,train
C:\Users\hardi\Downloads\medicinal plants detection\dataset\Indian Medicinal Leaves Image Datasets\Datasets_Plant\Betel_Nut\1713.jpg,Betel_Nut,Betel_Nut,whole_plant,train
C:\Users\hardi\Downloads\medicinal plants detection\dataset\Indian Medicinal Leaves Image Datasets\Datasets_Plant\Betel_Nut\1726.jpg,Betel_Nut,Betel_Nut,whole_plant,train
C:\Users\hardi\Downloads\medicinal plants detection\dataset\Indian Medicinal Leaves Image Datasets\Datasets_Plant\Betel_Nut\1770.jpg,Betel_Nut,Betel_Nut,whole_plant,train
C:\Users\hardi\Downloads\medicinal plants detection\dataset\Indian Medicinal Leaves Image Datasets\Datasets_Plant\Betel_Nut\1674.jpg,Betel_Nut,Betel_Nut,whole_plant,train
C:\Users\hardi\Downloads\medicinal plants detection\dataset\Indian Medicinal Leaves Image Datasets\Datasets_Plant\Betel_Nut\1738.jpg,Betel_Nut,Betel_Nut,whole_plant,train
C:\Users\hardi\Downloads\medicinal plants detection\dataset\Indian Medicinal Leaves Image Datasets\Datasets_Plant\Betel_Nut\1764.jpg,Betel_Nut,Betel_Nut,whole_plant,train
C:\Users\hardi\Downloads\medicinal plants detection\dataset\Indian Medicinal Leaves Image Datasets\Datasets_Plant\Betel_Nut\1700.jpg,Betel_Nut,Betel_Nut,whole_plant,train
C:\Users\hardi\Downloads\medicinal plants detection\dataset\Indian Medicinal Leaves Image Datasets\Datasets_Plant\Betel_Nut\1725.jpg,Betel_Nut,Betel_Nut,whole_plant,train
C:\Users\hardi\Downloads\medicinal plants detection\dataset\Indian Medicinal Leaves Image Datasets\Datasets_Plant\Betel_Nut\1731.jpg,Betel_Nut,Betel_Nut,whole_plant,train
C:\Users\hardi\Downloads\medicinal plants detection\dataset\Indian Medicinal Leaves Image Datasets\Datasets_Plant\Betel_Nut\1751.jpg,Betel_Nut,Betel_Nut,whole_plant,train
C:\Users\hardi\Downloads\medicinal plants detection\dataset\Indian Medicinal Leaves Image Datasets\Datasets_Plant\Betel_Nut\598.jpg,Betel_Nut,Betel_Nut,whole_plant,train
C:\Users\hardi\Downloads\medicinal plants detection\dataset\Indian Medicinal Leaves Image Datasets\Datasets_Plant\Betel_Nut\591.jpg,Betel_Nut,Betel_Nut,whole_plant,train
C:\Users\hardi\Downloads\medicinal plants detection\dataset\Indian Medicinal Leaves Image Datasets\Datasets_Plant\Betel_Nut\1691.jpg,Betel_Nut,Betel_Nut,whole_plant,train
C:\Users\hardi\Downloads\medicinal plants detection\dataset\Indian Medicinal Leaves Image Datasets\Datasets_Plant\Betel_Nut\1758.jpg,Betel_Nut,Betel_Nut,whole_plant,train
C:\Users\hardi\Downloads\medicinal plants detection\dataset\Indian Medicinal Leaves Image Datasets\Datasets_Plant\Betel_Nut\1681.jpg,Betel_Nut,Betel_Nut,whole_plant,train
C:\Users\hardi\Downloads\medicinal plants detection\dataset\Indian Medicinal Leaves Image Datasets\Datasets_Plant\Betel_Nut\1669.jpg,Betel_Nut,Betel_Nut,whole_plant,train
C:\Users\hardi\Downloads\medicinal plants detection\dataset\Indian Medicinal Leaves Image Datasets\Datasets_Plant\Betel_Nut\1694.jpg,Betel_Nut,Betel_Nut,whole_plant,train
C:\Users\hardi\Downloads\medicinal plants detection\dataset\Indian Medicinal Leaves Image Datasets\Datasets_Plant\Betel_Nut\72.jpg,Betel_Nut,Betel_Nut,whole_plant,train
C:\Users\hardi\Downloads\medicinal plants detection\dataset\Indian Medicinal Leaves Image Datasets\Datasets_Plant\Betel_Nut\1765.jpg,Betel_Nut,Betel_Nut,whole_plant,train
C:\Users\hardi\Downloads\medicinal plants detection\dataset\Indian Medicinal Leaves Image Datasets\Datasets_Plant\Betel_Nut\1707.jpg,Betel_Nut,Betel_Nut,whole_plant,train
C:\Users\hardi\Downloads\medicinal plants detection\dataset\Indian Medicinal Leaves Image Datasets\Datasets_Plant\Betel_Nut\1778.jpg,Betel_Nut,Betel_Nut,whole_plant,train
C:\Users\hardi\Downloads\medicinal plants detection\dataset\Indian Medicinal Leaves Image Datasets\Datasets_Plant\Betel_Nut\1750.jpg,Betel_Nut,Betel_Nut,whole_plant,train
C:\Users\hardi\Downloads\medicinal plants detection\dataset\Indian Medicinal Leaves Image Datasets\Datasets_Plant\Betel_Nut\1759.jpg,Betel_Nut,Betel_Nut,whole_plant,train
C:\Users\hardi\Downloads\medicinal plants detection\dataset\Indian Medicinal Leaves Image Datasets\Datasets_Plant\Betel_Nut\1774.jpg,Betel_Nut,Betel_Nut,whole_plant,train
C:\Users\hardi\Downloads\medicinal plants detection\dataset\Indian Medicinal Leaves Image Datasets\Datasets_Plant\Betel_Nut\1756.jpg,Betel_Nut,Betel_Nut,whole_plant,train
C:\Users\hardi\Downloads\medicinal plants detection\dataset\Indian Medicinal Leaves Image Datasets\Datasets_Plant\Betel_Nut\1766.jpg,Betel_Nut,Betel_Nut,whole_plant,train
C:\Users\hardi\Downloads\medicinal plants detection\dataset\Indian Medicinal Leaves Image Datasets\Datasets_Plant\Betel_Nut\1745.jpg,Betel_Nut,Betel_Nut,whole_plant,train
C:\Users\hardi\Downloads\medicinal plants detection\dataset\Indian Medicinal Leaves Image Datasets\Datasets_Plant\Betel_Nut\1755.jpg,Betel_Nut,Betel_Nut,whole_plant,train
C:\Users\hardi\Downloads\medicinal plants detection\dataset\Indian Medicinal Leaves Image Datasets\Datasets_Plant\Betel_Nut\1760.jpg,Betel_Nut,Betel_Nut,whole_plant,train
C:\Users\hardi\Downloads\medicinal plants detection\dataset\Indian Medicinal Leaves Image Datasets\Datasets_Plant\Betel_Nut\1689.jpg,Betel_Nut,Betel_Nut,whole_plant,train
C:\Users\hardi\Downloads\medicinal plants detection\dataset\Indian Medicinal Leaves Image Datasets\Datasets_Plant\Betel_Nut\1744.jpg,Betel_Nut,Betel_Nut,whole_plant,train
C:\Users\hardi\Downloads\medicinal plants detection\dataset\Indian Medicinal Leaves Image Datasets\Datasets_Plant\Betel_Nut\1761.jpg,Betel_Nut,Betel_Nut,whole_plant,train
C:\Users\hardi\Downloads\medicinal plants detection\dataset\Indian Medicinal Leaves Image Datasets\Datasets_Plant\Betel_Nut\69.jpg,Betel_Nut,Betel_Nut,whole_plant,train
C:\Users\hardi\Downloads\medicinal plants detection\dataset\Indian Medicinal Leaves Image Datasets\Datasets_Plant\Betel_Nut\1684.jpg,Betel_Nut,Betel_Nut,whole_plant,train
C:\Users\hardi\Downloads\medicinal plants detection\dataset\Indian Medicinal Leaves Image Datasets\Datasets_Plant\Betel_Nut\1733.jpg,Betel_Nut,Betel_Nut,whole_plant,train
C:\Users\hardi\Downloads\medicinal plants detection\dataset\Indian Medicinal Leaves Image Datasets\Datasets_Plant\Betel_Nut\1706.jpg,Betel_Nut,Betel_Nut,whole_plant,train
C:\Users\hardi\Downloads\medicinal plants detection\dataset\Indian Medicinal Leaves Image Datasets\Datasets_Plant\Betel_Nut\1739.jpg,Betel_Nut,Betel_Nut,whole_plant,train
C:\Users\hardi\Downloads\medicinal plants detection\dataset\Indian Medicinal Leaves Image Datasets\Datasets_Plant\Betel_Nut\1740.jpg,Betel_Nut,Betel_Nut,whole_plant,train
C:\Users\hardi\Downloads\medicinal plants detection\dataset\Indian Medicinal Leaves Image Datasets\Datasets_Plant\Betel_Nut\1697.jpg,Betel_Nut,Betel_Nut,whole_plant,train
C:\Users\hardi\Downloads\medicinal plants detection\dataset\Indian Medicinal Leaves Image Datasets\Datasets_Plant\Betel_Nut\76.jpg,Betel_Nut,Betel_Nut,whole_plant,train
C:\Users\hardi\Downloads\medicinal plants detection\dataset\Indian Medicinal Leaves Image Datasets\Datasets_Plant\Betel_Nut\1670.jpg,Betel_Nut,Betel_Nut,whole_plant,train
C:\Users\hardi\Downloads\medicinal plants detection\dataset\Indian Medicinal Leaves Image Datasets\Datasets_Plant\Betel_Nut\594.jpg,Betel_Nut,Betel_Nut,whole_plant,train
C:\Users\hardi\Downloads\medicinal plants detection\dataset\Indian Medicinal Leaves Image Datasets\Datasets_Plant\Betel_Nut\1675.jpg,Betel_Nut,Betel_Nut,whole_plant,train
C:\Users\hardi\Downloads\medicinal plants detection\dataset\Indian Medicinal Leaves Image Datasets\Datasets_Plant\Betel_Nut\1728.jpg,Betel_Nut,Betel_Nut,whole_plant,train
C:\Users\hardi\Downloads\medicinal plants detection\dataset\Indian Medicinal Leaves Image Datasets\Datasets_Plant\Betel_Nut\1718.jpg,Betel_Nut,Betel_Nut,whole_plant,train
C:\Users\hardi\Downloads\medicinal plants detection\dataset\Indian Medicinal Leaves Image Datasets\Datasets_Plant\Betel_Nut\1753.jpg,Betel_Nut,Betel_Nut,whole_plant,train
C:\Users\hardi\Downloads\medicinal plants detection\dataset\Indian Medicinal Leaves Image Datasets\Datasets_Plant\Betel_Nut\1665.jpg,Betel_Nut,Betel_Nut,whole_plant,train
C:\Users\hardi\Downloads\medicinal plants detection\dataset\Indian Medicinal Leaves Image Datasets\Datasets_Plant\Betel_Nut\1693.jpg,Betel_Nut,Betel_Nut,whole_plant,val
C:\Users\hardi\Downloads\medicinal plants detection\dataset\Indian Medicinal Leaves Image Datasets\Datasets_Plant\Betel_Nut\1737.jpg,Betel_Nut,Betel_Nut,whole_plant,val
C:\Users\hardi\Downloads\medicinal plants detection\dataset\Indian Medicinal Leaves Image Datasets\Datasets_Plant\Betel_Nut\1704.jpg,Betel_Nut,Betel_Nut,whole_plant,val
C:\Users\hardi\Downloads\medicinal plants detection\dataset\Indian Medicinal Leaves Image Datasets\Datasets_Plant\Betel_Nut\1705.jpg,Betel_Nut,Betel_Nut,whole_plant,val
C:\Users\hardi\Downloads\medicinal plants detection\dataset\Indian Medicinal Leaves Image Datasets\Datasets_Plant\Betel_Nut\1672.jpg,Betel_Nut,Betel_Nut,whole_plant,val
C:\Users\hardi\Downloads\medicinal plants detection\dataset\Indian Medicinal Leaves Image Datasets\Datasets_Plant\Betel_Nut\1708.jpg,Betel_Nut,Betel_Nut,whole_plant,val
C:\Users\hardi\Downloads\medicinal plants detection\dataset\Indian Medicinal Leaves Image Datasets\Datasets_Plant\Betel_Nut\1671.jpg,Betel_Nut,Betel_Nut,whole_plant,val
C:\Users\hardi\Downloads\medicinal plants detection\dataset\Indian Medicinal Leaves Image Datasets\Datasets_Plant\Betel_Nut\1673.jpg,Betel_Nut,Betel_Nut,whole_plant,val
C:\Users\hardi\Downloads\medicinal plants detection\dataset\Indian Medicinal Leaves Image Datasets\Datasets_Plant\Betel_Nut\1775.jpg,Betel_Nut,Betel_Nut,whole_plant,val
C:\Users\hardi\Downloads\medicinal plants detection\dataset\Indian Medicinal Leaves Image Datasets\Datasets_Plant\Betel_Nut\586.jpg,Betel_Nut,Betel_Nut,whole_plant,val
C:\Users\hardi\Downloads\medicinal plants detection\dataset\Indian Medicinal Leaves Image Datasets\Datasets_Plant\Betel_Nut\1687.jpg,Betel_Nut,Betel_Nut,whole_plant,val
C:\Users\hardi\Downloads\medicinal plants detection\dataset\Indian Medicinal Leaves Image Datasets\Datasets_Plant\Betel_Nut\1679.jpg,Betel_Nut,Betel_Nut,whole_plant,val
C:\Users\hardi\Downloads\medicinal plants detection\dataset\Indian Medicinal Leaves Image Datasets\Datasets_Plant\Betel_Nut\590.jpg,Betel_Nut,Betel_Nut,whole_plant,val
C:\Users\hardi\Downloads\medicinal plants detection\dataset\Indian Medicinal Leaves Image Datasets\Datasets_Plant\Betel_Nut\1703.jpg,Betel_Nut,Betel_Nut,whole_plant,val
C:\Users\hardi\Downloads\medicinal plants detection\dataset\Indian Medicinal Leaves Image Datasets\Datasets_Plant\Betel_Nut\1714.jpg,Betel_Nut,Betel_Nut,whole_plant,val
C:\Users\hardi\Downloads\medicinal plants detection\dataset\Indian Medicinal Leaves Image Datasets\Datasets_Plant\Betel_Nut\1749.jpg,Betel_Nut,Betel_Nut,whole_plant,val
C:\Users\hardi\Downloads\medicinal plants detection\dataset\Indian Medicinal Leaves Image Datasets\Datasets_Plant\Betel_Nut\1680.jpg,Betel_Nut,Betel_Nut,whole_plant,val
C:\Users\hardi\Downloads\medicinal plants detection\dataset\Indian Medicinal Leaves Image Datasets\Datasets_Plant\Betel_Nut\589.jpg,Betel_Nut,Betel_Nut,whole_plant,val
C:\Users\hardi\Downloads\medicinal plants detection\dataset\Indian Medicinal Leaves Image Datasets\Datasets_Plant\Betel_Nut\1757.jpg,Betel_Nut,Betel_Nut,whole_plant,val
C:\Users\hardi\Downloads\medicinal plants detection\dataset\Indian Medicinal Leaves Image Datasets\Datasets_Plant\Betel_Nut\1660.jpg,Betel_Nut,Betel_Nut,whole_plant,val
C:\Users\hardi\Downloads\medicinal plants detection\dataset\Indian Medicinal Leaves Image Datasets\Datasets_Plant\Betel_Nut\1771.jpg,Betel_Nut,Betel_Nut,whole_plant,val
C:\Users\hardi\Downloads\medicinal plants detection\dataset\Indian Medicinal Leaves Image Datasets\Datasets_Plant\Betel_Nut\1763.jpg,Betel_Nut,Betel_Nut,whole_plant,test
C:\Users\hardi\Downloads\medicinal plants detection\dataset\Indian Medicinal Leaves Image Datasets\Datasets_Plant\Betel_Nut\73.jpg,Betel_Nut,Betel_Nut,whole_plant,test
C:\Users\hardi\Downloads\medicinal plants detection\dataset\Indian Medicinal Leaves Image Datasets\Datasets_Plant\Betel_Nut\1735.jpg,Betel_Nut,Betel_Nut,whole_plant,test
C:\Users\hardi\Downloads\medicinal plants detection\dataset\Indian Medicinal Leaves Image Datasets\Datasets_Plant\Betel_Nut\74.jpg,Betel_Nut,Betel_Nut,whole_plant,test
C:\Users\hardi\Downloads\medicinal plants detection\dataset\Indian Medicinal Leaves Image Datasets\Datasets_Plant\Betel_Nut\1716.jpg,Betel_Nut,Betel_Nut,whole_plant,test
C:\Users\hardi\Downloads\medicinal plants detection\dataset\Indian Medicinal Leaves Image Datasets\Datasets_Plant\Betel_Nut\1767.jpg,Betel_Nut,Betel_Nut,whole_plant,test
C:\Users\hardi\Downloads\medicinal plants detection\dataset\Indian Medicinal Leaves Image Datasets\Datasets_Plant\Betel_Nut\1710.jpg,Betel_Nut,Betel_Nut,whole_plant,test
C:\Users\hardi\Downloads\medicinal plants detection\dataset\Indian Medicinal Leaves Image Datasets\Datasets_Plant\Betel_Nut\77.jpg,Betel_Nut,Betel_Nut,whole_plant,test
C:\Users\hardi\Downloads\medicinal plants detection\dataset\Indian Medicinal Leaves Image Datasets\Datasets_Plant\Betel_Nut\595.jpg,Betel_Nut,Betel_Nut,whole_plant,test
C:\Users\hardi\Downloads\medicinal plants detection\dataset\Indian Medicinal Leaves Image Datasets\Datasets_Plant\Betel_Nut\1719.jpg,Betel_Nut,Betel_Nut,whole_plant,test
C:\Users\hardi\Downloads\medicinal plants detection\dataset\Indian Medicinal Leaves Image Datasets\Datasets_Plant\Betel_Nut\1715.jpg,Betel_Nut,Betel_Nut,whole_plant,test
C:\Users\hardi\Downloads\medicinal plants detection\dataset\Indian Medicinal Leaves Image Datasets\Datasets_Plant\Betel_Nut\1683.jpg,Betel_Nut,Betel_Nut,whole_plant,test
C:\Users\hardi\Downloads\medicinal plants detection\dataset\Indian Medicinal Leaves Image Datasets\Datasets_Plant\Betel_Nut\1667.jpg,Betel_Nut,Betel_Nut,whole_plant,test
C:\Users\hardi\Downloads\medicinal plants detection\dataset\Indian Medicinal Leaves Image Datasets\Datasets_Plant\Betel_Nut\1668.jpg,Betel_Nut,Betel_Nut,whole_plant,test
C:\Users\hardi\Downloads\medicinal plants detection\dataset\Indian Medicinal Leaves Image Datasets\Datasets_Plant\Betel_Nut\1768.jpg,Betel_Nut,Betel_Nut,whole_plant,test
C:\Users\hardi\Downloads\medicinal plants detection\dataset\Indian Medicinal Leaves Image Datasets\Datasets_Plant\Betel_Nut\1682.jpg,Betel_Nut,Betel_Nut,whole_plant,test
C:\Users\hardi\Downloads\medicinal plants detection\dataset\Indian Medicinal Leaves Image Datasets\Datasets_Plant\Betel_Nut\1686.jpg,Betel_Nut,Betel_Nut,whole_plant,test
C:\Users\hardi\Downloads\medicinal plants detection\dataset\Indian Medicinal Leaves Image Datasets\Datasets_Plant\Betel_Nut\1695.jpg,Betel_Nut,Betel_Nut,whole_plant,test
C:\Users\hardi\Downloads\medicinal plants detection\dataset\Indian Medicinal Leaves Image Datasets\Datasets_Plant\Betel_Nut\1717.jpg,Betel_Nut,Betel_Nut,whole_plant,test
C:\Users\hardi\Downloads\medicinal plants detection\dataset\Indian Medicinal Leaves Image Datasets\Datasets_Plant\Betel_Nut\1722.jpg,Betel_Nut,Betel_Nut,whole_plant,test
C:\Users\hardi\Downloads\medicinal plants detection\dataset\Indian Medicinal Leaves Image Datasets\Datasets_Plant\Betel_Nut\1730.jpg,Betel_Nut,Betel_Nut,whole_plant,test
C:\Users\hardi\Downloads\medicinal plants detection\dataset\Indian Medicinal Leaves Image Datasets\Datasets_Plant\Betel_Nut\1666.jpg,Betel_Nut,Betel_Nut,whole_plant,test
C:\Users\hardi\Downloads\medicinal plants detection\dataset\Indian Medicinal Leaves Image Datasets\Datasets_Plant\Betel_Nut\1688.jpg,Betel_Nut,Betel_Nut,whole_plant,test
C:\Users\hardi\Downloads\medicinal plants detection\dataset\Indian Medicinal Leaves Image Datasets\Datasets_Plant\Brahmi\916.jpg,Brahmi,Bhrami,whole_plant,train
C:\Users\hardi\Downloads\medicinal plants detection\dataset\Indian Medicinal Leaves Image Datasets\Datasets_Plant\Brahmi\4751.jpg,Brahmi,Bhrami,whole_plant,train
C:\Users\hardi\Downloads\medicinal plants detection\dataset\Indian Medicinal Leaves Image Datasets\Datasets_Plant\Brahmi\4815.jpg,Brahmi,Bhrami,whole_plant,train
C:\Users\hardi\Downloads\medicinal plants detection\dataset\Indian Medicinal Leaves Image Datasets\Datasets_Plant\Brahmi\4784.jpg,Brahmi,Bhrami,whole_plant,train
C:\Users\hardi\Downloads\medicinal plants detection\dataset\Indian Medicinal Leaves Image Datasets\Datasets_Plant\Brahmi\4807.jpg,Brahmi,Bhrami,whole_plant,train
C:\Users\hardi\Downloads\medicinal plants detection\dataset\Indian Medicinal Leaves Image Datasets\Datasets_Plant\Brahmi\4846.jpg,Brahmi,Bhrami,whole_plant,train
C:\Users\hardi\Downloads\medicinal plants detection\dataset\Indian Medicinal Leaves Image Datasets\Datasets_Plant\Brahmi\4863.jpg,Brahmi,Bhrami,whole_plant,train
C:\Users\hardi\Downloads\medicinal plants detection\dataset\Indian Medicinal Leaves Image Datasets\Datasets_Plant\Brahmi\4763.jpg,Brahmi,Bhrami,whole_plant,train
C:\Users\hardi\Downloads\medicinal plants detection\dataset\Indian Medicinal Leaves Image Datasets\Datasets_Plant\Brahmi\912.jpg,Brahmi,Bhrami,whole_plant,train
C:\Users\hardi\Downloads\medicinal plants detection\dataset\Indian Medicinal Leaves Image Datasets\Datasets_Plant\Brahmi\4854.jpg,Brahmi,Bhrami,whole_plant,train
C:\Users\hardi\Downloads\medicinal plants detection\dataset\Indian Medicinal Leaves Image Datasets\Datasets_Plant\Brahmi\4805.jpg,Brahmi,Bhrami,whole_plant,train
C:\Users\hardi\Downloads\medicinal plants detection\dataset\Indian Medicinal Leaves Image Datasets\Datasets_Plant\Brahmi\4802.jpg,Brahmi,Bhrami,whole_plant,train
C:\Users\hardi\Downloads\medicinal plants detection\dataset\Indian Medicinal Leaves Image Datasets\Datasets_Plant\Brahmi\920.jpg,Brahmi,Bhrami,whole_plant,train
C:\Users\hardi\Downloads\medicinal plants detection\dataset\Indian Medicinal Leaves Image Datasets\Datasets_Plant\Brahmi\4771.jpg,Brahmi,Bhrami,whole_plant,train
C:\Users\hardi\Downloads\medicinal plants detection\dataset\Indian Medicinal Leaves Image Datasets\Datasets_Plant\Brahmi\4816.jpg,Brahmi,Bhrami,whole_plant,train
C:\Users\hardi\Downloads\medicinal plants detection\dataset\Indian Medicinal Leaves Image Datasets\Datasets_Plant\Brahmi\4765.jpg,Brahmi,Bhrami,whole_plant,train
C:\Users\hardi\Downloads\medicinal plants detection\dataset\Indian Medicinal Leaves Image Datasets\Datasets_Plant\Brahmi\4825.jpg,Brahmi,Bhrami,whole_plant,train
C:\Users\hardi\Downloads\medicinal plants detection\dataset\Indian Medicinal Leaves Image Datasets\Datasets_Plant\Brahmi\4794.jpg,Brahmi,Bhrami,whole_plant,train
C:\Users\hardi\Downloads\medicinal plants detection\dataset\Indian Medicinal Leaves Image Datasets\Datasets_Plant\Brahmi\4775.jpg,Brahmi,Bhrami,whole_plant,train
C:\Users\hardi\Downloads\medicinal plants detection\dataset\Indian Medicinal Leaves Image Datasets\Datasets_Plant\Brahmi\4819.jpg,Brahmi,Bhrami,whole_plant,train
C:\Users\hardi\Downloads\medicinal plants detection\dataset\Indian Medicinal Leaves Image Datasets\Datasets_Plant\Brahmi\4859.jpg,Brahmi,Bhrami,whole_plant,train
C:\Users\hardi\Downloads\medicinal plants detection\dataset\Indian Medicinal Leaves Image Datasets\Datasets_Plant\Brahmi\923.jpg,Brahmi,Bhrami,whole_plant,train
C:\Users\hardi\Downloads\medicinal plants detection\dataset\Indian Medicinal Leaves Image Datasets\Datasets_Plant\Brahmi\4785.jpg,Brahmi,Bhrami,whole_plant,train
C:\Users\hardi\Downloads\medicinal plants detection\dataset\Indian Medicinal Leaves Image Datasets\Datasets_Plant\Brahmi\392.jpg,Brahmi,Bhrami,whole_plant,train
C:\Users\hardi\Downloads\medicinal plants detection\dataset\Indian Medicinal Leaves Image Datasets\Datasets_Plant\Brahmi\4821.jpg,Brahmi,Bhrami,whole_plant,train
C:\Users\hardi\Downloads\medicinal plants detection\dataset\Indian Medicinal Leaves Image Datasets\Datasets_Plant\Brahmi\4864.jpg,Brahmi,Bhrami,whole_plant,train
C:\Users\hardi\Downloads\medicinal plants detection\dataset\Indian Medicinal Leaves Image Datasets\Datasets_Plant\Brahmi\4796.jpg,Brahmi,Bhrami,whole_plant,train
C:\Users\hardi\Downloads\medicinal plants detection\dataset\Indian Medicinal Leaves Image Datasets\Datasets_Plant\Brahmi\4835.jpg,Brahmi,Bhrami,whole_plant,train
C:\Users\hardi\Downloads\medicinal plants detection\dataset\Indian Medicinal Leaves Image Datasets\Datasets_Plant\Brahmi\4809.jpg,Brahmi,Bhrami,whole_plant,train
C:\Users\hardi\Downloads\medicinal plants detection\dataset\Indian Medicinal Leaves Image Datasets\Datasets_Plant\Brahmi\913.jpg,Brahmi,Bhrami,whole_plant,train
C:\Users\hardi\Downloads\medicinal plants detection\dataset\Indian Medicinal Leaves Image Datasets\Datasets_Plant\Brahmi\915.jpg,Brahmi,Bhrami,whole_plant,train
C:\Users\hardi\Downloads\medicinal plants detection\dataset\Indian Medicinal Leaves Image Datasets\Datasets_Plant\Brahmi\4772.jpg,Brahmi,Bhrami,whole_plant,train
C:\Users\hardi\Downloads\medicinal plants detection\dataset\Indian Medicinal Leaves Image Datasets\Datasets_Plant\Brahmi\4845.jpg,Brahmi,Bhrami,whole_plant,train
C:\Users\hardi\Downloads\medicinal plants detection\dataset\Indian Medicinal Leaves Image Datasets\Datasets_Plant\Brahmi\4793.jpg,Brahmi,Bhrami,whole_plant,train
C:\Users\hardi\Downloads\medicinal plants detection\dataset\Indian Medicinal Leaves Image Datasets\Datasets_Plant\Brahmi\4855.jpg,Brahmi,Bhrami,whole_plant,train
C:\Users\hardi\Downloads\medicinal plants detection\dataset\Indian Medicinal Leaves Image Datasets\Datasets_Plant\Brahmi\4820.jpg,Brahmi,Bhrami,whole_plant,train
C:\Users\hardi\Downloads\medicinal plants detection\dataset\Indian Medicinal Leaves Image Datasets\Datasets_Plant\Brahmi\4749.jpg,Brahmi,Bhrami,whole_plant,train
C:\Users\hardi\Downloads\medicinal plants detection\dataset\Indian Medicinal Leaves Image Datasets\Datasets_Plant\Brahmi\4827.jpg,Brahmi,Bhrami,whole_plant,train
C:\Users\hardi\Downloads\medicinal plants detection\dataset\Indian Medicinal Leaves Image Datasets\Datasets_Plant\Brahmi\4814.jpg,Brahmi,Bhrami,whole_plant,train
C:\Users\hardi\Downloads\medicinal plants detection\dataset\Indian Medicinal Leaves Image Datasets\Datasets_Plant\Brahmi\4797.jpg,Brahmi,Bhrami,whole_plant,train
C:\Users\hardi\Downloads\medicinal plants detection\dataset\Indian Medicinal Leaves Image Datasets\Datasets_Plant\Brahmi\4800.jpg,Brahmi,Bhrami,whole_plant,train
C:\Users\hardi\Downloads\medicinal plants detection\dataset\Indian Medicinal Leaves Image Datasets\Datasets_Plant\Brahmi\4774.jpg,Brahmi,Bhrami,whole_plant,train
C:\Users\hardi\Downloads\medicinal plants detection\dataset\Indian Medicinal Leaves Image Datasets\Datasets_Plant\Brahmi\4850.jpg,Brahmi,Bhrami,whole_plant,train
C:\Users\hardi\Downloads\medicinal plants detection\dataset\Indian Medicinal Leaves Image Datasets\Datasets_Plant\Brahmi\911.jpg,Brahmi,Bhrami,whole_plant,train
C:\Users\hardi\Downloads\medicinal plants detection\dataset\Indian Medicinal Leaves Image Datasets\Datasets_Plant\Brahmi\4769.jpg,Brahmi,Bhrami,whole_plant,train
C:\Users\hardi\Downloads\medicinal plants detection\dataset\Indian Medicinal Leaves Image Datasets\Datasets_Plant\Brahmi\4842.jpg,Brahmi,Bhrami,whole_plant,train
C:\Users\hardi\Downloads\medicinal plants detection\dataset\Indian Medicinal Leaves Image Datasets\Datasets_Plant\Brahmi\395.jpg,Brahmi,Bhrami,whole_plant,train
C:\Users\hardi\Downloads\medicinal plants detection\dataset\Indian Medicinal Leaves Image Datasets\Datasets_Plant\Brahmi\4750.jpg,Brahmi,Bhrami,whole_plant,train
C:\Users\hardi\Downloads\medicinal plants detection\dataset\Indian Medicinal Leaves Image Datasets\Datasets_Plant\Brahmi\4758.jpg,Brahmi,Bhrami,whole_plant,train
C:\Users\hardi\Downloads\medicinal plants detection\dataset\Indian Medicinal Leaves Image Datasets\Datasets_Plant\Brahmi\4860.jpg,Brahmi,Bhrami,whole_plant,train
C:\Users\hardi\Downloads\medicinal plants detection\dataset\Indian Medicinal Leaves Image Datasets\Datasets_Plant\Brahmi\393.jpg,Brahmi,Bhrami,whole_plant,train
C:\Users\hardi\Downloads\medicinal plants detection\dataset\Indian Medicinal Leaves Image Datasets\Datasets_Plant\Brahmi\4852.jpg,Brahmi,Bhrami,whole_plant,train
C:\Users\hardi\Downloads\medicinal plants detection\dataset\Indian Medicinal Leaves Image Datasets\Datasets_Plant\Brahmi\394.jpg,Brahmi,Bhrami,whole_plant,train
C:\Users\hardi\Downloads\medicinal plants detection\dataset\Indian Medicinal Leaves Image Datasets\Datasets_Plant\Brahmi\4849.jpg,Brahmi,Bhrami,whole_plant,train
C:\Users\hardi\Downloads\medicinal plants detection\dataset\Indian Medicinal Leaves Image Datasets\Datasets_Plant\Brahmi\4782.jpg,Brahmi,Bhrami,whole_plant,train
C:\Users\hardi\Downloads\medicinal plants detection\dataset\Indian Medicinal Leaves Image Datasets\Datasets_Plant\Brahmi\4786.jpg,Brahmi,Bhrami,whole_plant,train
C:\Users\hardi\Downloads\medicinal plants detection\dataset\Indian Medicinal Leaves Image Datasets\Datasets_Plant\Brahmi\4799.jpg,Brahmi,Bhrami,whole_plant,train
C:\Users\hardi\Downloads\medicinal plants detection\dataset\Indian Medicinal Leaves Image Datasets\Datasets_Plant\Brahmi\4843.jpg,Brahmi,Bhrami,whole_plant,train
C:\Users\hardi\Downloads\medicinal plants detection\dataset\Indian Medicinal Leaves Image Datasets\Datasets_Plant\Brahmi\4747.jpg,Brahmi,Bhrami,whole_plant,train
C:\Users\hardi\Downloads\medicinal plants detection\dataset\Indian Medicinal Leaves Image Datasets\Datasets_Plant\Brahmi\4811.jpg,Brahmi,Bhrami,whole_plant,train
C:\Users\hardi\Downloads\medicinal plants detection\dataset\Indian Medicinal Leaves Image Datasets\Datasets_Plant\Brahmi\4837.jpg,Brahmi,Bhrami,whole_plant,train
C:\Users\hardi\Downloads\medicinal plants detection\dataset\Indian Medicinal Leaves Image Datasets\Datasets_Plant\Brahmi\4773.jpg,Brahmi,Bhrami,whole_plant,train
C:\Users\hardi\Downloads\medicinal plants detection\dataset\Indian Medicinal Leaves Image Datasets\Datasets_Plant\Brahmi\4798.jpg,Brahmi,Bhrami,whole_plant,train
C:\Users\hardi\Downloads\medicinal plants detection\dataset\Indian Medicinal Leaves Image Datasets\Datasets_Plant\Brahmi\4804.jpg,Brahmi,Bhrami,whole_plant,train
C:\Users\hardi\Downloads\medicinal plants detection\dataset\Indian Medicinal Leaves Image Datasets\Datasets_Plant\Brahmi\4824.jpg,Brahmi,Bhrami,whole_plant,train
C:\Users\hardi\Downloads\medicinal plants detection\dataset\Indian Medicinal Leaves Image Datasets\Datasets_Plant\Brahmi\4865.jpg,Brahmi,Bhrami,whole_plant,train
C:\Users\hardi\Downloads\medicinal plants detection\dataset\Indian Medicinal Leaves Image Datasets\Datasets_Plant\Brahmi\4858.jpg,Brahmi,Bhrami,whole_plant,train
C:\Users\hardi\Downloads\medicinal plants detection\dataset\Indian Medicinal Leaves Image Datasets\Datasets_Plant\Brahmi\4764.jpg,Brahmi,Bhrami,whole_plant,train
C:\Users\hardi\Downloads\medicinal plants detection\dataset\Indian Medicinal Leaves Image Datasets\Datasets_Plant\Brahmi\4831.jpg,Brahmi,Bhrami,whole_plant,train
C:\Users\hardi\Downloads\medicinal plants detection\dataset\Indian Medicinal Leaves Image Datasets\Datasets_Plant\Brahmi\4754.jpg,Brahmi,Bhrami,whole_plant,train
C:\Users\hardi\Downloads\medicinal plants detection\dataset\Indian Medicinal Leaves Image Datasets\Datasets_Plant\Brahmi\400.jpg,Brahmi,Bhrami,whole_plant,train
C:\Users\hardi\Downloads\medicinal plants detection\dataset\Indian Medicinal Leaves Image Datasets\Datasets_Plant\Brahmi\4767.jpg,Brahmi,Bhrami,whole_plant,train
C:\Users\hardi\Downloads\medicinal plants detection\dataset\Indian Medicinal Leaves Image Datasets\Datasets_Plant\Brahmi\917.jpg,Brahmi,Bhrami,whole_plant,train
C:\Users\hardi\Downloads\medicinal plants detection\dataset\Indian Medicinal Leaves Image Datasets\Datasets_Plant\Brahmi\4838.jpg,Brahmi,Bhrami,whole_plant,train
C:\Users\hardi\Downloads\medicinal plants detection\dataset\Indian Medicinal Leaves Image Datasets\Datasets_Plant\Brahmi\4780.jpg,Brahmi,Bhrami,whole_plant,train
C:\Users\hardi\Downloads\medicinal plants detection\dataset\Indian Medicinal Leaves Image Datasets\Datasets_Plant\Brahmi\4851.jpg,Brahmi,Bhrami,whole_plant,train
C:\Users\hardi\Downloads\medicinal plants detection\dataset\Indian Medicinal Leaves Image Datasets\Datasets_Plant\Brahmi\4823.jpg,Brahmi,Bhrami,whole_plant,train
C:\Users\hardi\Downloads\medicinal plants detection\dataset\Indian Medicinal Leaves Image Datasets\Datasets_Plant\Brahmi\4832.jpg,Brahmi,Bhrami,whole_plant,train
C:\Users\hardi\Downloads\medicinal plants detection\dataset\Indian Medicinal Leaves Image Datasets\Datasets_Plant\Brahmi\4847.jpg,Brahmi,Bhrami,whole_plant,train
C:\Users\hardi\Downloads\medicinal plants detection\dataset\Indian Medicinal Leaves Image Datasets\Datasets_Plant\Brahmi\4829.jpg,Brahmi,Bhrami,whole_plant,train
C:\Users\hardi\Downloads\medicinal plants detection\dataset\Indian Medicinal Leaves Image Datasets\Datasets_Plant\Brahmi\4839.jpg,Brahmi,Bhrami,whole_plant,train
C:\Users\hardi\Downloads\medicinal plants detection\dataset\Indian Medicinal Leaves Image Datasets\Datasets_Plant\Brahmi\4818.jpg,Brahmi,Bhrami,whole_plant,train
C:\Users\hardi\Downloads\medicinal plants detection\dataset\Indian Medicinal Leaves Image Datasets\Datasets_Plant\Brahmi\4828.jpg,Brahmi,Bhrami,whole_plant,train
C:\Users\hardi\Downloads\medicinal plants detection\dataset\Indian Medicinal Leaves Image Datasets\Datasets_Plant\Brahmi\4833.jpg,Brahmi,Bhrami,whole_plant,train
C:\Users\hardi\Downloads\medicinal plants detection\dataset\Indian Medicinal Leaves Image Datasets\Datasets_Plant\Brahmi\4762.jpg,Brahmi,Bhrami,whole_plant,train
C:\Users\hardi\Downloads\medicinal plants detection\dataset\Indian Medicinal Leaves Image Datasets\Datasets_Plant\Brahmi\4817.jpg,Brahmi,Bhrami,whole_plant,train
C:\Users\hardi\Downloads\medicinal plants detection\dataset\Indian Medicinal Leaves Image Datasets\Datasets_Plant\Brahmi\4834.jpg,Brahmi,Bhrami,whole_plant,train
C:\Users\hardi\Downloads\medicinal plants detection\dataset\Indian Medicinal Leaves Image Datasets\Datasets_Plant\Brahmi\914.jpg,Brahmi,Bhrami,whole_plant,train
C:\Users\hardi\Downloads\medicinal plants detection\dataset\Indian Medicinal Leaves Image Datasets\Datasets_Plant\Brahmi\4757.jpg,Brahmi,Bhrami,whole_plant,train
C:\Users\hardi\Downloads\medicinal plants detection\dataset\Indian Medicinal Leaves Image Datasets\Datasets_Plant\Brahmi\4806.jpg,Brahmi,Bhrami,whole_plant,train
C:\Users\hardi\Downloads\medicinal plants detection\dataset\Indian Medicinal Leaves Image Datasets\Datasets_Plant\Brahmi\4779.jpg,Brahmi,Bhrami,whole_plant,train
C:\Users\hardi\Downloads\medicinal plants detection\dataset\Indian Medicinal Leaves Image Datasets\Datasets_Plant\Brahmi\4812.jpg,Brahmi,Bhrami,whole_plant,train
C:\Users\hardi\Downloads\medicinal plants detection\dataset\Indian Medicinal Leaves Image Datasets\Datasets_Plant\Brahmi\4813.jpg,Brahmi,Bhrami,whole_plant,train
C:\Users\hardi\Downloads\medicinal plants detection\dataset\Indian Medicinal Leaves Image Datasets\Datasets_Plant\Brahmi\4770.jpg,Brahmi,Bhrami,whole_plant,train
C:\Users\hardi\Downloads\medicinal plants detection\dataset\Indian Medicinal Leaves Image Datasets\Datasets_Plant\Brahmi\921.jpg,Brahmi,Bhrami,whole_plant,train
C:\Users\hardi\Downloads\medicinal plants detection\dataset\Indian Medicinal Leaves Image Datasets\Datasets_Plant\Brahmi\401.jpg,Brahmi,Bhrami,whole_plant,train
C:\Users\hardi\Downloads\medicinal plants detection\dataset\Indian Medicinal Leaves Image Datasets\Datasets_Plant\Brahmi\4861.jpg,Brahmi,Bhrami,whole_plant,train
C:\Users\hardi\Downloads\medicinal plants detection\dataset\Indian Medicinal Leaves Image Datasets\Datasets_Plant\Brahmi\4748.jpg,Brahmi,Bhrami,whole_plant,train
C:\Users\hardi\Downloads\medicinal plants detection\dataset\Indian Medicinal Leaves Image Datasets\Datasets_Plant\Brahmi\4801.jpg,Brahmi,Bhrami,whole_plant,train
C:\Users\hardi\Downloads\medicinal plants detection\dataset\Indian Medicinal Leaves Image Datasets\Datasets_Plant\Brahmi\4791.jpg,Brahmi,Bhrami,whole_plant,train
C:\Users\hardi\Downloads\medicinal plants detection\dataset\Indian Medicinal Leaves Image Datasets\Datasets_Plant\Brahmi\4826.jpg,Brahmi,Bhrami,whole_plant,train
C:\Users\hardi\Downloads\medicinal plants detection\dataset\Indian Medicinal Leaves Image Datasets\Datasets_Plant\Brahmi\396.jpg,Brahmi,Bhrami,whole_plant,train
C:\Users\hardi\Downloads\medicinal plants detection\dataset\Indian Medicinal Leaves Image Datasets\Datasets_Plant\Brahmi\4766.jpg,Brahmi,Bhrami,whole_plant,val
C:\Users\hardi\Downloads\medicinal plants detection\dataset\Indian Medicinal Leaves Image Datasets\Datasets_Plant\Brahmi\4810.jpg,Brahmi,Bhrami,whole_plant,val
C:\Users\hardi\Downloads\medicinal plants detection\dataset\Indian Medicinal Leaves Image Datasets\Datasets_Plant\Brahmi\4777.jpg,Brahmi,Bhrami,whole_plant,val
C:\Users\hardi\Downloads\medicinal plants detection\dataset\Indian Medicinal Leaves Image Datasets\Datasets_Plant\Brahmi\4778.jpg,Brahmi,Bhrami,whole_plant,val
C:\Users\hardi\Downloads\medicinal plants detection\dataset\Indian Medicinal Leaves Image Datasets\Datasets_Plant\Brahmi\403.jpg,Brahmi,Bhrami,whole_plant,val
C:\Users\hardi\Downloads\medicinal plants detection\dataset\Indian Medicinal Leaves Image Datasets\Datasets_Plant\Brahmi\4781.jpg,Brahmi,Bhrami,whole_plant,val
C:\Users\hardi\Downloads\medicinal plants detection\dataset\Indian Medicinal Leaves Image Datasets\Datasets_Plant\Brahmi\402.jpg,Brahmi,Bhrami,whole_plant,val
C:\Users\hardi\Downloads\medicinal plants detection\dataset\Indian Medicinal Leaves Image Datasets\Datasets_Plant\Brahmi\4746.jpg,Brahmi,Bhrami,whole_plant,val
C:\Users\hardi\Downloads\medicinal plants detection\dataset\Indian Medicinal Leaves Image Datasets\Datasets_Plant\Brahmi\4848.jpg,Brahmi,Bhrami,whole_plant,val
C:\Users\hardi\Downloads\medicinal plants detection\dataset\Indian Medicinal Leaves Image Datasets\Datasets_Plant\Brahmi\4853.jpg,Brahmi,Bhrami,whole_plant,val
C:\Users\hardi\Downloads\medicinal plants detection\dataset\Indian Medicinal Leaves Image Datasets\Datasets_Plant\Brahmi\4760.jpg,Brahmi,Bhrami,whole_plant,val
C:\Users\hardi\Downloads\medicinal plants detection\dataset\Indian Medicinal Leaves Image Datasets\Datasets_Plant\Brahmi\4752.jpg,Brahmi,Bhrami,whole_plant,val
C:\Users\hardi\Downloads\medicinal plants detection\dataset\Indian Medicinal Leaves Image Datasets\Datasets_Plant\Brahmi\4857.jpg,Brahmi,Bhrami,whole_plant,val
C:\Users\hardi\Downloads\medicinal plants detection\dataset\Indian Medicinal Leaves Image Datasets\Datasets_Plant\Brahmi\4776.jpg,Brahmi,Bhrami,whole_plant,val
C:\Users\hardi\Downloads\medicinal plants detection\dataset\Indian Medicinal Leaves Image Datasets\Datasets_Plant\Brahmi\4787.jpg,Brahmi,Bhrami,whole_plant,val
C:\Users\hardi\Downloads\medicinal plants detection\dataset\Indian Medicinal Leaves Image Datasets\Datasets_Plant\Brahmi\4822.jpg,Brahmi,Bhrami,whole_plant,val
C:\Users\hardi\Downloads\medicinal plants detection\dataset\Indian Medicinal Leaves Image Datasets\Datasets_Plant\Brahmi\4753.jpg,Brahmi,Bhrami,whole_plant,val
C:\Users\hardi\Downloads\medicinal plants detection\dataset\Indian Medicinal Leaves Image Datasets\Datasets_Plant\Brahmi\4856.jpg,Brahmi,Bhrami,whole_plant,val
C:\Users\hardi\Downloads\medicinal plants detection\dataset\Indian Medicinal Leaves Image Datasets\Datasets_Plant\Brahmi\4830.jpg,Brahmi,Bhrami,whole_plant,val
C:\Users\hardi\Downloads\medicinal plants detection\dataset\Indian Medicinal Leaves Image Datasets\Datasets_Plant\Brahmi\391.jpg,Brahmi,Bhrami,whole_plant,val
C:\Users\hardi\Downloads\medicinal plants detection\dataset\Indian Medicinal Leaves Image Datasets\Datasets_Plant\Brahmi\4844.jpg,Brahmi,Bhrami,whole_plant,val
C:\Users\hardi\Downloads\medicinal plants detection\dataset\Indian Medicinal Leaves Image Datasets\Datasets_Plant\Brahmi\4836.jpg,Brahmi,Bhrami,whole_plant,test
C:\Users\hardi\Downloads\medicinal plants detection\dataset\Indian Medicinal Leaves Image Datasets\Datasets_Plant\Brahmi\918.jpg,Brahmi,Bhrami,whole_plant,test
C:\Users\hardi\Downloads\medicinal plants detection\dataset\Indian Medicinal Leaves Image Datasets\Datasets_Plant\Brahmi\4808.jpg,Brahmi,Bhrami,whole_plant,test
C:\Users\hardi\Downloads\medicinal plants detection\dataset\Indian Medicinal Leaves Image Datasets\Datasets_Plant\Brahmi\919.jpg,Brahmi,Bhrami,whole_plant,test
C:\Users\hardi\Downloads\medicinal plants detection\dataset\Indian Medicinal Leaves Image Datasets\Datasets_Plant\Brahmi\4789.jpg,Brahmi,Bhrami,whole_plant,test
C:\Users\hardi\Downloads\medicinal plants detection\dataset\Indian Medicinal Leaves Image Datasets\Datasets_Plant\Brahmi\4840.jpg,Brahmi,Bhrami,whole_plant,test
C:\Users\hardi\Downloads\medicinal plants detection\dataset\Indian Medicinal Leaves Image Datasets\Datasets_Plant\Brahmi\4783.jpg,Brahmi,Bhrami,whole_plant,test
C:\Users\hardi\Downloads\medicinal plants detection\dataset\Indian Medicinal Leaves Image Datasets\Datasets_Plant\Brahmi\922.jpg,Brahmi,Bhrami,whole_plant,test
C:\Users\hardi\Downloads\medicinal plants detection\dataset\Indian Medicinal Leaves Image Datasets\Datasets_Plant\Brahmi\4862.jpg,Brahmi,Bhrami,whole_plant,test
C:\Users\hardi\Downloads\medicinal plants detection\dataset\Indian Medicinal Leaves Image Datasets\Datasets_Plant\Brahmi\4792.jpg,Brahmi,Bhrami,whole_plant,test
C:\Users\hardi\Downloads\medicinal plants detection\dataset\Indian Medicinal Leaves Image Datasets\Datasets_Plant\Brahmi\4788.jpg,Brahmi,Bhrami,whole_plant,test
C:\Users\hardi\Downloads\medicinal plants detection\dataset\Indian Medicinal Leaves Image Datasets\Datasets_Plant\Brahmi\4756.jpg,Brahmi,Bhrami,whole_plant,test
C:\Users\hardi\Downloads\medicinal plants detection\dataset\Indian Medicinal Leaves Image Datasets\Datasets_Plant\Brahmi\398.jpg,Brahmi,Bhrami,whole_plant,test
C:\Users\hardi\Downloads\medicinal plants detection\dataset\Indian Medicinal Leaves Image Datasets\Datasets_Plant\Brahmi\399.jpg,Brahmi,Bhrami,whole_plant,test
C:\Users\hardi\Downloads\medicinal plants detection\dataset\Indian Medicinal Leaves Image Datasets\Datasets_Plant\Brahmi\4841.jpg,Brahmi,Bhrami,whole_plant,test
C:\Users\hardi\Downloads\medicinal plants detection\dataset\Indian Medicinal Leaves Image Datasets\Datasets_Plant\Brahmi\4755.jpg,Brahmi,Bhrami,whole_plant,test
C:\Users\hardi\Downloads\medicinal plants detection\dataset\Indian Medicinal Leaves Image Datasets\Datasets_Plant\Brahmi\4759.jpg,Brahmi,Bhrami,whole_plant,test
C:\Users\hardi\Downloads\medicinal plants detection\dataset\Indian Medicinal Leaves Image Datasets\Datasets_Plant\Brahmi\4768.jpg,Brahmi,Bhrami,whole_plant,test
C:\Users\hardi\Downloads\medicinal plants detection\dataset\Indian Medicinal Leaves Image Datasets\Datasets_Plant\Brahmi\4790.jpg,Brahmi,Bhrami,whole_plant,test
C:\Users\hardi\Downloads\medicinal plants detection\dataset\Indian Medicinal Leaves Image Datasets\Datasets_Plant\Brahmi\4795.jpg,Brahmi,Bhrami,whole_plant,test
C:\Users\hardi\Downloads\medicinal plants detection\dataset\Indian Medicinal Leaves Image Datasets\Datasets_Plant\Brahmi\4803.jpg,Brahmi,Bhrami,whole_plant,test
C:\Users\hardi\Downloads\medicinal plants detection\dataset\Indian Medicinal Leaves Image Datasets\Datasets_Plant\Brahmi\397.jpg,Brahmi,Bhrami,whole_plant,test
C:\Users\hardi\Downloads\medicinal plants detection\dataset\Indian Medicinal Leaves Image Datasets\Datasets_Plant\Brahmi\4761.jpg,Brahmi,Bhrami,whole_plant,test
C:\Users\hardi\Downloads\medicinal plants detection\dataset\Indian Medicinal Leaves Image Datasets\Datasets_Plant\Castor\4536.jpg,Castor,Castor,whole_plant,train
C:\Users\hardi\Downloads\medicinal plants detection\dataset\Indian Medicinal Leaves Image Datasets\Datasets_Plant\Castor\4564.jpg,Castor,Castor,whole_plant,train
C:\Users\hardi\Downloads\medicinal plants detection\dataset\Indian Medicinal Leaves Image Datasets\Datasets_Plant\Castor\4579.jpg,Castor,Castor,whole_plant,train
C:\Users\hardi\Downloads\medicinal plants detection\dataset\Indian Medicinal Leaves Image Datasets\Datasets_Plant\Castor\4517.jpg,Castor,Castor,whole_plant,train
C:\Users\hardi\Downloads\medicinal plants detection\dataset\Indian Medicinal Leaves Image Datasets\Datasets_Plant\Castor\4618.jpg,Castor,Castor,whole_plant,train
C:\Users\hardi\Downloads\medicinal plants detection\dataset\Indian Medicinal Leaves Image Datasets\Datasets_Plant\Castor\4560.jpg,Castor,Castor,whole_plant,train
C:\Users\hardi\Downloads\medicinal plants detection\dataset\Indian Medicinal Leaves Image Datasets\Datasets_Plant\Castor\4608.jpg,Castor,Castor,whole_plant,train
C:\Users\hardi\Downloads\medicinal plants detection\dataset\Indian Medicinal Leaves Image Datasets\Datasets_Plant\Castor\376.jpg,Castor,Castor,whole_plant,train
C:\Users\hardi\Downloads\medicinal plants detection\dataset\Indian Medicinal Leaves Image Datasets\Datasets_Plant\Castor\4611.jpg,Castor,Castor,whole_plant,train
C:\Users\hardi\Downloads\medicinal plants detection\dataset\Indian Medicinal Leaves Image Datasets\Datasets_Plant\Castor\4541.jpg,Castor,Castor,whole_plant,train
C:\Users\hardi\Downloads\medicinal plants detection\dataset\Indian Medicinal Leaves Image Datasets\Datasets_Plant\Castor\4505.jpg,Castor,Castor,whole_plant,train
C:\Users\hardi\Downloads\medicinal plants detection\dataset\Indian Medicinal Leaves Image Datasets\Datasets_Plant\Castor\4615.jpg,Castor,Castor,whole_plant,train
C:\Users\hardi\Downloads\medicinal plants detection\dataset\Indian Medicinal Leaves Image Datasets\Datasets_Plant\Castor\889.jpg,Castor,Castor,whole_plant,train
C:\Users\hardi\Downloads\medicinal plants detection\dataset\Indian Medicinal Leaves Image Datasets\Datasets_Plant\Castor\4493.jpg,Castor,Castor,whole_plant,train
C:\Users\hardi\Downloads\medicinal plants detection\dataset\Indian Medicinal Leaves Image Datasets\Datasets_Plant\Castor\4571.jpg,Castor,Castor,whole_plant,train
C:\Users\hardi\Downloads\medicinal plants detection\dataset\Indian Medicinal Leaves Image Datasets\Datasets_Plant\Castor\4595.jpg,Castor,Castor,whole_plant,train
C:\Users\hardi\Downloads\medicinal plants detection\dataset\Indian Medicinal Leaves Image Datasets\Datasets_Plant\Castor\365.jpg,Castor,Castor,whole_plant,train
C:\Users\hardi\Downloads\medicinal plants detection\dataset\Indian Medicinal Leaves Image Datasets\Datasets_Plant\Castor\4492.jpg,Castor,Castor,whole_plant,train
C:\Users\hardi\Downloads\medicinal plants detection\dataset\Indian Medicinal Leaves Image Datasets\Datasets_Plant\Castor\4527.jpg,Castor,Castor,whole_plant,train
C:\Users\hardi\Downloads\medicinal plants detection\dataset\Indian Medicinal Leaves Image Datasets\Datasets_Plant\Castor\4597.jpg,Castor,Castor,whole_plant,train
C:\Users\hardi\Downloads\medicinal plants detection\dataset\Indian Medicinal Leaves Image Datasets\Datasets_Plant\Castor\4513.jpg,Castor,Castor,whole_plant,train
C:\Users\hardi\Downloads\medicinal plants detection\dataset\Indian Medicinal Leaves Image Datasets\Datasets_Plant\Castor\4547.jpg,Castor,Castor,whole_plant,train
C:\Users\hardi\Downloads\medicinal plants detection\dataset\Indian Medicinal Leaves Image Datasets\Datasets_Plant\Castor\4606.jpg,Castor,Castor,whole_plant,train
C:\Users\hardi\Downloads\medicinal plants detection\dataset\Indian Medicinal Leaves Image Datasets\Datasets_Plant\Castor\4569.jpg,Castor,Castor,whole_plant,train
C:\Users\hardi\Downloads\medicinal plants detection\dataset\Indian Medicinal Leaves Image Datasets\Datasets_Plant\Castor\367.jpg,Castor,Castor,whole_plant,train
C:\Users\hardi\Downloads\medicinal plants detection\dataset\Indian Medicinal Leaves Image Datasets\Datasets_Plant\Castor\4494.jpg,Castor,Castor,whole_plant,train
C:\Users\hardi\Downloads\medicinal plants detection\dataset\Indian Medicinal Leaves Image Datasets\Datasets_Plant\Castor\4551.jpg,Castor,Castor,whole_plant,train
C:\Users\hardi\Downloads\medicinal plants detection\dataset\Indian Medicinal Leaves Image Datasets\Datasets_Plant\Castor\4598.jpg,Castor,Castor,whole_plant,train
C:\Users\hardi\Downloads\medicinal plants detection\dataset\Indian Medicinal Leaves Image Datasets\Datasets_Plant\Castor\4542.jpg,Castor,Castor,whole_plant,train
C:\Users\hardi\Downloads\medicinal plants detection\dataset\Indian Medicinal Leaves Image Datasets\Datasets_Plant\Castor\894.jpg,Castor,Castor,whole_plant,train
C:\Users\hardi\Downloads\medicinal plants detection\dataset\Indian Medicinal Leaves Image Datasets\Datasets_Plant\Castor\893.jpg,Castor,Castor,whole_plant,train
C:\Users\hardi\Downloads\medicinal plants detection\dataset\Indian Medicinal Leaves Image Datasets\Datasets_Plant\Castor\4617.jpg,Castor,Castor,whole_plant,train
C:\Users\hardi\Downloads\medicinal plants detection\dataset\Indian Medicinal Leaves Image Datasets\Datasets_Plant\Castor\4586.jpg,Castor,Castor,whole_plant,train
C:\Users\hardi\Downloads\medicinal plants detection\dataset\Indian Medicinal Leaves Image Datasets\Datasets_Plant\Castor\368.jpg,Castor,Castor,whole_plant,train
C:\Users\hardi\Downloads\medicinal plants detection\dataset\Indian Medicinal Leaves Image Datasets\Datasets_Plant\Castor\4576.jpg,Castor,Castor,whole_plant,train
C:\Users\hardi\Downloads\medicinal plants detection\dataset\Indian Medicinal Leaves Image Datasets\Datasets_Plant\Castor\4529.jpg,Castor,Castor,whole_plant,train
C:\Users\hardi\Downloads\medicinal plants detection\dataset\Indian Medicinal Leaves Image Datasets\Datasets_Plant\Castor\4507.jpg,Castor,Castor,whole_plant,train
C:\Users\hardi\Downloads\medicinal plants detection\dataset\Indian Medicinal Leaves Image Datasets\Datasets_Plant\Castor\4550.jpg,Castor,Castor,whole_plant,train
C:\Users\hardi\Downloads\medicinal plants detection\dataset\Indian Medicinal Leaves Image Datasets\Datasets_Plant\Castor\4489.jpg,Castor,Castor,whole_plant,train
C:\Users\hardi\Downloads\medicinal plants detection\dataset\Indian Medicinal Leaves Image Datasets\Datasets_Plant\Castor\4602.jpg,Castor,Castor,whole_plant,train
C:\Users\hardi\Downloads\medicinal plants detection\dataset\Indian Medicinal Leaves Image Datasets\Datasets_Plant\Castor\4528.jpg,Castor,Castor,whole_plant,train
C:\Users\hardi\Downloads\medicinal plants detection\dataset\Indian Medicinal Leaves Image Datasets\Datasets_Plant\Castor\4518.jpg,Castor,Castor,whole_plant,train
C:\Users\hardi\Downloads\medicinal plants detection\dataset\Indian Medicinal Leaves Image Datasets\Datasets_Plant\Castor\4538.jpg,Castor,Castor,whole_plant,train
C:\Users\hardi\Downloads\medicinal plants detection\dataset\Indian Medicinal Leaves Image Datasets\Datasets_Plant\Castor\4572.jpg,Castor,Castor,whole_plant,train
C:\Users\hardi\Downloads\medicinal plants detection\dataset\Indian Medicinal Leaves Image Datasets\Datasets_Plant\Castor\4524.jpg,Castor,Castor,whole_plant,train
C:\Users\hardi\Downloads\medicinal plants detection\dataset\Indian Medicinal Leaves Image Datasets\Datasets_Plant\Castor\4540.jpg,Castor,Castor,whole_plant,train
C:\Users\hardi\Downloads\medicinal plants detection\dataset\Indian Medicinal Leaves Image Datasets\Datasets_Plant\Castor\4567.jpg,Castor,Castor,whole_plant,train
C:\Users\hardi\Downloads\medicinal plants detection\dataset\Indian Medicinal Leaves Image Datasets\Datasets_Plant\Castor\4613.jpg,Castor,Castor,whole_plant,train
C:\Users\hardi\Downloads\medicinal plants detection\dataset\Indian Medicinal Leaves Image Datasets\Datasets_Plant\Castor\4539.jpg,Castor,Castor,whole_plant,train
C:\Users\hardi\Downloads\medicinal plants detection\dataset\Indian Medicinal Leaves Image Datasets\Datasets_Plant\Castor\4491.jpg,Castor,Castor,whole_plant,train
C:\Users\hardi\Downloads\medicinal plants detection\dataset\Indian Medicinal Leaves Image Datasets\Datasets_Plant\Castor\4558.jpg,Castor,Castor,whole_plant,train
C:\Users\hardi\Downloads\medicinal plants detection\dataset\Indian Medicinal Leaves Image Datasets\Datasets_Plant\Castor\4544.jpg,Castor,Castor,whole_plant,train
C:\Users\hardi\Downloads\medicinal plants detection\dataset\Indian Medicinal Leaves Image Datasets\Datasets_Plant\Castor\4605.jpg,Castor,Castor,whole_plant,train
C:\Users\hardi\Downloads\medicinal plants detection\dataset\Indian Medicinal Leaves Image Datasets\Datasets_Plant\Castor\4500.jpg,Castor,Castor,whole_plant,train
C:\Users\hardi\Downloads\medicinal plants detection\dataset\Indian Medicinal Leaves Image Datasets\Datasets_Plant\Castor\4553.jpg,Castor,Castor,whole_plant,train
C:\Users\hardi\Downloads\medicinal plants detection\dataset\Indian Medicinal Leaves Image Datasets\Datasets_Plant\Castor\4580.jpg,Castor,Castor,whole_plant,train
C:\Users\hardi\Downloads\medicinal plants detection\dataset\Indian Medicinal Leaves Image Datasets\Datasets_Plant\Castor\4488.jpg,Castor,Castor,whole_plant,train
C:\Users\hardi\Downloads\medicinal plants detection\dataset\Indian Medicinal Leaves Image Datasets\Datasets_Plant\Castor\4594.jpg,Castor,Castor,whole_plant,train
C:\Users\hardi\Downloads\medicinal plants detection\dataset\Indian Medicinal Leaves Image Datasets\Datasets_Plant\Castor\4619.jpg,Castor,Castor,whole_plant,train
C:\Users\hardi\Downloads\medicinal plants detection\dataset\Indian Medicinal Leaves Image Datasets\Datasets_Plant\Castor\4616.jpg,Castor,Castor,whole_plant,train
C:\Users\hardi\Downloads\medicinal plants detection\dataset\Indian Medicinal Leaves Image Datasets\Datasets_Plant\Castor\4511.jpg,Castor,Castor,whole_plant,train
C:\Users\hardi\Downloads\medicinal plants detection\dataset\Indian Medicinal Leaves Image Datasets\Datasets_Plant\Castor\4535.jpg,Castor,Castor,whole_plant,train
C:\Users\hardi\Downloads\medicinal plants detection\dataset\Indian Medicinal Leaves Image Datasets\Datasets_Plant\Castor\4566.jpg,Castor,Castor,whole_plant,train
C:\Users\hardi\Downloads\medicinal plants detection\dataset\Indian Medicinal Leaves Image Datasets\Datasets_Plant\Castor\4502.jpg,Castor,Castor,whole_plant,train
C:\Users\hardi\Downloads\medicinal plants detection\dataset\Indian Medicinal Leaves Image Datasets\Datasets_Plant\Castor\4577.jpg,Castor,Castor,whole_plant,train
C:\Users\hardi\Downloads\medicinal plants detection\dataset\Indian Medicinal Leaves Image Datasets\Datasets_Plant\Castor\4549.jpg,Castor,Castor,whole_plant,train
C:\Users\hardi\Downloads\medicinal plants detection\dataset\Indian Medicinal Leaves Image Datasets\Datasets_Plant\Castor\4526.jpg,Castor,Castor,whole_plant,train
C:\Users\hardi\Downloads\medicinal plants detection\dataset\Indian Medicinal Leaves Image Datasets\Datasets_Plant\Castor\4610.jpg,Castor,Castor,whole_plant,train
C:\Users\hardi\Downloads\medicinal plants detection\dataset\Indian Medicinal Leaves Image Datasets\Datasets_Plant\Castor\369.jpg,Castor,Castor,whole_plant,train
C:\Users\hardi\Downloads\medicinal plants detection\dataset\Indian Medicinal Leaves Image Datasets\Datasets_Plant\Castor\4570.jpg,Castor,Castor,whole_plant,train
C:\Users\hardi\Downloads\medicinal plants detection\dataset\Indian Medicinal Leaves Image Datasets\Datasets_Plant\Castor\886.jpg,Castor,Castor,whole_plant,train
C:\Users\hardi\Downloads\medicinal plants detection\dataset\Indian Medicinal Leaves Image Datasets\Datasets_Plant\Castor\4516.jpg,Castor,Castor,whole_plant,train
C:\Users\hardi\Downloads\medicinal plants detection\dataset\Indian Medicinal Leaves Image Datasets\Datasets_Plant\Castor\897.jpg,Castor,Castor,whole_plant,train
C:\Users\hardi\Downloads\medicinal plants detection\dataset\Indian Medicinal Leaves Image Datasets\Datasets_Plant\Castor\4607.jpg,Castor,Castor,whole_plant,train
C:\Users\hardi\Downloads\medicinal plants detection\dataset\Indian Medicinal Leaves Image Datasets\Datasets_Plant\Castor\4575.jpg,Castor,Castor,whole_plant,train
C:\Users\hardi\Downloads\medicinal plants detection\dataset\Indian Medicinal Leaves Image Datasets\Datasets_Plant\Castor\4592.jpg,Castor,Castor,whole_plant,train
C:\Users\hardi\Downloads\medicinal plants detection\dataset\Indian Medicinal Leaves Image Datasets\Datasets_Plant\Castor\4620.jpg,Castor,Castor,whole_plant,train
C:\Users\hardi\Downloads\medicinal plants detection\dataset\Indian Medicinal Leaves Image Datasets\Datasets_Plant\Castor\4563.jpg,Castor,Castor,whole_plant,train
C:\Users\hardi\Downloads\medicinal plants detection\dataset\Indian Medicinal Leaves Image Datasets\Datasets_Plant\Castor\4506.jpg,Castor,Castor,whole_plant,train
C:\Users\hardi\Downloads\medicinal plants detection\dataset\Indian Medicinal Leaves Image Datasets\Datasets_Plant\Castor\4590.jpg,Castor,Castor,whole_plant,train
C:\Users\hardi\Downloads\medicinal plants detection\dataset\Indian Medicinal Leaves Image Datasets\Datasets_Plant\Castor\4496.jpg,Castor,Castor,whole_plant,train
C:\Users\hardi\Downloads\medicinal plants detection\dataset\Indian Medicinal Leaves Image Datasets\Datasets_Plant\Castor\4596.jpg,Castor,Castor,whole_plant,train
C:\Users\hardi\Downloads\medicinal plants detection\dataset\Indian Medicinal Leaves Image Datasets\Datasets_Plant\Castor\374.jpg,Castor,Castor,whole_plant,train
C:\Users\hardi\Downloads\medicinal plants detection\dataset\Indian Medicinal Leaves Image Datasets\Datasets_Plant\Castor\4557.jpg,Castor,Castor,whole_plant,train
C:\Users\hardi\Downloads\medicinal plants detection\dataset\Indian Medicinal Leaves Image Datasets\Datasets_Plant\Castor\4509.jpg,Castor,Castor,whole_plant,train
C:\Users\hardi\Downloads\medicinal plants detection\dataset\Indian Medicinal Leaves Image Datasets\Datasets_Plant\Castor\4603.jpg,Castor,Castor,whole_plant,train
C:\Users\hardi\Downloads\medicinal plants detection\dataset\Indian Medicinal Leaves Image Datasets\Datasets_Plant\Castor\4599.jpg,Castor,Castor,whole_plant,train
C:\Users\hardi\Downloads\medicinal plants detection\dataset\Indian Medicinal Leaves Image Datasets\Datasets_Plant\Castor\4522.jpg,Castor,Castor,whole_plant,train
C:\Users\hardi\Downloads\medicinal plants detection\dataset\Indian Medicinal Leaves Image Datasets\Datasets_Plant\Castor\4495.jpg,Castor,Castor,whole_plant,train
C:\Users\hardi\Downloads\medicinal plants detection\dataset\Indian Medicinal Leaves Image Datasets\Datasets_Plant\Castor\4584.jpg,Castor,Castor,whole_plant,train
C:\Users\hardi\Downloads\medicinal plants detection\dataset\Indian Medicinal Leaves Image Datasets\Datasets_Plant\Castor\4556.jpg,Castor,Castor,whole_plant,train
C:\Users\hardi\Downloads\medicinal plants detection\dataset\Indian Medicinal Leaves Image Datasets\Datasets_Plant\Castor\4591.jpg,Castor,Castor,whole_plant,train
C:\Users\hardi\Downloads\medicinal plants detection\dataset\Indian Medicinal Leaves Image Datasets\Datasets_Plant\Castor\892.jpg,Castor,Castor,whole_plant,train
C:\Users\hardi\Downloads\medicinal plants detection\dataset\Indian Medicinal Leaves Image Datasets\Datasets_Plant\Castor\4588.jpg,Castor,Castor,whole_plant,train
C:\Users\hardi\Downloads\medicinal plants detection\dataset\Indian Medicinal Leaves Image Datasets\Datasets_Plant\Castor\4600.jpg,Castor,Castor,whole_plant,train
C:\Users\hardi\Downloads\medicinal plants detection\dataset\Indian Medicinal Leaves Image Datasets\Datasets_Plant\Castor\4574.jpg,Castor,Castor,whole_plant,train
C:\Users\hardi\Downloads\medicinal plants detection\dataset\Indian Medicinal Leaves Image Datasets\Datasets_Plant\Castor\4587.jpg,Castor,Castor,whole_plant,train
C:\Users\hardi\Downloads\medicinal plants detection\dataset\Indian Medicinal Leaves Image Datasets\Datasets_Plant\Castor\4585.jpg,Castor,Castor,whole_plant,train
C:\Users\hardi\Downloads\medicinal plants detection\dataset\Indian Medicinal Leaves Image Datasets\Datasets_Plant\Castor\4573.jpg,Castor,Castor,whole_plant,train
C:\Users\hardi\Downloads\medicinal plants detection\dataset\Indian Medicinal Leaves Image Datasets\Datasets_Plant\Castor\4504.jpg,Castor,Castor,whole_plant,train
C:\Users\hardi\Downloads\medicinal plants detection\dataset\Indian Medicinal Leaves Image Datasets\Datasets_Plant\Castor\4559.jpg,Castor,Castor,whole_plant,train
C:\Users\hardi\Downloads\medicinal plants detection\dataset\Indian Medicinal Leaves Image Datasets\Datasets_Plant\Castor\4593.jpg,Castor,Castor,whole_plant,train
C:\Users\hardi\Downloads\medicinal plants detection\dataset\Indian Medicinal Leaves Image Datasets\Datasets_Plant\Castor\887.jpg,Castor,Castor,whole_plant,train
C:\Users\hardi\Downloads\medicinal plants detection\dataset\Indian Medicinal Leaves Image Datasets\Datasets_Plant\Castor\4565.jpg,Castor,Castor,whole_plant,train
C:\Users\hardi\Downloads\medicinal plants detection\dataset\Indian Medicinal Leaves Image Datasets\Datasets_Plant\Castor\4499.jpg,Castor,Castor,whole_plant,train
C:\Users\hardi\Downloads\medicinal plants detection\dataset\Indian Medicinal Leaves Image Datasets\Datasets_Plant\Castor\4548.jpg,Castor,Castor,whole_plant,train
C:\Users\hardi\Downloads\medicinal plants detection\dataset\Indian Medicinal Leaves Image Datasets\Datasets_Plant\Castor\4521.jpg,Castor,Castor,whole_plant,train
C:\Users\hardi\Downloads\medicinal plants detection\dataset\Indian Medicinal Leaves Image Datasets\Datasets_Plant\Castor\4554.jpg,Castor,Castor,whole_plant,train
C:\Users\hardi\Downloads\medicinal plants detection\dataset\Indian Medicinal Leaves Image Datasets\Datasets_Plant\Castor\4555.jpg,Castor,Castor,whole_plant,train
C:\Users\hardi\Downloads\medicinal plants detection\dataset\Indian Medicinal Leaves Image Datasets\Datasets_Plant\Castor\4581.jpg,Castor,Castor,whole_plant,train
C:\Users\hardi\Downloads\medicinal plants detection\dataset\Indian Medicinal Leaves Image Datasets\Datasets_Plant\Castor\4512.jpg,Castor,Castor,whole_plant,train
C:\Users\hardi\Downloads\medicinal plants detection\dataset\Indian Medicinal Leaves Image Datasets\Datasets_Plant\Castor\895.jpg,Castor,Castor,whole_plant,train
C:\Users\hardi\Downloads\medicinal plants detection\dataset\Indian Medicinal Leaves Image Datasets\Datasets_Plant\Castor\375.jpg,Castor,Castor,whole_plant,val
C:\Users\hardi\Downloads\medicinal plants detection\dataset\Indian Medicinal Leaves Image Datasets\Datasets_Plant\Castor\4601.jpg,Castor,Castor,whole_plant,val
C:\Users\hardi\Downloads\medicinal plants detection\dataset\Indian Medicinal Leaves Image Datasets\Datasets_Plant\Castor\4490.jpg,Castor,Castor,whole_plant,val
C:\Users\hardi\Downloads\medicinal plants detection\dataset\Indian Medicinal Leaves Image Datasets\Datasets_Plant\Castor\4543.jpg,Castor,Castor,whole_plant,val
C:\Users\hardi\Downloads\medicinal plants detection\dataset\Indian Medicinal Leaves Image Datasets\Datasets_Plant\Castor\4533.jpg,Castor,Castor,whole_plant,val
C:\Users\hardi\Downloads\medicinal plants detection\dataset\Indian Medicinal Leaves Image Datasets\Datasets_Plant\Castor\4568.jpg,Castor,Castor,whole_plant,val
C:\Users\hardi\Downloads\medicinal plants detection\dataset\Indian Medicinal Leaves Image Datasets\Datasets_Plant\Castor\370.jpg,Castor,Castor,whole_plant,val
C:\Users\hardi\Downloads\medicinal plants detection\dataset\Indian Medicinal Leaves Image Datasets\Datasets_Plant\Castor\4578.jpg,Castor,Castor,whole_plant,val
C:\Users\hardi\Downloads\medicinal plants detection\dataset\Indian Medicinal Leaves Image Datasets\Datasets_Plant\Castor\4508.jpg,Castor,Castor,whole_plant,val
C:\Users\hardi\Downloads\medicinal plants detection\dataset\Indian Medicinal Leaves Image Datasets\Datasets_Plant\Castor\4552.jpg,Castor,Castor,whole_plant,val
C:\Users\hardi\Downloads\medicinal plants detection\dataset\Indian Medicinal Leaves Image Datasets\Datasets_Plant\Castor\4519.jpg,Castor,Castor,whole_plant,val
C:\Users\hardi\Downloads\medicinal plants detection\dataset\Indian Medicinal Leaves Image Datasets\Datasets_Plant\Castor\4609.jpg,Castor,Castor,whole_plant,val
C:\Users\hardi\Downloads\medicinal plants detection\dataset\Indian Medicinal Leaves Image Datasets\Datasets_Plant\Castor\4520.jpg,Castor,Castor,whole_plant,val
C:\Users\hardi\Downloads\medicinal plants detection\dataset\Indian Medicinal Leaves Image Datasets\Datasets_Plant\Castor\377.jpg,Castor,Castor,whole_plant,val
C:\Users\hardi\Downloads\medicinal plants detection\dataset\Indian Medicinal Leaves Image Datasets\Datasets_Plant\Castor\4523.jpg,Castor,Castor,whole_plant,val
C:\Users\hardi\Downloads\medicinal plants detection\dataset\Indian Medicinal Leaves Image Datasets\Datasets_Plant\Castor\885.jpg,Castor,Castor,whole_plant,val
C:\Users\hardi\Downloads\medicinal plants detection\dataset\Indian Medicinal Leaves Image Datasets\Datasets_Plant\Castor\891.jpg,Castor,Castor,whole_plant,val
C:\Users\hardi\Downloads\medicinal plants detection\dataset\Indian Medicinal Leaves Image Datasets\Datasets_Plant\Castor\4561.jpg,Castor,Castor,whole_plant,val
C:\Users\hardi\Downloads\medicinal plants detection\dataset\Indian Medicinal Leaves Image Datasets\Datasets_Plant\Castor\4621.jpg,Castor,Castor,whole_plant,val
C:\Users\hardi\Downloads\medicinal plants detection\dataset\Indian Medicinal Leaves Image Datasets\Datasets_Plant\Castor\4514.jpg,Castor,Castor,whole_plant,val
C:\Users\hardi\Downloads\medicinal plants detection\dataset\Indian Medicinal Leaves Image Datasets\Datasets_Plant\Castor\4612.jpg,Castor,Castor,whole_plant,val
C:\Users\hardi\Downloads\medicinal plants detection\dataset\Indian Medicinal Leaves Image Datasets\Datasets_Plant\Castor\4562.jpg,Castor,Castor,whole_plant,val
C:\Users\hardi\Downloads\medicinal plants detection\dataset\Indian Medicinal Leaves Image Datasets\Datasets_Plant\Castor\888.jpg,Castor,Castor,whole_plant,val
C:\Users\hardi\Downloads\medicinal plants detection\dataset\Indian Medicinal Leaves Image Datasets\Datasets_Plant\Castor\4515.jpg,Castor,Castor,whole_plant,val
C:\Users\hardi\Downloads\medicinal plants detection\dataset\Indian Medicinal Leaves Image Datasets\Datasets_Plant\Castor\366.jpg,Castor,Castor,whole_plant,test
C:\Users\hardi\Downloads\medicinal plants detection\dataset\Indian Medicinal Leaves Image Datasets\Datasets_Plant\Castor\4546.jpg,Castor,Castor,whole_plant,test
C:\Users\hardi\Downloads\medicinal plants detection\dataset\Indian Medicinal Leaves Image Datasets\Datasets_Plant\Castor\4589.jpg,Castor,Castor,whole_plant,test
C:\Users\hardi\Downloads\medicinal plants detection\dataset\Indian Medicinal Leaves Image Datasets\Datasets_Plant\Castor\4531.jpg,Castor,Castor,whole_plant,test
C:\Users\hardi\Downloads\medicinal plants detection\dataset\Indian Medicinal Leaves Image Datasets\Datasets_Plant\Castor\4582.jpg,Castor,Castor,whole_plant,test
C:\Users\hardi\Downloads\medicinal plants detection\dataset\Indian Medicinal Leaves Image Datasets\Datasets_Plant\Castor\890.jpg,Castor,Castor,whole_plant,test
C:\Users\hardi\Downloads\medicinal plants detection\dataset\Indian Medicinal Leaves Image Datasets\Datasets_Plant\Castor\4525.jpg,Castor,Castor,whole_plant,test
C:\Users\hardi\Downloads\medicinal plants detection\dataset\Indian Medicinal Leaves Image Datasets\Datasets_Plant\Castor\896.jpg,Castor,Castor,whole_plant,test
C:\Users\hardi\Downloads\medicinal plants detection\dataset\Indian Medicinal Leaves Image Datasets\Datasets_Plant\Castor\4604.jpg,Castor,Castor,whole_plant,test
C:\Users\hardi\Downloads\medicinal plants detection\dataset\Indian Medicinal Leaves Image Datasets\Datasets_Plant\Castor\4534.jpg,Castor,Castor,whole_plant,test
C:\Users\hardi\Downloads\medicinal plants detection\dataset\Indian Medicinal Leaves Image Datasets\Datasets_Plant\Castor\4530.jpg,Castor,Castor,whole_plant,test
C:\Users\hardi\Downloads\medicinal plants detection\dataset\Indian Medicinal Leaves Image Datasets\Datasets_Plant\Castor\4498.jpg,Castor,Castor,whole_plant,test
C:\Users\hardi\Downloads\medicinal plants detection\dataset\Indian Medicinal Leaves Image Datasets\Datasets_Plant\Castor\372.jpg,Castor,Castor,whole_plant,test
C:\Users\hardi\Downloads\medicinal plants detection\dataset\Indian Medicinal Leaves Image Datasets\Datasets_Plant\Castor\373.jpg,Castor,Castor,whole_plant,test
C:\Users\hardi\Downloads\medicinal plants detection\dataset\Indian Medicinal Leaves Image Datasets\Datasets_Plant\Castor\4583.jpg,Castor,Castor,whole_plant,test
C:\Users\hardi\Downloads\medicinal plants detection\dataset\Indian Medicinal Leaves Image Datasets\Datasets_Plant\Castor\4497.jpg,Castor,Castor,whole_plant,test
C:\Users\hardi\Downloads\medicinal plants detection\dataset\Indian Medicinal Leaves Image Datasets\Datasets_Plant\Castor\4614.jpg,Castor,Castor,whole_plant,test
C:\Users\hardi\Downloads\medicinal plants detection\dataset\Indian Medicinal Leaves Image Datasets\Datasets_Plant\Castor\4501.jpg,Castor,Castor,whole_plant,test
C:\Users\hardi\Downloads\medicinal plants detection\dataset\Indian Medicinal Leaves Image Datasets\Datasets_Plant\Castor\4510.jpg,Castor,Castor,whole_plant,test
C:\Users\hardi\Downloads\medicinal plants detection\dataset\Indian Medicinal Leaves Image Datasets\Datasets_Plant\Castor\4532.jpg,Castor,Castor,whole_plant,test
C:\Users\hardi\Downloads\medicinal plants detection\dataset\Indian Medicinal Leaves Image Datasets\Datasets_Plant\Castor\4537.jpg,Castor,Castor,whole_plant,test
C:\Users\hardi\Downloads\medicinal plants detection\dataset\Indian Medicinal Leaves Image Datasets\Datasets_Plant\Castor\4545.jpg,Castor,Castor,whole_plant,test
C:\Users\hardi\Downloads\medicinal plants detection\dataset\Indian Medicinal Leaves Image Datasets\Datasets_Plant\Castor\371.jpg,Castor,Castor,whole_plant,test
C:\Users\hardi\Downloads\medicinal plants detection\dataset\Indian Medicinal Leaves Image Datasets\Datasets_Plant\Castor\4503.jpg,Castor,Castor,whole_plant,test
C:\Users\hardi\Downloads\medicinal plants detection\dataset\Indian Medicinal Leaves Image Datasets\Datasets_Plant\Curry_Leaf\825.jpg,Curry_Leaf,Curry,whole_plant,train
C:\Users\hardi\Downloads\medicinal plants detection\dataset\Indian Medicinal Leaves Image Datasets\Datasets_Plant\Curry_Leaf\3863.jpg,Curry_Leaf,Curry,whole_plant,train
C:\Users\hardi\Downloads\medicinal plants detection\dataset\Indian Medicinal Leaves Image Datasets\Datasets_Plant\Curry_Leaf\3927.jpg,Curry_Leaf,Curry,whole_plant,train
C:\Users\hardi\Downloads\medicinal plants detection\dataset\Indian Medicinal Leaves Image Datasets\Datasets_Plant\Curry_Leaf\3896.jpg,Curry_Leaf,Curry,whole_plant,train
C:\Users\hardi\Downloads\medicinal plants detection\dataset\Indian Medicinal Leaves Image Datasets\Datasets_Plant\Curry_Leaf\3919.jpg,Curry_Leaf,Curry,whole_plant,train
C:\Users\hardi\Downloads\medicinal plants detection\dataset\Indian Medicinal Leaves Image Datasets\Datasets_Plant\Curry_Leaf\3958.jpg,Curry_Leaf,Curry,whole_plant,train
C:\Users\hardi\Downloads\medicinal plants detection\dataset\Indian Medicinal Leaves Image Datasets\Datasets_Plant\Curry_Leaf\3975.jpg,Curry_Leaf,Curry,whole_plant,train
C:\Users\hardi\Downloads\medicinal plants detection\dataset\Indian Medicinal Leaves Image Datasets\Datasets_Plant\Curry_Leaf\3875.jpg,Curry_Leaf,Curry,whole_plant,train
C:\Users\hardi\Downloads\medicinal plants detection\dataset\Indian Medicinal Leaves Image Datasets\Datasets_Plant\Curry_Leaf\821.jpg,Curry_Leaf,Curry,whole_plant,train
C:\Users\hardi\Downloads\medicinal plants detection\dataset\Indian Medicinal Leaves Image Datasets\Datasets_Plant\Curry_Leaf\3966.jpg,Curry_Leaf,Curry,whole_plant,train
C:\Users\hardi\Downloads\medicinal plants detection\dataset\Indian Medicinal Leaves Image Datasets\Datasets_Plant\Curry_Leaf\3917.jpg,Curry_Leaf,Curry,whole_plant,train
C:\Users\hardi\Downloads\medicinal plants detection\dataset\Indian Medicinal Leaves Image Datasets\Datasets_Plant\Curry_Leaf\3914.jpg,Curry_Leaf,Curry,whole_plant,train
C:\Users\hardi\Downloads\medicinal plants detection\dataset\Indian Medicinal Leaves Image Datasets\Datasets_Plant\Curry_Leaf\829.jpg,Curry_Leaf,Curry,whole_plant,train
C:\Users\hardi\Downloads\medicinal plants detection\dataset\Indian Medicinal Leaves Image Datasets\Datasets_Plant\Curry_Leaf\3883.jpg,Curry_Leaf,Curry,whole_plant,train
C:\Users\hardi\Downloads\medicinal plants detection\dataset\Indian Medicinal Leaves Image Datasets\Datasets_Plant\Curry_Leaf\3928.jpg,Curry_Leaf,Curry,whole_plant,train
C:\Users\hardi\Downloads\medicinal plants detection\dataset\Indian Medicinal Leaves Image Datasets\Datasets_Plant\Curry_Leaf\3877.jpg,Curry_Leaf,Curry,whole_plant,train
C:\Users\hardi\Downloads\medicinal plants detection\dataset\Indian Medicinal Leaves Image Datasets\Datasets_Plant\Curry_Leaf\3937.jpg,Curry_Leaf,Curry,whole_plant,train
C:\Users\hardi\Downloads\medicinal plants detection\dataset\Indian Medicinal Leaves Image Datasets\Datasets_Plant\Curry_Leaf\3906.jpg,Curry_Leaf,Curry,whole_plant,train
C:\Users\hardi\Downloads\medicinal plants detection\dataset\Indian Medicinal Leaves Image Datasets\Datasets_Plant\Curry_Leaf\3887.jpg,Curry_Leaf,Curry,whole_plant,train
C:\Users\hardi\Downloads\medicinal plants detection\dataset\Indian Medicinal Leaves Image Datasets\Datasets_Plant\Curry_Leaf\3931.jpg,Curry_Leaf,Curry,whole_plant,train
C:\Users\hardi\Downloads\medicinal plants detection\dataset\Indian Medicinal Leaves Image Datasets\Datasets_Plant\Curry_Leaf\3971.jpg,Curry_Leaf,Curry,whole_plant,train
C:\Users\hardi\Downloads\medicinal plants detection\dataset\Indian Medicinal Leaves Image Datasets\Datasets_Plant\Curry_Leaf\832.jpg,Curry_Leaf,Curry,whole_plant,train
C:\Users\hardi\Downloads\medicinal plants detection\dataset\Indian Medicinal Leaves Image Datasets\Datasets_Plant\Curry_Leaf\3897.jpg,Curry_Leaf,Curry,whole_plant,train
C:\Users\hardi\Downloads\medicinal plants detection\dataset\Indian Medicinal Leaves Image Datasets\Datasets_Plant\Curry_Leaf\301.jpg,Curry_Leaf,Curry,whole_plant,train
C:\Users\hardi\Downloads\medicinal plants detection\dataset\Indian Medicinal Leaves Image Datasets\Datasets_Plant\Curry_Leaf\3933.jpg,Curry_Leaf,Curry,whole_plant,train
C:\Users\hardi\Downloads\medicinal plants detection\dataset\Indian Medicinal Leaves Image Datasets\Datasets_Plant\Curry_Leaf\3976.jpg,Curry_Leaf,Curry,whole_plant,train
C:\Users\hardi\Downloads\medicinal plants detection\dataset\Indian Medicinal Leaves Image Datasets\Datasets_Plant\Curry_Leaf\3908.jpg,Curry_Leaf,Curry,whole_plant,train
C:\Users\hardi\Downloads\medicinal plants detection\dataset\Indian Medicinal Leaves Image Datasets\Datasets_Plant\Curry_Leaf\3947.jpg,Curry_Leaf,Curry,whole_plant,train
C:\Users\hardi\Downloads\medicinal plants detection\dataset\Indian Medicinal Leaves Image Datasets\Datasets_Plant\Curry_Leaf\3921.jpg,Curry_Leaf,Curry,whole_plant,train
C:\Users\hardi\Downloads\medicinal plants detection\dataset\Indian Medicinal Leaves Image Datasets\Datasets_Plant\Curry_Leaf\822.jpg,Curry_Leaf,Curry,whole_plant,train
C:\Users\hardi\Downloads\medicinal plants detection\dataset\Indian Medicinal Leaves Image Datasets\Datasets_Plant\Curry_Leaf\824.jpg,Curry_Leaf,Curry,whole_plant,train
C:\Users\hardi\Downloads\medicinal plants detection\dataset\Indian Medicinal Leaves Image Datasets\Datasets_Plant\Curry_Leaf\3884.jpg,Curry_Leaf,Curry,whole_plant,train
C:\Users\hardi\Downloads\medicinal plants detection\dataset\Indian Medicinal Leaves Image Datasets\Datasets_Plant\Curry_Leaf\3957.jpg,Curry_Leaf,Curry,whole_plant,train
C:\Users\hardi\Downloads\medicinal plants detection\dataset\Indian Medicinal Leaves Image Datasets\Datasets_Plant\Curry_Leaf\3905.jpg,Curry_Leaf,Curry,whole_plant,train
C:\Users\hardi\Downloads\medicinal plants detection\dataset\Indian Medicinal Leaves Image Datasets\Datasets_Plant\Curry_Leaf\3967.jpg,Curry_Leaf,Curry,whole_plant,train
C:\Users\hardi\Downloads\medicinal plants detection\dataset\Indian Medicinal Leaves Image Datasets\Datasets_Plant\Curry_Leaf\3932.jpg,Curry_Leaf,Curry,whole_plant,train
C:\Users\hardi\Downloads\medicinal plants detection\dataset\Indian Medicinal Leaves Image Datasets\Datasets_Plant\Curry_Leaf\3861.jpg,Curry_Leaf,Curry,whole_plant,train
C:\Users\hardi\Downloads\medicinal plants detection\dataset\Indian Medicinal Leaves Image Datasets\Datasets_Plant\Curry_Leaf\3939.jpg,Curry_Leaf,Curry,whole_plant,train
C:\Users\hardi\Downloads\medicinal plants detection\dataset\Indian Medicinal Leaves Image Datasets\Datasets_Plant\Curry_Leaf\3926.jpg,Curry_Leaf,Curry,whole_plant,train
C:\Users\hardi\Downloads\medicinal plants detection\dataset\Indian Medicinal Leaves Image Datasets\Datasets_Plant\Curry_Leaf\3909.jpg,Curry_Leaf,Curry,whole_plant,train
C:\Users\hardi\Downloads\medicinal plants detection\dataset\Indian Medicinal Leaves Image Datasets\Datasets_Plant\Curry_Leaf\3912.jpg,Curry_Leaf,Curry,whole_plant,train
C:\Users\hardi\Downloads\medicinal plants detection\dataset\Indian Medicinal Leaves Image Datasets\Datasets_Plant\Curry_Leaf\3886.jpg,Curry_Leaf,Curry,whole_plant,train
C:\Users\hardi\Downloads\medicinal plants detection\dataset\Indian Medicinal Leaves Image Datasets\Datasets_Plant\Curry_Leaf\3962.jpg,Curry_Leaf,Curry,whole_plant,train
C:\Users\hardi\Downloads\medicinal plants detection\dataset\Indian Medicinal Leaves Image Datasets\Datasets_Plant\Curry_Leaf\820.jpg,Curry_Leaf,Curry,whole_plant,train
C:\Users\hardi\Downloads\medicinal plants detection\dataset\Indian Medicinal Leaves Image Datasets\Datasets_Plant\Curry_Leaf\3881.jpg,Curry_Leaf,Curry,whole_plant,train
C:\Users\hardi\Downloads\medicinal plants detection\dataset\Indian Medicinal Leaves Image Datasets\Datasets_Plant\Curry_Leaf\3954.jpg,Curry_Leaf,Curry,whole_plant,train
C:\Users\hardi\Downloads\medicinal plants detection\dataset\Indian Medicinal Leaves Image Datasets\Datasets_Plant\Curry_Leaf\304.jpg,Curry_Leaf,Curry,whole_plant,train
C:\Users\hardi\Downloads\medicinal plants detection\dataset\Indian Medicinal Leaves Image Datasets\Datasets_Plant\Curry_Leaf\3862.jpg,Curry_Leaf,Curry,whole_plant,train
C:\Users\hardi\Downloads\medicinal plants detection\dataset\Indian Medicinal Leaves Image Datasets\Datasets_Plant\Curry_Leaf\3870.jpg,Curry_Leaf,Curry,whole_plant,train
C:\Users\hardi\Downloads\medicinal plants detection\dataset\Indian Medicinal Leaves Image Datasets\Datasets_Plant\Curry_Leaf\3972.jpg,Curry_Leaf,Curry,whole_plant,train
C:\Users\hardi\Downloads\medicinal plants detection\dataset\Indian Medicinal Leaves Image Datasets\Datasets_Plant\Curry_Leaf\302.jpg,Curry_Leaf,Curry,whole_plant,train
C:\Users\hardi\Downloads\medicinal plants detection\dataset\Indian Medicinal Leaves Image Datasets\Datasets_Plant\Curry_Leaf\3964.jpg,Curry_Leaf,Curry,whole_plant,train
C:\Users\hardi\Downloads\medicinal plants detection\dataset\Indian Medicinal Leaves Image Datasets\Datasets_Plant\Curry_Leaf\303.jpg,Curry_Leaf,Curry,whole_plant,train
C:\Users\hardi\Downloads\medicinal plants detection\dataset\Indian Medicinal Leaves Image Datasets\Datasets_Plant\Curry_Leaf\3961.jpg,Curry_Leaf,Curry,whole_plant,train
C:\Users\hardi\Downloads\medicinal plants detection\dataset\Indian Medicinal Leaves Image Datasets\Datasets_Plant\Curry_Leaf\3894.jpg,Curry_Leaf,Curry,whole_plant,train
C:\Users\hardi\Downloads\medicinal plants detection\dataset\Indian Medicinal Leaves Image Datasets\Datasets_Plant\Curry_Leaf\3898.jpg,Curry_Leaf,Curry,whole_plant,train
C:\Users\hardi\Downloads\medicinal plants detection\dataset\Indian Medicinal Leaves Image Datasets\Datasets_Plant\Curry_Leaf\3911.jpg,Curry_Leaf,Curry,whole_plant,train
C:\Users\hardi\Downloads\medicinal plants detection\dataset\Indian Medicinal Leaves Image Datasets\Datasets_Plant\Curry_Leaf\3955.jpg,Curry_Leaf,Curry,whole_plant,train
C:\Users\hardi\Downloads\medicinal plants detection\dataset\Indian Medicinal Leaves Image Datasets\Datasets_Plant\Curry_Leaf\3859.jpg,Curry_Leaf,Curry,whole_plant,train
C:\Users\hardi\Downloads\medicinal plants detection\dataset\Indian Medicinal Leaves Image Datasets\Datasets_Plant\Curry_Leaf\3923.jpg,Curry_Leaf,Curry,whole_plant,train
C:\Users\hardi\Downloads\medicinal plants detection\dataset\Indian Medicinal Leaves Image Datasets\Datasets_Plant\Curry_Leaf\3949.jpg,Curry_Leaf,Curry,whole_plant,train
C:\Users\hardi\Downloads\medicinal plants detection\dataset\Indian Medicinal Leaves Image Datasets\Datasets_Plant\Curry_Leaf\3885.jpg,Curry_Leaf,Curry,whole_plant,train
C:\Users\hardi\Downloads\medicinal plants detection\dataset\Indian Medicinal Leaves Image Datasets\Datasets_Plant\Curry_Leaf\3910.jpg,Curry_Leaf,Curry,whole_plant,train
C:\Users\hardi\Downloads\medicinal plants detection\dataset\Indian Medicinal Leaves Image Datasets\Datasets_Plant\Curry_Leaf\3916.jpg,Curry_Leaf,Curry,whole_plant,train
C:\Users\hardi\Downloads\medicinal plants detection\dataset\Indian Medicinal Leaves Image Datasets\Datasets_Plant\Curry_Leaf\3936.jpg,Curry_Leaf,Curry,whole_plant,train
C:\Users\hardi\Downloads\medicinal plants detection\dataset\Indian Medicinal Leaves Image Datasets\Datasets_Plant\Curry_Leaf\3977.jpg,Curry_Leaf,Curry,whole_plant,train
C:\Users\hardi\Downloads\medicinal plants detection\dataset\Indian Medicinal Leaves Image Datasets\Datasets_Plant\Curry_Leaf\3970.jpg,Curry_Leaf,Curry,whole_plant,train
C:\Users\hardi\Downloads\medicinal plants detection\dataset\Indian Medicinal Leaves Image Datasets\Datasets_Plant\Curry_Leaf\3876.jpg,Curry_Leaf,Curry,whole_plant,train
C:\Users\hardi\Downloads\medicinal plants detection\dataset\Indian Medicinal Leaves Image Datasets\Datasets_Plant\Curry_Leaf\3943.jpg,Curry_Leaf,Curry,whole_plant,train
C:\Users\hardi\Downloads\medicinal plants detection\dataset\Indian Medicinal Leaves Image Datasets\Datasets_Plant\Curry_Leaf\3866.jpg,Curry_Leaf,Curry,whole_plant,train
C:\Users\hardi\Downloads\medicinal plants detection\dataset\Indian Medicinal Leaves Image Datasets\Datasets_Plant\Curry_Leaf\309.jpg,Curry_Leaf,Curry,whole_plant,train
C:\Users\hardi\Downloads\medicinal plants detection\dataset\Indian Medicinal Leaves Image Datasets\Datasets_Plant\Curry_Leaf\3879.jpg,Curry_Leaf,Curry,whole_plant,train
C:\Users\hardi\Downloads\medicinal plants detection\dataset\Indian Medicinal Leaves Image Datasets\Datasets_Plant\Curry_Leaf\826.jpg,Curry_Leaf,Curry,whole_plant,train
C:\Users\hardi\Downloads\medicinal plants detection\dataset\Indian Medicinal Leaves Image Datasets\Datasets_Plant\Curry_Leaf\3950.jpg,Curry_Leaf,Curry,whole_plant,train
C:\Users\hardi\Downloads\medicinal plants detection\dataset\Indian Medicinal Leaves Image Datasets\Datasets_Plant\Curry_Leaf\3892.jpg,Curry_Leaf,Curry,whole_plant,train
C:\Users\hardi\Downloads\medicinal plants detection\dataset\Indian Medicinal Leaves Image Datasets\Datasets_Plant\Curry_Leaf\3963.jpg,Curry_Leaf,Curry,whole_plant,train
C:\Users\hardi\Downloads\medicinal plants detection\dataset\Indian Medicinal Leaves Image Datasets\Datasets_Plant\Curry_Leaf\3935.jpg,Curry_Leaf,Curry,whole_plant,train
C:\Users\hardi\Downloads\medicinal plants detection\dataset\Indian Medicinal Leaves Image Datasets\Datasets_Plant\Curry_Leaf\3944.jpg,Curry_Leaf,Curry,whole_plant,train
C:\Users\hardi\Downloads\medicinal plants detection\dataset\Indian Medicinal Leaves Image Datasets\Datasets_Plant\Curry_Leaf\3959.jpg,Curry_Leaf,Curry,whole_plant,train
C:\Users\hardi\Downloads\medicinal plants detection\dataset\Indian Medicinal Leaves Image Datasets\Datasets_Plant\Curry_Leaf\3941.jpg,Curry_Leaf,Curry,whole_plant,train
C:\Users\hardi\Downloads\medicinal plants detection\dataset\Indian Medicinal Leaves Image Datasets\Datasets_Plant\Curry_Leaf\3951.jpg,Curry_Leaf,Curry,whole_plant,train
C:\Users\hardi\Downloads\medicinal plants detection\dataset\Indian Medicinal Leaves Image Datasets\Datasets_Plant\Curry_Leaf\3930.jpg,Curry_Leaf,Curry,whole_plant,train
C:\Users\hardi\Downloads\medicinal plants detection\dataset\Indian Medicinal Leaves Image Datasets\Datasets_Plant\Curry_Leaf\3940.jpg,Curry_Leaf,Curry,whole_plant,train
C:\Users\hardi\Downloads\medicinal plants detection\dataset\Indian Medicinal Leaves Image Datasets\Datasets_Plant\Curry_Leaf\3945.jpg,Curry_Leaf,Curry,whole_plant,train
C:\Users\hardi\Downloads\medicinal plants detection\dataset\Indian Medicinal Leaves Image Datasets\Datasets_Plant\Curry_Leaf\3874.jpg,Curry_Leaf,Curry,whole_plant,train
C:\Users\hardi\Downloads\medicinal plants detection\dataset\Indian Medicinal Leaves Image Datasets\Datasets_Plant\Curry_Leaf\3929.jpg,Curry_Leaf,Curry,whole_plant,train
C:\Users\hardi\Downloads\medicinal plants detection\dataset\Indian Medicinal Leaves Image Datasets\Datasets_Plant\Curry_Leaf\3946.jpg,Curry_Leaf,Curry,whole_plant,train
C:\Users\hardi\Downloads\medicinal plants detection\dataset\Indian Medicinal Leaves Image Datasets\Datasets_Plant\Curry_Leaf\823.jpg,Curry_Leaf,Curry,whole_plant,train
C:\Users\hardi\Downloads\medicinal plants detection\dataset\Indian Medicinal Leaves Image Datasets\Datasets_Plant\Curry_Leaf\3869.jpg,Curry_Leaf,Curry,whole_plant,train
C:\Users\hardi\Downloads\medicinal plants detection\dataset\Indian Medicinal Leaves Image Datasets\Datasets_Plant\Curry_Leaf\3918.jpg,Curry_Leaf,Curry,whole_plant,train
C:\Users\hardi\Downloads\medicinal plants detection\dataset\Indian Medicinal Leaves Image Datasets\Datasets_Plant\Curry_Leaf\3891.jpg,Curry_Leaf,Curry,whole_plant,train
C:\Users\hardi\Downloads\medicinal plants detection\dataset\Indian Medicinal Leaves Image Datasets\Datasets_Plant\Curry_Leaf\3924.jpg,Curry_Leaf,Curry,whole_plant,train
C:\Users\hardi\Downloads\medicinal plants detection\dataset\Indian Medicinal Leaves Image Datasets\Datasets_Plant\Curry_Leaf\3925.jpg,Curry_Leaf,Curry,whole_plant,train
C:\Users\hardi\Downloads\medicinal plants detection\dataset\Indian Medicinal Leaves Image Datasets\Datasets_Plant\Curry_Leaf\3882.jpg,Curry_Leaf,Curry,whole_plant,train
C:\Users\hardi\Downloads\medicinal plants detection\dataset\Indian Medicinal Leaves Image Datasets\Datasets_Plant\Curry_Leaf\830.jpg,Curry_Leaf,Curry,whole_plant,train
C:\Users\hardi\Downloads\medicinal plants detection\dataset\Indian Medicinal Leaves Image Datasets\Datasets_Plant\Curry_Leaf\310.jpg,Curry_Leaf,Curry,whole_plant,train
C:\Users\hardi\Downloads\medicinal plants detection\dataset\Indian Medicinal Leaves Image Datasets\Datasets_Plant\Curry_Leaf\3973.jpg,Curry_Leaf,Curry,whole_plant,train
C:\Users\hardi\Downloads\medicinal plants detection\dataset\Indian Medicinal Leaves Image Datasets\Datasets_Plant\Curry_Leaf\3860.jpg,Curry_Leaf,Curry,whole_plant,train
C:\Users\hardi\Downloads\medicinal plants detection\dataset\Indian Medicinal Leaves Image Datasets\Datasets_Plant\Curry_Leaf\3913.jpg,Curry_Leaf,Curry,whole_plant,train
C:\Users\hardi\Downloads\medicinal plants detection\dataset\Indian Medicinal Leaves Image Datasets\Datasets_Plant\Curry_Leaf\3903.jpg,Curry_Leaf,Curry,whole_plant,train
C:\Users\hardi\Downloads\medicinal plants detection\dataset\Indian Medicinal Leaves Image Datasets\Datasets_Plant\Curry_Leaf\3938.jpg,Curry_Leaf,Curry,whole_plant,train
C:\Users\hardi\Downloads\medicinal plants detection\dataset\Indian Medicinal Leaves Image Datasets\Datasets_Plant\Curry_Leaf\305.jpg,Curry_Leaf,Curry,whole_plant,train
C:\Users\hardi\Downloads\medicinal plants detection\dataset\Indian Medicinal Leaves Image Datasets\Datasets_Plant\Curry_Leaf\3878.jpg,Curry_Leaf,Curry,whole_plant,val
C:\Users\hardi\Downloads\medicinal plants detection\dataset\Indian Medicinal Leaves Image Datasets\Datasets_Plant\Curry_Leaf\3922.jpg,Curry_Leaf,Curry,whole_plant,val
C:\Users\hardi\Downloads\medicinal plants detection\dataset\Indian Medicinal Leaves Image Datasets\Datasets_Plant\Curry_Leaf\3889.jpg,Curry_Leaf,Curry,whole_plant,val
C:\Users\hardi\Downloads\medicinal plants detection\dataset\Indian Medicinal Leaves Image Datasets\Datasets_Plant\Curry_Leaf\3890.jpg,Curry_Leaf,Curry,whole_plant,val
C:\Users\hardi\Downloads\medicinal plants detection\dataset\Indian Medicinal Leaves Image Datasets\Datasets_Plant\Curry_Leaf\312.jpg,Curry_Leaf,Curry,whole_plant,val
C:\Users\hardi\Downloads\medicinal plants detection\dataset\Indian Medicinal Leaves Image Datasets\Datasets_Plant\Curry_Leaf\3893.jpg,Curry_Leaf,Curry,whole_plant,val
C:\Users\hardi\Downloads\medicinal plants detection\dataset\Indian Medicinal Leaves Image Datasets\Datasets_Plant\Curry_Leaf\311.jpg,Curry_Leaf,Curry,whole_plant,val
C:\Users\hardi\Downloads\medicinal plants detection\dataset\Indian Medicinal Leaves Image Datasets\Datasets_Plant\Curry_Leaf\3858.jpg,Curry_Leaf,Curry,whole_plant,val
C:\Users\hardi\Downloads\medicinal plants detection\dataset\Indian Medicinal Leaves Image Datasets\Datasets_Plant\Curry_Leaf\3960.jpg,Curry_Leaf,Curry,whole_plant,val
C:\Users\hardi\Downloads\medicinal plants detection\dataset\Indian Medicinal Leaves Image Datasets\Datasets_Plant\Curry_Leaf\3965.jpg,Curry_Leaf,Curry,whole_plant,val
C:\Users\hardi\Downloads\medicinal plants detection\dataset\Indian Medicinal Leaves Image Datasets\Datasets_Plant\Curry_Leaf\3872.jpg,Curry_Leaf,Curry,whole_plant,val
C:\Users\hardi\Downloads\medicinal plants detection\dataset\Indian Medicinal Leaves Image Datasets\Datasets_Plant\Curry_Leaf\3864.jpg,Curry_Leaf,Curry,whole_plant,val
C:\Users\hardi\Downloads\medicinal plants detection\dataset\Indian Medicinal Leaves Image Datasets\Datasets_Plant\Curry_Leaf\3969.jpg,Curry_Leaf,Curry,whole_plant,val
C:\Users\hardi\Downloads\medicinal plants detection\dataset\Indian Medicinal Leaves Image Datasets\Datasets_Plant\Curry_Leaf\3888.jpg,Curry_Leaf,Curry,whole_plant,val
C:\Users\hardi\Downloads\medicinal plants detection\dataset\Indian Medicinal Leaves Image Datasets\Datasets_Plant\Curry_Leaf\3899.jpg,Curry_Leaf,Curry,whole_plant,val
C:\Users\hardi\Downloads\medicinal plants detection\dataset\Indian Medicinal Leaves Image Datasets\Datasets_Plant\Curry_Leaf\3934.jpg,Curry_Leaf,Curry,whole_plant,val
C:\Users\hardi\Downloads\medicinal plants detection\dataset\Indian Medicinal Leaves Image Datasets\Datasets_Plant\Curry_Leaf\3865.jpg,Curry_Leaf,Curry,whole_plant,val
C:\Users\hardi\Downloads\medicinal plants detection\dataset\Indian Medicinal Leaves Image Datasets\Datasets_Plant\Curry_Leaf\3968.jpg,Curry_Leaf,Curry,whole_plant,val
C:\Users\hardi\Downloads\medicinal plants detection\dataset\Indian Medicinal Leaves Image Datasets\Datasets_Plant\Curry_Leaf\3942.jpg,Curry_Leaf,Curry,whole_plant,val
C:\Users\hardi\Downloads\medicinal plants detection\dataset\Indian Medicinal Leaves Image Datasets\Datasets_Plant\Curry_Leaf\300.jpg,Curry_Leaf,Curry,whole_plant,val
C:\Users\hardi\Downloads\medicinal plants detection\dataset\Indian Medicinal Leaves Image Datasets\Datasets_Plant\Curry_Leaf\3956.jpg,Curry_Leaf,Curry,whole_plant,val
C:\Users\hardi\Downloads\medicinal plants detection\dataset\Indian Medicinal Leaves Image Datasets\Datasets_Plant\Curry_Leaf\3948.jpg,Curry_Leaf,Curry,whole_plant,test
C:\Users\hardi\Downloads\medicinal plants detection\dataset\Indian Medicinal Leaves Image Datasets\Datasets_Plant\Curry_Leaf\827.jpg,Curry_Leaf,Curry,whole_plant,test
C:\Users\hardi\Downloads\medicinal plants detection\dataset\Indian Medicinal Leaves Image Datasets\Datasets_Plant\Curry_Leaf\3920.jpg,Curry_Leaf,Curry,whole_plant,test
C:\Users\hardi\Downloads\medicinal plants detection\dataset\Indian Medicinal Leaves Image Datasets\Datasets_Plant\Curry_Leaf\828.jpg,Curry_Leaf,Curry,whole_plant,test
C:\Users\hardi\Downloads\medicinal plants detection\dataset\Indian Medicinal Leaves Image Datasets\Datasets_Plant\Curry_Leaf\3901.jpg,Curry_Leaf,Curry,whole_plant,test
C:\Users\hardi\Downloads\medicinal plants detection\dataset\Indian Medicinal Leaves Image Datasets\Datasets_Plant\Curry_Leaf\3952.jpg,Curry_Leaf,Curry,whole_plant,test
C:\Users\hardi\Downloads\medicinal plants detection\dataset\Indian Medicinal Leaves Image Datasets\Datasets_Plant\Curry_Leaf\3895.jpg,Curry_Leaf,Curry,whole_plant,test
C:\Users\hardi\Downloads\medicinal plants detection\dataset\Indian Medicinal Leaves Image Datasets\Datasets_Plant\Curry_Leaf\831.jpg,Curry_Leaf,Curry,whole_plant,test
C:\Users\hardi\Downloads\medicinal plants detection\dataset\Indian Medicinal Leaves Image Datasets\Datasets_Plant\Curry_Leaf\3974.jpg,Curry_Leaf,Curry,whole_plant,test
C:\Users\hardi\Downloads\medicinal plants detection\dataset\Indian Medicinal Leaves Image Datasets\Datasets_Plant\Curry_Leaf\3904.jpg,Curry_Leaf,Curry,whole_plant,test
C:\Users\hardi\Downloads\medicinal plants detection\dataset\Indian Medicinal Leaves Image Datasets\Datasets_Plant\Curry_Leaf\3900.jpg,Curry_Leaf,Curry,whole_plant,test
C:\Users\hardi\Downloads\medicinal plants detection\dataset\Indian Medicinal Leaves Image Datasets\Datasets_Plant\Curry_Leaf\3868.jpg,Curry_Leaf,Curry,whole_plant,test
C:\Users\hardi\Downloads\medicinal plants detection\dataset\Indian Medicinal Leaves Image Datasets\Datasets_Plant\Curry_Leaf\307.jpg,Curry_Leaf,Curry,whole_plant,test
C:\Users\hardi\Downloads\medicinal plants detection\dataset\Indian Medicinal Leaves Image Datasets\Datasets_Plant\Curry_Leaf\308.jpg,Curry_Leaf,Curry,whole_plant,test
C:\Users\hardi\Downloads\medicinal plants detection\dataset\Indian Medicinal Leaves Image Datasets\Datasets_Plant\Curry_Leaf\3953.jpg,Curry_Leaf,Curry,whole_plant,test
C:\Users\hardi\Downloads\medicinal plants detection\dataset\Indian Medicinal Leaves Image Datasets\Datasets_Plant\Curry_Leaf\3867.jpg,Curry_Leaf,Curry,whole_plant,test
C:\Users\hardi\Downloads\medicinal plants detection\dataset\Indian Medicinal Leaves Image Datasets\Datasets_Plant\Curry_Leaf\3871.jpg,Curry_Leaf,Curry,whole_plant,test
C:\Users\hardi\Downloads\medicinal plants detection\dataset\Indian Medicinal Leaves Image Datasets\Datasets_Plant\Curry_Leaf\3880.jpg,Curry_Leaf,Curry,whole_plant,test
C:\Users\hardi\Downloads\medicinal plants detection\dataset\Indian Medicinal Leaves Image Datasets\Datasets_Plant\Curry_Leaf\3902.jpg,Curry_Leaf,Curry,whole_plant,test
C:\Users\hardi\Downloads\medicinal plants detection\dataset\Indian Medicinal Leaves Image Datasets\Datasets_Plant\Curry_Leaf\3907.jpg,Curry_Leaf,Curry,whole_plant,test
C:\Users\hardi\Downloads\medicinal plants detection\dataset\Indian Medicinal Leaves Image Datasets\Datasets_Plant\Curry_Leaf\3915.jpg,Curry_Leaf,Curry,whole_plant,test
C:\Users\hardi\Downloads\medicinal plants detection\dataset\Indian Medicinal Leaves Image Datasets\Datasets_Plant\Curry_Leaf\306.jpg,Curry_Leaf,Curry,whole_plant,test
C:\Users\hardi\Downloads\medicinal plants detection\dataset\Indian Medicinal Leaves Image Datasets\Datasets_Plant\Curry_Leaf\3873.jpg,Curry_Leaf,Curry,whole_plant,test
C:\Users\hardi\Downloads\medicinal plants detection\dataset\Indian Medicinal Leaves Image Datasets\Datasets_Plant\Doddapatre\981.jpg,Doddapatre,Doddapatre,whole_plant,train
C:\Users\hardi\Downloads\medicinal plants detection\dataset\Indian Medicinal Leaves Image Datasets\Datasets_Plant\Doddapatre\5351.jpg,Doddapatre,Doddapatre,whole_plant,train
C:\Users\hardi\Downloads\medicinal plants detection\dataset\Indian Medicinal Leaves Image Datasets\Datasets_Plant\Doddapatre\5415.jpg,Doddapatre,Doddapatre,whole_plant,train
C:\Users\hardi\Downloads\medicinal plants detection\dataset\Indian Medicinal Leaves Image Datasets\Datasets_Plant\Doddapatre\5384.jpg,Doddapatre,Doddapatre,whole_plant,train
C:\Users\hardi\Downloads\medicinal plants detection\dataset\Indian Medicinal Leaves Image Datasets\Datasets_Plant\Doddapatre\5407.jpg,Doddapatre,Doddapatre,whole_plant,train
C:\Users\hardi\Downloads\medicinal plants detection\dataset\Indian Medicinal Leaves Image Datasets\Datasets_Plant\Doddapatre\5446.jpg,Doddapatre,Doddapatre,whole_plant,train
C:\Users\hardi\Downloads\medicinal plants detection\dataset\Indian Medicinal Leaves Image Datasets\Datasets_Plant\Doddapatre\5463.jpg,Doddapatre,Doddapatre,whole_plant,train
C:\Users\hardi\Downloads\medicinal plants detection\dataset\Indian Medicinal Leaves Image Datasets\Datasets_Plant\Doddapatre\5363.jpg,Doddapatre,Doddapatre,whole_plant,train
C:\Users\hardi\Downloads\medicinal plants detection\dataset\Indian Medicinal Leaves Image Datasets\Datasets_Plant\Doddapatre\977.jpg,Doddapatre,Doddapatre,whole_plant,train
C:\Users\hardi\Downloads\medicinal plants detection\dataset\Indian Medicinal Leaves Image Datasets\Datasets_Plant\Doddapatre\5454.jpg,Doddapatre,Doddapatre,whole_plant,train
C:\Users\hardi\Downloads\medicinal plants detection\dataset\Indian Medicinal Leaves Image Datasets\Datasets_Plant\Doddapatre\5405.jpg,Doddapatre,Doddapatre,whole_plant,train
C:\Users\hardi\Downloads\medicinal plants detection\dataset\Indian Medicinal Leaves Image Datasets\Datasets_Plant\Doddapatre\5402.jpg,Doddapatre,Doddapatre,whole_plant,train
C:\Users\hardi\Downloads\medicinal plants detection\dataset\Indian Medicinal Leaves Image Datasets\Datasets_Plant\Doddapatre\985.jpg,Doddapatre,Doddapatre,whole_plant,train
C:\Users\hardi\Downloads\medicinal plants detection\dataset\Indian Medicinal Leaves Image Datasets\Datasets_Plant\Doddapatre\5371.jpg,Doddapatre,Doddapatre,whole_plant,train
C:\Users\hardi\Downloads\medicinal plants detection\dataset\Indian Medicinal Leaves Image Datasets\Datasets_Plant\Doddapatre\5416.jpg,Doddapatre,Doddapatre,whole_plant,train
C:\Users\hardi\Downloads\medicinal plants detection\dataset\Indian Medicinal Leaves Image Datasets\Datasets_Plant\Doddapatre\5365.jpg,Doddapatre,Doddapatre,whole_plant,train
C:\Users\hardi\Downloads\medicinal plants detection\dataset\Indian Medicinal Leaves Image Datasets\Datasets_Plant\Doddapatre\5425.jpg,Doddapatre,Doddapatre,whole_plant,train
C:\Users\hardi\Downloads\medicinal plants detection\dataset\Indian Medicinal Leaves Image Datasets\Datasets_Plant\Doddapatre\5394.jpg,Doddapatre,Doddapatre,whole_plant,train
C:\Users\hardi\Downloads\medicinal plants detection\dataset\Indian Medicinal Leaves Image Datasets\Datasets_Plant\Doddapatre\5375.jpg,Doddapatre,Doddapatre,whole_plant,train
C:\Users\hardi\Downloads\medicinal plants detection\dataset\Indian Medicinal Leaves Image Datasets\Datasets_Plant\Doddapatre\5419.jpg,Doddapatre,Doddapatre,whole_plant,train
C:\Users\hardi\Downloads\medicinal plants detection\dataset\Indian Medicinal Leaves Image Datasets\Datasets_Plant\Doddapatre\5459.jpg,Doddapatre,Doddapatre,whole_plant,train
C:\Users\hardi\Downloads\medicinal plants detection\dataset\Indian Medicinal Leaves Image Datasets\Datasets_Plant\Doddapatre\988.jpg,Doddapatre,Doddapatre,whole_plant,train
C:\Users\hardi\Downloads\medicinal plants detection\dataset\Indian Medicinal Leaves Image Datasets\Datasets_Plant\Doddapatre\5385.jpg,Doddapatre,Doddapatre,whole_plant,train
C:\Users\hardi\Downloads\medicinal plants detection\dataset\Indian Medicinal Leaves Image Datasets\Datasets_Plant\Doddapatre\457.jpg,Doddapatre,Doddapatre,whole_plant,train
C:\Users\hardi\Downloads\medicinal plants detection\dataset\Indian Medicinal Leaves Image Datasets\Datasets_Plant\Doddapatre\5421.jpg,Doddapatre,Doddapatre,whole_plant,train
C:\Users\hardi\Downloads\medicinal plants detection\dataset\Indian Medicinal Leaves Image Datasets\Datasets_Plant\Doddapatre\5464.jpg,Doddapatre,Doddapatre,whole_plant,train
C:\Users\hardi\Downloads\medicinal plants detection\dataset\Indian Medicinal Leaves Image Datasets\Datasets_Plant\Doddapatre\5396.jpg,Doddapatre,Doddapatre,whole_plant,train
C:\Users\hardi\Downloads\medicinal plants detection\dataset\Indian Medicinal Leaves Image Datasets\Datasets_Plant\Doddapatre\5435.jpg,Doddapatre,Doddapatre,whole_plant,train
C:\Users\hardi\Downloads\medicinal plants detection\dataset\Indian Medicinal Leaves Image Datasets\Datasets_Plant\Doddapatre\5409.jpg,Doddapatre,Doddapatre,whole_plant,train
C:\Users\hardi\Downloads\medicinal plants detection\dataset\Indian Medicinal Leaves Image Datasets\Datasets_Plant\Doddapatre\978.jpg,Doddapatre,Doddapatre,whole_plant,train
C:\Users\hardi\Downloads\medicinal plants detection\dataset\Indian Medicinal Leaves Image Datasets\Datasets_Plant\Doddapatre\980.jpg,Doddapatre,Doddapatre,whole_plant,train
C:\Users\hardi\Downloads\medicinal plants detection\dataset\Indian Medicinal Leaves Image Datasets\Datasets_Plant\Doddapatre\5372.jpg,Doddapatre,Doddapatre,whole_plant,train
C:\Users\hardi\Downloads\medicinal plants detection\dataset\Indian Medicinal Leaves Image Datasets\Datasets_Plant\Doddapatre\5445.jpg,Doddapatre,Doddapatre,whole_plant,train
C:\Users\hardi\Downloads\medicinal plants detection\dataset\Indian Medicinal Leaves Image Datasets\Datasets_Plant\Doddapatre\5393.jpg,Doddapatre,Doddapatre,whole_plant,train
C:\Users\hardi\Downloads\medicinal plants detection\dataset\Indian Medicinal Leaves Image Datasets\Datasets_Plant\Doddapatre\5455.jpg,Doddapatre,Doddapatre,whole_plant,train
C:\Users\hardi\Downloads\medicinal plants detection\dataset\Indian Medicinal Leaves Image Datasets\Datasets_Plant\Doddapatre\5420.jpg,Doddapatre,Doddapatre,whole_plant,train
C:\Users\hardi\Downloads\medicinal plants detection\dataset\Indian Medicinal Leaves Image Datasets\Datasets_Plant\Doddapatre\5349.jpg,Doddapatre,Doddapatre,whole_plant,train
C:\Users\hardi\Downloads\medicinal plants detection\dataset\Indian Medicinal Leaves Image Datasets\Datasets_Plant\Doddapatre\5427.jpg,Doddapatre,Doddapatre,whole_plant,train
C:\Users\hardi\Downloads\medicinal plants detection\dataset\Indian Medicinal Leaves Image Datasets\Datasets_Plant\Doddapatre\5414.jpg,Doddapatre,Doddapatre,whole_plant,train
C:\Users\hardi\Downloads\medicinal plants detection\dataset\Indian Medicinal Leaves Image Datasets\Datasets_Plant\Doddapatre\5397.jpg,Doddapatre,Doddapatre,whole_plant,train
C:\Users\hardi\Downloads\medicinal plants detection\dataset\Indian Medicinal Leaves Image Datasets\Datasets_Plant\Doddapatre\5400.jpg,Doddapatre,Doddapatre,whole_plant,train
C:\Users\hardi\Downloads\medicinal plants detection\dataset\Indian Medicinal Leaves Image Datasets\Datasets_Plant\Doddapatre\5374.jpg,Doddapatre,Doddapatre,whole_plant,train
C:\Users\hardi\Downloads\medicinal plants detection\dataset\Indian Medicinal Leaves Image Datasets\Datasets_Plant\Doddapatre\5450.jpg,Doddapatre,Doddapatre,whole_plant,train
C:\Users\hardi\Downloads\medicinal plants detection\dataset\Indian Medicinal Leaves Image Datasets\Datasets_Plant\Doddapatre\976.jpg,Doddapatre,Doddapatre,whole_plant,train
C:\Users\hardi\Downloads\medicinal plants detection\dataset\Indian Medicinal Leaves Image Datasets\Datasets_Plant\Doddapatre\5369.jpg,Doddapatre,Doddapatre,whole_plant,train
C:\Users\hardi\Downloads\medicinal plants detection\dataset\Indian Medicinal Leaves Image Datasets\Datasets_Plant\Doddapatre\5442.jpg,Doddapatre,Doddapatre,whole_plant,train
C:\Users\hardi\Downloads\medicinal plants detection\dataset\Indian Medicinal Leaves Image Datasets\Datasets_Plant\Doddapatre\460.jpg,Doddapatre,Doddapatre,whole_plant,train
C:\Users\hardi\Downloads\medicinal plants detection\dataset\Indian Medicinal Leaves Image Datasets\Datasets_Plant\Doddapatre\5350.jpg,Doddapatre,Doddapatre,whole_plant,train
C:\Users\hardi\Downloads\medicinal plants detection\dataset\Indian Medicinal Leaves Image Datasets\Datasets_Plant\Doddapatre\5358.jpg,Doddapatre,Doddapatre,whole_plant,train
C:\Users\hardi\Downloads\medicinal plants detection\dataset\Indian Medicinal Leaves Image Datasets\Datasets_Plant\Doddapatre\5460.jpg,Doddapatre,Doddapatre,whole_plant,train
C:\Users\hardi\Downloads\medicinal plants detection\dataset\Indian Medicinal Leaves Image Datasets\Datasets_Plant\Doddapatre\458.jpg,Doddapatre,Doddapatre,whole_plant,train
C:\Users\hardi\Downloads\medicinal plants detection\dataset\Indian Medicinal Leaves Image Datasets\Datasets_Plant\Doddapatre\5452.jpg,Doddapatre,Doddapatre,whole_plant,train
C:\Users\hardi\Downloads\medicinal plants detection\dataset\Indian Medicinal Leaves Image Datasets\Datasets_Plant\Doddapatre\459.jpg,Doddapatre,Doddapatre,whole_plant,train
C:\Users\hardi\Downloads\medicinal plants detection\dataset\Indian Medicinal Leaves Image Datasets\Datasets_Plant\Doddapatre\5449.jpg,Doddapatre,Doddapatre,whole_plant,train
C:\Users\hardi\Downloads\medicinal plants detection\dataset\Indian Medicinal Leaves Image Datasets\Datasets_Plant\Doddapatre\5382.jpg,Doddapatre,Doddapatre,whole_plant,train
C:\Users\hardi\Downloads\medicinal plants detection\dataset\Indian Medicinal Leaves Image Datasets\Datasets_Plant\Doddapatre\5386.jpg,Doddapatre,Doddapatre,whole_plant,train
C:\Users\hardi\Downloads\medicinal plants detection\dataset\Indian Medicinal Leaves Image Datasets\Datasets_Plant\Doddapatre\5399.jpg,Doddapatre,Doddapatre,whole_plant,train
C:\Users\hardi\Downloads\medicinal plants detection\dataset\Indian Medicinal Leaves Image Datasets\Datasets_Plant\Doddapatre\5443.jpg,Doddapatre,Doddapatre,whole_plant,train
C:\Users\hardi\Downloads\medicinal plants detection\dataset\Indian Medicinal Leaves Image Datasets\Datasets_Plant\Doddapatre\5347.jpg,Doddapatre,Doddapatre,whole_plant,train
C:\Users\hardi\Downloads\medicinal plants detection\dataset\Indian Medicinal Leaves Image Datasets\Datasets_Plant\Doddapatre\5411.jpg,Doddapatre,Doddapatre,whole_plant,train
C:\Users\hardi\Downloads\medicinal plants detection\dataset\Indian Medicinal Leaves Image Datasets\Datasets_Plant\Doddapatre\5437.jpg,Doddapatre,Doddapatre,whole_plant,train
C:\Users\hardi\Downloads\medicinal plants detection\dataset\Indian Medicinal Leaves Image Datasets\Datasets_Plant\Doddapatre\5373.jpg,Doddapatre,Doddapatre,whole_plant,train
C:\Users\hardi\Downloads\medicinal plants detection\dataset\Indian Medicinal Leaves Image Datasets\Datasets_Plant\Doddapatre\5398.jpg,Doddapatre,Doddapatre,whole_plant,train
C:\Users\hardi\Downloads\medicinal plants detection\dataset\Indian Medicinal Leaves Image Datasets\Datasets_Plant\Doddapatre\5404.jpg,Doddapatre,Doddapatre,whole_plant,train
C:\Users\hardi\Downloads\medicinal plants detection\dataset\Indian Medicinal Leaves Image Datasets\Datasets_Plant\Doddapatre\5424.jpg,Doddapatre,Doddapatre,whole_plant,train
C:\Users\hardi\Downloads\medicinal plants detection\dataset\Indian Medicinal Leaves Image Datasets\Datasets_Plant\Doddapatre\5465.jpg,Doddapatre,Doddapatre,whole_plant,train
C:\Users\hardi\Downloads\medicinal plants detection\dataset\Indian Medicinal Leaves Image Datasets\Datasets_Plant\Doddapatre\5458.jpg,Doddapatre,Doddapatre,whole_plant,train
C:\Users\hardi\Downloads\medicinal plants detection\dataset\Indian Medicinal Leaves Image Datasets\Datasets_Plant\Doddapatre\5364.jpg,Doddapatre,Doddapatre,whole_plant,train
C:\Users\hardi\Downloads\medicinal plants detection\dataset\Indian Medicinal Leaves Image Datasets\Datasets_Plant\Doddapatre\5431.jpg,Doddapatre,Doddapatre,whole_plant,train
C:\Users\hardi\Downloads\medicinal plants detection\dataset\Indian Medicinal Leaves Image Datasets\Datasets_Plant\Doddapatre\5354.jpg,Doddapatre,Doddapatre,whole_plant,train
C:\Users\hardi\Downloads\medicinal plants detection\dataset\Indian Medicinal Leaves Image Datasets\Datasets_Plant\Doddapatre\465.jpg,Doddapatre,Doddapatre,whole_plant,train
C:\Users\hardi\Downloads\medicinal plants detection\dataset\Indian Medicinal Leaves Image Datasets\Datasets_Plant\Doddapatre\5367.jpg,Doddapatre,Doddapatre,whole_plant,train
C:\Users\hardi\Downloads\medicinal plants detection\dataset\Indian Medicinal Leaves Image Datasets\Datasets_Plant\Doddapatre\982.jpg,Doddapatre,Doddapatre,whole_plant,train
C:\Users\hardi\Downloads\medicinal plants detection\dataset\Indian Medicinal Leaves Image Datasets\Datasets_Plant\Doddapatre\5438.jpg,Doddapatre,Doddapatre,whole_plant,train
C:\Users\hardi\Downloads\medicinal plants detection\dataset\Indian Medicinal Leaves Image Datasets\Datasets_Plant\Doddapatre\5380.jpg,Doddapatre,Doddapatre,whole_plant,train
C:\Users\hardi\Downloads\medicinal plants detection\dataset\Indian Medicinal Leaves Image Datasets\Datasets_Plant\Doddapatre\5451.jpg,Doddapatre,Doddapatre,whole_plant,train
C:\Users\hardi\Downloads\medicinal plants detection\dataset\Indian Medicinal Leaves Image Datasets\Datasets_Plant\Doddapatre\5423.jpg,Doddapatre,Doddapatre,whole_plant,train
C:\Users\hardi\Downloads\medicinal plants detection\dataset\Indian Medicinal Leaves Image Datasets\Datasets_Plant\Doddapatre\5432.jpg,Doddapatre,Doddapatre,whole_plant,train
C:\Users\hardi\Downloads\medicinal plants detection\dataset\Indian Medicinal Leaves Image Datasets\Datasets_Plant\Doddapatre\5447.jpg,Doddapatre,Doddapatre,whole_plant,train
C:\Users\hardi\Downloads\medicinal plants detection\dataset\Indian Medicinal Leaves Image Datasets\Datasets_Plant\Doddapatre\5429.jpg,Doddapatre,Doddapatre,whole_plant,train
C:\Users\hardi\Downloads\medicinal plants detection\dataset\Indian Medicinal Leaves Image Datasets\Datasets_Plant\Doddapatre\5439.jpg,Doddapatre,Doddapatre,whole_plant,train
C:\Users\hardi\Downloads\medicinal plants detection\dataset\Indian Medicinal Leaves Image Datasets\Datasets_Plant\Doddapatre\5418.jpg,Doddapatre,Doddapatre,whole_plant,train
C:\Users\hardi\Downloads\medicinal plants detection\dataset\Indian Medicinal Leaves Image Datasets\Datasets_Plant\Doddapatre\5428.jpg,Doddapatre,Doddapatre,whole_plant,train
C:\Users\hardi\Downloads\medicinal plants detection\dataset\Indian Medicinal Leaves Image Datasets\Datasets_Plant\Doddapatre\5433.jpg,Doddapatre,Doddapatre,whole_plant,train
C:\Users\hardi\Downloads\medicinal plants detection\dataset\Indian Medicinal Leaves Image Datasets\Datasets_Plant\Doddapatre\5362.jpg,Doddapatre,Doddapatre,whole_plant,train
C:\Users\hardi\Downloads\medicinal plants detection\dataset\Indian Medicinal Leaves Image Datasets\Datasets_Plant\Doddapatre\5417.jpg,Doddapatre,Doddapatre,whole_plant,train
C:\Users\hardi\Downloads\medicinal plants detection\dataset\Indian Medicinal Leaves Image Datasets\Datasets_Plant\Doddapatre\5434.jpg,Doddapatre,Doddapatre,whole_plant,train
C:\Users\hardi\Downloads\medicinal plants detection\dataset\Indian Medicinal Leaves Image Datasets\Datasets_Plant\Doddapatre\979.jpg,Doddapatre,Doddapatre,whole_plant,train
C:\Users\hardi\Downloads\medicinal plants detection\dataset\Indian Medicinal Leaves Image Datasets\Datasets_Plant\Doddapatre\5357.jpg,Doddapatre,Doddapatre,whole_plant,train
C:\Users\hardi\Downloads\medicinal plants detection\dataset\Indian Medicinal Leaves Image Datasets\Datasets_Plant\Doddapatre\5406.jpg,Doddapatre,Doddapatre,whole_plant,train
C:\Users\hardi\Downloads\medicinal plants detection\dataset\Indian Medicinal Leaves Image Datasets\Datasets_Plant\Doddapatre\5379.jpg,Doddapatre,Doddapatre,whole_plant,train
C:\Users\hardi\Downloads\medicinal plants detection\dataset\Indian Medicinal Leaves Image Datasets\Datasets_Plant\Doddapatre\5412.jpg,Doddapatre,Doddapatre,whole_plant,train
C:\Users\hardi\Downloads\medicinal plants detection\dataset\Indian Medicinal Leaves Image Datasets\Datasets_Plant\Doddapatre\5413.jpg,Doddapatre,Doddapatre,whole_plant,train
C:\Users\hardi\Downloads\medicinal plants detection\dataset\Indian Medicinal Leaves Image Datasets\Datasets_Plant\Doddapatre\5370.jpg,Doddapatre,Doddapatre,whole_plant,train
C:\Users\hardi\Downloads\medicinal plants detection\dataset\Indian Medicinal Leaves Image Datasets\Datasets_Plant\Doddapatre\986.jpg,Doddapatre,Doddapatre,whole_plant,train
C:\Users\hardi\Downloads\medicinal plants detection\dataset\Indian Medicinal Leaves Image Datasets\Datasets_Plant\Doddapatre\466.jpg,Doddapatre,Doddapatre,whole_plant,train
C:\Users\hardi\Downloads\medicinal plants detection\dataset\Indian Medicinal Leaves Image Datasets\Datasets_Plant\Doddapatre\5461.jpg,Doddapatre,Doddapatre,whole_plant,train
C:\Users\hardi\Downloads\medicinal plants detection\dataset\Indian Medicinal Leaves Image Datasets\Datasets_Plant\Doddapatre\5348.jpg,Doddapatre,Doddapatre,whole_plant,train
C:\Users\hardi\Downloads\medicinal plants detection\dataset\Indian Medicinal Leaves Image Datasets\Datasets_Plant\Doddapatre\5401.jpg,Doddapatre,Doddapatre,whole_plant,train
C:\Users\hardi\Downloads\medicinal plants detection\dataset\Indian Medicinal Leaves Image Datasets\Datasets_Plant\Doddapatre\5391.jpg,Doddapatre,Doddapatre,whole_plant,train
C:\Users\hardi\Downloads\medicinal plants detection\dataset\Indian Medicinal Leaves Image Datasets\Datasets_Plant\Doddapatre\5426.jpg,Doddapatre,Doddapatre,whole_plant,train
C:\Users\hardi\Downloads\medicinal plants detection\dataset\Indian Medicinal Leaves Image Datasets\Datasets_Plant\Doddapatre\461.jpg,Doddapatre,Doddapatre,whole_plant,train
C:\Users\hardi\Downloads\medicinal plants detection\dataset\Indian Medicinal Leaves Image Datasets\Datasets_Plant\Doddapatre\5366.jpg,Doddapatre,Doddapatre,whole_plant,val
C:\Users\hardi\Downloads\medicinal plants detection\dataset\Indian Medicinal Leaves Image Datasets\Datasets_Plant\Doddapatre\5410.jpg,Doddapatre,Doddapatre,whole_plant,val
C:\Users\hardi\Downloads\medicinal plants detection\dataset\Indian Medicinal Leaves Image Datasets\Datasets_Plant\Doddapatre\5377.jpg,Doddapatre,Doddapatre,whole_plant,val
C:\Users\hardi\Downloads\medicinal plants detection\dataset\Indian Medicinal Leaves Image Datasets\Datasets_Plant\Doddapatre\5378.jpg,Doddapatre,Doddapatre,whole_plant,val
C:\Users\hardi\Downloads\medicinal plants detection\dataset\Indian Medicinal Leaves Image Datasets\Datasets_Plant\Doddapatre\468.jpg,Doddapatre,Doddapatre,whole_plant,val
C:\Users\hardi\Downloads\medicinal plants detection\dataset\Indian Medicinal Leaves Image Datasets\Datasets_Plant\Doddapatre\5381.jpg,Doddapatre,Doddapatre,whole_plant,val
C:\Users\hardi\Downloads\medicinal plants detection\dataset\Indian Medicinal Leaves Image Datasets\Datasets_Plant\Doddapatre\467.jpg,Doddapatre,Doddapatre,whole_plant,val
C:\Users\hardi\Downloads\medicinal plants detection\dataset\Indian Medicinal Leaves Image Datasets\Datasets_Plant\Doddapatre\5346.jpg,Doddapatre,Doddapatre,whole_plant,val
C:\Users\hardi\Downloads\medicinal plants detection\dataset\Indian Medicinal Leaves Image Datasets\Datasets_Plant\Doddapatre\5448.jpg,Doddapatre,Doddapatre,whole_plant,val
C:\Users\hardi\Downloads\medicinal plants detection\dataset\Indian Medicinal Leaves Image Datasets\Datasets_Plant\Doddapatre\5453.jpg,Doddapatre,Doddapatre,whole_plant,val
C:\Users\hardi\Downloads\medicinal plants detection\dataset\Indian Medicinal Leaves Image Datasets\Datasets_Plant\Doddapatre\5360.jpg,Doddapatre,Doddapatre,whole_plant,val
C:\Users\hardi\Downloads\medicinal plants detection\dataset\Indian Medicinal Leaves Image Datasets\Datasets_Plant\Doddapatre\5352.jpg,Doddapatre,Doddapatre,whole_plant,val
C:\Users\hardi\Downloads\medicinal plants detection\dataset\Indian Medicinal Leaves Image Datasets\Datasets_Plant\Doddapatre\5457.jpg,Doddapatre,Doddapatre,whole_plant,val
C:\Users\hardi\Downloads\medicinal plants detection\dataset\Indian Medicinal Leaves Image Datasets\Datasets_Plant\Doddapatre\5376.jpg,Doddapatre,Doddapatre,whole_plant,val
C:\Users\hardi\Downloads\medicinal plants detection\dataset\Indian Medicinal Leaves Image Datasets\Datasets_Plant\Doddapatre\5387.jpg,Doddapatre,Doddapatre,whole_plant,val
C:\Users\hardi\Downloads\medicinal plants detection\dataset\Indian Medicinal Leaves Image Datasets\Datasets_Plant\Doddapatre\5422.jpg,Doddapatre,Doddapatre,whole_plant,val
C:\Users\hardi\Downloads\medicinal plants detection\dataset\Indian Medicinal Leaves Image Datasets\Datasets_Plant\Doddapatre\5353.jpg,Doddapatre,Doddapatre,whole_plant,val
C:\Users\hardi\Downloads\medicinal plants detection\dataset\Indian Medicinal Leaves Image Datasets\Datasets_Plant\Doddapatre\5456.jpg,Doddapatre,Doddapatre,whole_plant,val
C:\Users\hardi\Downloads\medicinal plants detection\dataset\Indian Medicinal Leaves Image Datasets\Datasets_Plant\Doddapatre\5430.jpg,Doddapatre,Doddapatre,whole_plant,val
C:\Users\hardi\Downloads\medicinal plants detection\dataset\Indian Medicinal Leaves Image Datasets\Datasets_Plant\Doddapatre\456.jpg,Doddapatre,Doddapatre,whole_plant,val
C:\Users\hardi\Downloads\medicinal plants detection\dataset\Indian Medicinal Leaves Image Datasets\Datasets_Plant\Doddapatre\5444.jpg,Doddapatre,Doddapatre,whole_plant,val
C:\Users\hardi\Downloads\medicinal plants detection\dataset\Indian Medicinal Leaves Image Datasets\Datasets_Plant\Doddapatre\5436.jpg,Doddapatre,Doddapatre,whole_plant,test
C:\Users\hardi\Downloads\medicinal plants detection\dataset\Indian Medicinal Leaves Image Datasets\Datasets_Plant\Doddapatre\983.jpg,Doddapatre,Doddapatre,whole_plant,test
C:\Users\hardi\Downloads\medicinal plants detection\dataset\Indian Medicinal Leaves Image Datasets\Datasets_Plant\Doddapatre\5408.jpg,Doddapatre,Doddapatre,whole_plant,test
C:\Users\hardi\Downloads\medicinal plants detection\dataset\Indian Medicinal Leaves Image Datasets\Datasets_Plant\Doddapatre\984.jpg,Doddapatre,Doddapatre,whole_plant,test
C:\Users\hardi\Downloads\medicinal plants detection\dataset\Indian Medicinal Leaves Image Datasets\Datasets_Plant\Doddapatre\5389.jpg,Doddapatre,Doddapatre,whole_plant,test
C:\Users\hardi\Downloads\medicinal plants detection\dataset\Indian Medicinal Leaves Image Datasets\Datasets_Plant\Doddapatre\5440.jpg,Doddapatre,Doddapatre,whole_plant,test
C:\Users\hardi\Downloads\medicinal plants detection\dataset\Indian Medicinal Leaves Image Datasets\Datasets_Plant\Doddapatre\5383.jpg,Doddapatre,Doddapatre,whole_plant,test
C:\Users\hardi\Downloads\medicinal plants detection\dataset\Indian Medicinal Leaves Image Datasets\Datasets_Plant\Doddapatre\987.jpg,Doddapatre,Doddapatre,whole_plant,test
C:\Users\hardi\Downloads\medicinal plants detection\dataset\Indian Medicinal Leaves Image Datasets\Datasets_Plant\Doddapatre\5462.jpg,Doddapatre,Doddapatre,whole_plant,test
C:\Users\hardi\Downloads\medicinal plants detection\dataset\Indian Medicinal Leaves Image Datasets\Datasets_Plant\Doddapatre\5392.jpg,Doddapatre,Doddapatre,whole_plant,test
C:\Users\hardi\Downloads\medicinal plants detection\dataset\Indian Medicinal Leaves Image Datasets\Datasets_Plant\Doddapatre\5388.jpg,Doddapatre,Doddapatre,whole_plant,test
C:\Users\hardi\Downloads\medicinal plants detection\dataset\Indian Medicinal Leaves Image Datasets\Datasets_Plant\Doddapatre\5356.jpg,Doddapatre,Doddapatre,whole_plant,test
C:\Users\hardi\Downloads\medicinal plants detection\dataset\Indian Medicinal Leaves Image Datasets\Datasets_Plant\Doddapatre\463.jpg,Doddapatre,Doddapatre,whole_plant,test
C:\Users\hardi\Downloads\medicinal plants detection\dataset\Indian Medicinal Leaves Image Datasets\Datasets_Plant\Doddapatre\464.jpg,Doddapatre,Doddapatre,whole_plant,test
C:\Users\hardi\Downloads\medicinal plants detection\dataset\Indian Medicinal Leaves Image Datasets\Datasets_Plant\Doddapatre\5441.jpg,Doddapatre,Doddapatre,whole_plant,test
C:\Users\hardi\Downloads\medicinal plants detection\dataset\Indian Medicinal Leaves Image Datasets\Datasets_Plant\Doddapatre\5355.jpg,Doddapatre,Doddapatre,whole_plant,test
C:\Users\hardi\Downloads\medicinal plants detection\dataset\Indian Medicinal Leaves Image Datasets\Datasets_Plant\Doddapatre\5359.jpg,Doddapatre,Doddapatre,whole_plant,test
C:\Users\hardi\Downloads\medicinal plants detection\dataset\Indian Medicinal Leaves Image Datasets\Datasets_Plant\Doddapatre\5368.jpg,Doddapatre,Doddapatre,whole_plant,test
C:\Users\hardi\Downloads\medicinal plants detection\dataset\Indian Medicinal Leaves Image Datasets\Datasets_Plant\Doddapatre\5390.jpg,Doddapatre,Doddapatre,whole_plant,test
C:\Users\hardi\Downloads\medicinal plants detection\dataset\Indian Medicinal Leaves Image Datasets\Datasets_Plant\Doddapatre\5395.jpg,Doddapatre,Doddapatre,whole_plant,test
C:\Users\hardi\Downloads\medicinal plants detection\dataset\Indian Medicinal Leaves Image Datasets\Datasets_Plant\Doddapatre\5403.jpg,Doddapatre,Doddapatre,whole_plant,test
C:\Users\hardi\Downloads\medicinal plants detection\dataset\Indian Medicinal Leaves Image Datasets\Datasets_Plant\Doddapatre\462.jpg,Doddapatre,Doddapatre,whole_plant,test
C:\Users\hardi\Downloads\medicinal plants detection\dataset\Indian Medicinal Leaves Image Datasets\Datasets_Plant\Doddapatre\5361.jpg,Doddapatre,Doddapatre,whole_plant,test
C:\Users\hardi\Downloads\medicinal plants detection\dataset\Indian Medicinal Leaves Image Datasets\Datasets_Plant\Ekka\682.jpg,Ekka,Ekka,whole_plant,train
C:\Users\hardi\Downloads\medicinal plants detection\dataset\Indian Medicinal Leaves Image Datasets\Datasets_Plant\Ekka\2533.jpg,Ekka,Ekka,whole_plant,train
C:\Users\hardi\Downloads\medicinal plants detection\dataset\Indian Medicinal Leaves Image Datasets\Datasets_Plant\Ekka\2597.jpg,Ekka,Ekka,whole_plant,train
C:\Users\hardi\Downloads\medicinal plants detection\dataset\Indian Medicinal Leaves Image Datasets\Datasets_Plant\Ekka\2566.jpg,Ekka,Ekka,whole_plant,train
C:\Users\hardi\Downloads\medicinal plants detection\dataset\Indian Medicinal Leaves Image Datasets\Datasets_Plant\Ekka\2589.jpg,Ekka,Ekka,whole_plant,train
C:\Users\hardi\Downloads\medicinal plants detection\dataset\Indian Medicinal Leaves Image Datasets\Datasets_Plant\Ekka\2628.jpg,Ekka,Ekka,whole_plant,train
C:\Users\hardi\Downloads\medicinal plants detection\dataset\Indian Medicinal Leaves Image Datasets\Datasets_Plant\Ekka\2645.jpg,Ekka,Ekka,whole_plant,train
C:\Users\hardi\Downloads\medicinal plants detection\dataset\Indian Medicinal Leaves Image Datasets\Datasets_Plant\Ekka\2545.jpg,Ekka,Ekka,whole_plant,train
C:\Users\hardi\Downloads\medicinal plants detection\dataset\Indian Medicinal Leaves Image Datasets\Datasets_Plant\Ekka\678.jpg,Ekka,Ekka,whole_plant,train
C:\Users\hardi\Downloads\medicinal plants detection\dataset\Indian Medicinal Leaves Image Datasets\Datasets_Plant\Ekka\2636.jpg,Ekka,Ekka,whole_plant,train
C:\Users\hardi\Downloads\medicinal plants detection\dataset\Indian Medicinal Leaves Image Datasets\Datasets_Plant\Ekka\2587.jpg,Ekka,Ekka,whole_plant,train
C:\Users\hardi\Downloads\medicinal plants detection\dataset\Indian Medicinal Leaves Image Datasets\Datasets_Plant\Ekka\2584.jpg,Ekka,Ekka,whole_plant,train
C:\Users\hardi\Downloads\medicinal plants detection\dataset\Indian Medicinal Leaves Image Datasets\Datasets_Plant\Ekka\686.jpg,Ekka,Ekka,whole_plant,train
C:\Users\hardi\Downloads\medicinal plants detection\dataset\Indian Medicinal Leaves Image Datasets\Datasets_Plant\Ekka\2553.jpg,Ekka,Ekka,whole_plant,train
C:\Users\hardi\Downloads\medicinal plants detection\dataset\Indian Medicinal Leaves Image Datasets\Datasets_Plant\Ekka\2598.jpg,Ekka,Ekka,whole_plant,train
C:\Users\hardi\Downloads\medicinal plants detection\dataset\Indian Medicinal Leaves Image Datasets\Datasets_Plant\Ekka\2547.jpg,Ekka,Ekka,whole_plant,train
C:\Users\hardi\Downloads\medicinal plants detection\dataset\Indian Medicinal Leaves Image Datasets\Datasets_Plant\Ekka\2607.jpg,Ekka,Ekka,whole_plant,train
C:\Users\hardi\Downloads\medicinal plants detection\dataset\Indian Medicinal Leaves Image Datasets\Datasets_Plant\Ekka\2576.jpg,Ekka,Ekka,whole_plant,train
C:\Users\hardi\Downloads\medicinal plants detection\dataset\Indian Medicinal Leaves Image Datasets\Datasets_Plant\Ekka\2557.jpg,Ekka,Ekka,whole_plant,train
C:\Users\hardi\Downloads\medicinal plants detection\dataset\Indian Medicinal Leaves Image Datasets\Datasets_Plant\Ekka\2601.jpg,Ekka,Ekka,whole_plant,train
C:\Users\hardi\Downloads\medicinal plants detection\dataset\Indian Medicinal Leaves Image Datasets\Datasets_Plant\Ekka\2641.jpg,Ekka,Ekka,whole_plant,train
C:\Users\hardi\Downloads\medicinal plants detection\dataset\Indian Medicinal Leaves Image Datasets\Datasets_Plant\Ekka\689.jpg,Ekka,Ekka,whole_plant,train
C:\Users\hardi\Downloads\medicinal plants detection\dataset\Indian Medicinal Leaves Image Datasets\Datasets_Plant\Ekka\2567.jpg,Ekka,Ekka,whole_plant,train
C:\Users\hardi\Downloads\medicinal plants detection\dataset\Indian Medicinal Leaves Image Datasets\Datasets_Plant\Ekka\158.jpg,Ekka,Ekka,whole_plant,train
C:\Users\hardi\Downloads\medicinal plants detection\dataset\Indian Medicinal Leaves Image Datasets\Datasets_Plant\Ekka\2603.jpg,Ekka,Ekka,whole_plant,train
C:\Users\hardi\Downloads\medicinal plants detection\dataset\Indian Medicinal Leaves Image Datasets\Datasets_Plant\Ekka\2646.jpg,Ekka,Ekka,whole_plant,train
C:\Users\hardi\Downloads\medicinal plants detection\dataset\Indian Medicinal Leaves Image Datasets\Datasets_Plant\Ekka\2578.jpg,Ekka,Ekka,whole_plant,train
C:\Users\hardi\Downloads\medicinal plants detection\dataset\Indian Medicinal Leaves Image Datasets\Datasets_Plant\Ekka\2617.jpg,Ekka,Ekka,whole_plant,train
C:\Users\hardi\Downloads\medicinal plants detection\dataset\Indian Medicinal Leaves Image Datasets\Datasets_Plant\Ekka\2591.jpg,Ekka,Ekka,whole_plant,train
C:\Users\hardi\Downloads\medicinal plants detection\dataset\Indian Medicinal Leaves Image Datasets\Datasets_Plant\Ekka\679.jpg,Ekka,Ekka,whole_plant,train
C:\Users\hardi\Downloads\medicinal plants detection\dataset\Indian Medicinal Leaves Image Datasets\Datasets_Plant\Ekka\681.jpg,Ekka,Ekka,whole_plant,train
C:\Users\hardi\Downloads\medicinal plants detection\dataset\Indian Medicinal Leaves Image Datasets\Datasets_Plant\Ekka\2554.jpg,Ekka,Ekka,whole_plant,train
C:\Users\hardi\Downloads\medicinal plants detection\dataset\Indian Medicinal Leaves Image Datasets\Datasets_Plant\Ekka\2627.jpg,Ekka,Ekka,whole_plant,train
C:\Users\hardi\Downloads\medicinal plants detection\dataset\Indian Medicinal Leaves Image Datasets\Datasets_Plant\Ekka\2575.jpg,Ekka,Ekka,whole_plant,train
C:\Users\hardi\Downloads\medicinal plants detection\dataset\Indian Medicinal Leaves Image Datasets\Datasets_Plant\Ekka\2637.jpg,Ekka,Ekka,whole_plant,train
C:\Users\hardi\Downloads\medicinal plants detection\dataset\Indian Medicinal Leaves Image Datasets\Datasets_Plant\Ekka\2602.jpg,Ekka,Ekka,whole_plant,train
C:\Users\hardi\Downloads\medicinal plants detection\dataset\Indian Medicinal Leaves Image Datasets\Datasets_Plant\Ekka\2531.jpg,Ekka,Ekka,whole_plant,train
C:\Users\hardi\Downloads\medicinal plants detection\dataset\Indian Medicinal Leaves Image Datasets\Datasets_Plant\Ekka\2609.jpg,Ekka,Ekka,whole_plant,train
C:\Users\hardi\Downloads\medicinal plants detection\dataset\Indian Medicinal Leaves Image Datasets\Datasets_Plant\Ekka\2596.jpg,Ekka,Ekka,whole_plant,train
C:\Users\hardi\Downloads\medicinal plants detection\dataset\Indian Medicinal Leaves Image Datasets\Datasets_Plant\Ekka\2579.jpg,Ekka,Ekka,whole_plant,train
C:\Users\hardi\Downloads\medicinal plants detection\dataset\Indian Medicinal Leaves Image Datasets\Datasets_Plant\Ekka\2582.jpg,Ekka,Ekka,whole_plant,train
C:\Users\hardi\Downloads\medicinal plants detection\dataset\Indian Medicinal Leaves Image Datasets\Datasets_Plant\Ekka\2556.jpg,Ekka,Ekka,whole_plant,train
C:\Users\hardi\Downloads\medicinal plants detection\dataset\Indian Medicinal Leaves Image Datasets\Datasets_Plant\Ekka\2632.jpg,Ekka,Ekka,whole_plant,train
C:\Users\hardi\Downloads\medicinal plants detection\dataset\Indian Medicinal Leaves Image Datasets\Datasets_Plant\Ekka\677.jpg,Ekka,Ekka,whole_plant,train
C:\Users\hardi\Downloads\medicinal plants detection\dataset\Indian Medicinal Leaves Image Datasets\Datasets_Plant\Ekka\2551.jpg,Ekka,Ekka,whole_plant,train
C:\Users\hardi\Downloads\medicinal plants detection\dataset\Indian Medicinal Leaves Image Datasets\Datasets_Plant\Ekka\2624.jpg,Ekka,Ekka,whole_plant,train
C:\Users\hardi\Downloads\medicinal plants detection\dataset\Indian Medicinal Leaves Image Datasets\Datasets_Plant\Ekka\161.jpg,Ekka,Ekka,whole_plant,train
C:\Users\hardi\Downloads\medicinal plants detection\dataset\Indian Medicinal Leaves Image Datasets\Datasets_Plant\Ekka\2532.jpg,Ekka,Ekka,whole_plant,train
C:\Users\hardi\Downloads\medicinal plants detection\dataset\Indian Medicinal Leaves Image Datasets\Datasets_Plant\Ekka\2540.jpg,Ekka,Ekka,whole_plant,train
C:\Users\hardi\Downloads\medicinal plants detection\dataset\Indian Medicinal Leaves Image Datasets\Datasets_Plant\Ekka\2642.jpg,Ekka,Ekka,whole_plant,train
C:\Users\hardi\Downloads\medicinal plants detection\dataset\Indian Medicinal Leaves Image Datasets\Datasets_Plant\Ekka\159.jpg,Ekka,Ekka,whole_plant,train
C:\Users\hardi\Downloads\medicinal plants detection\dataset\Indian Medicinal Leaves Image Datasets\Datasets_Plant\Ekka\2634.jpg,Ekka,Ekka,whole_plant,train
C:\Users\hardi\Downloads\medicinal plants detection\dataset\Indian Medicinal Leaves Image Datasets\Datasets_Plant\Ekka\160.jpg,Ekka,Ekka,whole_plant,train
C:\Users\hardi\Downloads\medicinal plants detection\dataset\Indian Medicinal Leaves Image Datasets\Datasets_Plant\Ekka\2631.jpg,Ekka,Ekka,whole_plant,train
C:\Users\hardi\Downloads\medicinal plants detection\dataset\Indian Medicinal Leaves Image Datasets\Datasets_Plant\Ekka\2564.jpg,Ekka,Ekka,whole_plant,train
C:\Users\hardi\Downloads\medicinal plants detection\dataset\Indian Medicinal Leaves Image Datasets\Datasets_Plant\Ekka\2568.jpg,Ekka,Ekka,whole_plant,train
C:\Users\hardi\Downloads\medicinal plants detection\dataset\Indian Medicinal Leaves Image Datasets\Datasets_Plant\Ekka\2581.jpg,Ekka,Ekka,whole_plant,train
C:\Users\hardi\Downloads\medicinal plants detection\dataset\Indian Medicinal Leaves Image Datasets\Datasets_Plant\Ekka\2625.jpg,Ekka,Ekka,whole_plant,train
C:\Users\hardi\Downloads\medicinal plants detection\dataset\Indian Medicinal Leaves Image Datasets\Datasets_Plant\Ekka\2529.jpg,Ekka,Ekka,whole_plant,train
C:\Users\hardi\Downloads\medicinal plants detection\dataset\Indian Medicinal Leaves Image Datasets\Datasets_Plant\Ekka\2593.jpg,Ekka,Ekka,whole_plant,train
C:\Users\hardi\Downloads\medicinal plants detection\dataset\Indian Medicinal Leaves Image Datasets\Datasets_Plant\Ekka\2619.jpg,Ekka,Ekka,whole_plant,train
C:\Users\hardi\Downloads\medicinal plants detection\dataset\Indian Medicinal Leaves Image Datasets\Datasets_Plant\Ekka\2555.jpg,Ekka,Ekka,whole_plant,train
C:\Users\hardi\Downloads\medicinal plants detection\dataset\Indian Medicinal Leaves Image Datasets\Datasets_Plant\Ekka\2580.jpg,Ekka,Ekka,whole_plant,train
C:\Users\hardi\Downloads\medicinal plants detection\dataset\Indian Medicinal Leaves Image Datasets\Datasets_Plant\Ekka\2586.jpg,Ekka,Ekka,whole_plant,train
C:\Users\hardi\Downloads\medicinal plants detection\dataset\Indian Medicinal Leaves Image Datasets\Datasets_Plant\Ekka\2606.jpg,Ekka,Ekka,whole_plant,train
C:\Users\hardi\Downloads\medicinal plants detection\dataset\Indian Medicinal Leaves Image Datasets\Datasets_Plant\Ekka\2647.jpg,Ekka,Ekka,whole_plant,train
C:\Users\hardi\Downloads\medicinal plants detection\dataset\Indian Medicinal Leaves Image Datasets\Datasets_Plant\Ekka\2640.jpg,Ekka,Ekka,whole_plant,train
C:\Users\hardi\Downloads\medicinal plants detection\dataset\Indian Medicinal Leaves Image Datasets\Datasets_Plant\Ekka\2546.jpg,Ekka,Ekka,whole_plant,train
C:\Users\hardi\Downloads\medicinal plants detection\dataset\Indian Medicinal Leaves Image Datasets\Datasets_Plant\Ekka\2613.jpg,Ekka,Ekka,whole_plant,train
C:\Users\hardi\Downloads\medicinal plants detection\dataset\Indian Medicinal Leaves Image Datasets\Datasets_Plant\Ekka\2536.jpg,Ekka,Ekka,whole_plant,train
C:\Users\hardi\Downloads\medicinal plants detection\dataset\Indian Medicinal Leaves Image Datasets\Datasets_Plant\Ekka\166.jpg,Ekka,Ekka,whole_plant,train
C:\Users\hardi\Downloads\medicinal plants detection\dataset\Indian Medicinal Leaves Image Datasets\Datasets_Plant\Ekka\2549.jpg,Ekka,Ekka,whole_plant,train
C:\Users\hardi\Downloads\medicinal plants detection\dataset\Indian Medicinal Leaves Image Datasets\Datasets_Plant\Ekka\683.jpg,Ekka,Ekka,whole_plant,train
C:\Users\hardi\Downloads\medicinal plants detection\dataset\Indian Medicinal Leaves Image Datasets\Datasets_Plant\Ekka\2620.jpg,Ekka,Ekka,whole_plant,train
C:\Users\hardi\Downloads\medicinal plants detection\dataset\Indian Medicinal Leaves Image Datasets\Datasets_Plant\Ekka\2562.jpg,Ekka,Ekka,whole_plant,train
C:\Users\hardi\Downloads\medicinal plants detection\dataset\Indian Medicinal Leaves Image Datasets\Datasets_Plant\Ekka\2633.jpg,Ekka,Ekka,whole_plant,train
C:\Users\hardi\Downloads\medicinal plants detection\dataset\Indian Medicinal Leaves Image Datasets\Datasets_Plant\Ekka\2605.jpg,Ekka,Ekka,whole_plant,train
C:\Users\hardi\Downloads\medicinal plants detection\dataset\Indian Medicinal Leaves Image Datasets\Datasets_Plant\Ekka\2614.jpg,Ekka,Ekka,whole_plant,train
C:\Users\hardi\Downloads\medicinal plants detection\dataset\Indian Medicinal Leaves Image Datasets\Datasets_Plant\Ekka\2629.jpg,Ekka,Ekka,whole_plant,train
C:\Users\hardi\Downloads\medicinal plants detection\dataset\Indian Medicinal Leaves Image Datasets\Datasets_Plant\Ekka\2611.jpg,Ekka,Ekka,whole_plant,train
C:\Users\hardi\Downloads\medicinal plants detection\dataset\Indian Medicinal Leaves Image Datasets\Datasets_Plant\Ekka\2621.jpg,Ekka,Ekka,whole_plant,train
C:\Users\hardi\Downloads\medicinal plants detection\dataset\Indian Medicinal Leaves Image Datasets\Datasets_Plant\Ekka\2600.jpg,Ekka,Ekka,whole_plant,train
C:\Users\hardi\Downloads\medicinal plants detection\dataset\Indian Medicinal Leaves Image Datasets\Datasets_Plant\Ekka\2610.jpg,Ekka,Ekka,whole_plant,train
C:\Users\hardi\Downloads\medicinal plants detection\dataset\Indian Medicinal Leaves Image Datasets\Datasets_Plant\Ekka\2615.jpg,Ekka,Ekka,whole_plant,train
C:\Users\hardi\Downloads\medicinal plants detection\dataset\Indian Medicinal Leaves Image Datasets\Datasets_Plant\Ekka\2544.jpg,Ekka,Ekka,whole_plant,train
C:\Users\hardi\Downloads\medicinal plants detection\dataset\Indian Medicinal Leaves Image Datasets\Datasets_Plant\Ekka\2599.jpg,Ekka,Ekka,whole_plant,train
C:\Users\hardi\Downloads\medicinal plants detection\dataset\Indian Medicinal Leaves Image Datasets\Datasets_Plant\Ekka\2616.jpg,Ekka,Ekka,whole_plant,train
C:\Users\hardi\Downloads\medicinal plants detection\dataset\Indian Medicinal Leaves Image Datasets\Datasets_Plant\Ekka\680.jpg,Ekka,Ekka,whole_plant,train
C:\Users\hardi\Downloads\medicinal plants detection\dataset\Indian Medicinal Leaves Image Datasets\Datasets_Plant\Ekka\2539.jpg,Ekka,Ekka,whole_plant,train
C:\Users\hardi\Downloads\medicinal plants detection\dataset\Indian Medicinal Leaves Image Datasets\Datasets_Plant\Ekka\2588.jpg,Ekka,Ekka,whole_plant,train
C:\Users\hardi\Downloads\medicinal plants detection\dataset\Indian Medicinal Leaves Image Datasets\Datasets_Plant\Ekka\2561.jpg,Ekka,Ekka,whole_plant,train
C:\Users\hardi\Downloads\medicinal plants detection\dataset\Indian Medicinal Leaves Image Datasets\Datasets_Plant\Ekka\2594.jpg,Ekka,Ekka,whole_plant,train
C:\Users\hardi\Downloads\medicinal plants detection\dataset\Indian Medicinal Leaves Image Datasets\Datasets_Plant\Ekka\2595.jpg,Ekka,Ekka,whole_plant,train
C:\Users\hardi\Downloads\medicinal plants detection\dataset\Indian Medicinal Leaves Image Datasets\Datasets_Plant\Ekka\2552.jpg,Ekka,Ekka,whole_plant,train
C:\Users\hardi\Downloads\medicinal plants detection\dataset\Indian Medicinal Leaves Image Datasets\Datasets_Plant\Ekka\687.jpg,Ekka,Ekka,whole_plant,train
C:\Users\hardi\Downloads\medicinal plants detection\dataset\Indian Medicinal Leaves Image Datasets\Datasets_Plant\Ekka\167.jpg,Ekka,Ekka,whole_plant,train
C:\Users\hardi\Downloads\medicinal plants detection\dataset\Indian Medicinal Leaves Image Datasets\Datasets_Plant\Ekka\2643.jpg,Ekka,Ekka,whole_plant,train
C:\Users\hardi\Downloads\medicinal plants detection\dataset\Indian Medicinal Leaves Image Datasets\Datasets_Plant\Ekka\2530.jpg,Ekka,Ekka,whole_plant,train
C:\Users\hardi\Downloads\medicinal plants detection\dataset\Indian Medicinal Leaves Image Datasets\Datasets_Plant\Ekka\2583.jpg,Ekka,Ekka,whole_plant,train
C:\Users\hardi\Downloads\medicinal plants detection\dataset\Indian Medicinal Leaves Image Datasets\Datasets_Plant\Ekka\2573.jpg,Ekka,Ekka,whole_plant,train
C:\Users\hardi\Downloads\medicinal plants detection\dataset\Indian Medicinal Leaves Image Datasets\Datasets_Plant\Ekka\2608.jpg,Ekka,Ekka,whole_plant,train
C:\Users\hardi\Downloads\medicinal plants detection\dataset\Indian Medicinal Leaves Image Datasets\Datasets_Plant\Ekka\162.jpg,Ekka,Ekka,whole_plant,train
C:\Users\hardi\Downloads\medicinal plants detection\dataset\Indian Medicinal Leaves Image Datasets\Datasets_Plant\Ekka\2548.jpg,Ekka,Ekka,whole_plant,val
C:\Users\hardi\Downloads\medicinal plants detection\dataset\Indian Medicinal Leaves Image Datasets\Datasets_Plant\Ekka\2592.jpg,Ekka,Ekka,whole_plant,val
C:\Users\hardi\Downloads\medicinal plants detection\dataset\Indian Medicinal Leaves Image Datasets\Datasets_Plant\Ekka\2559.jpg,Ekka,Ekka,whole_plant,val
C:\Users\hardi\Downloads\medicinal plants detection\dataset\Indian Medicinal Leaves Image Datasets\Datasets_Plant\Ekka\2560.jpg,Ekka,Ekka,whole_plant,val
C:\Users\hardi\Downloads\medicinal plants detection\dataset\Indian Medicinal Leaves Image Datasets\Datasets_Plant\Ekka\169.jpg,Ekka,Ekka,whole_plant,val
C:\Users\hardi\Downloads\medicinal plants detection\dataset\Indian Medicinal Leaves Image Datasets\Datasets_Plant\Ekka\2563.jpg,Ekka,Ekka,whole_plant,val
C:\Users\hardi\Downloads\medicinal plants detection\dataset\Indian Medicinal Leaves Image Datasets\Datasets_Plant\Ekka\168.jpg,Ekka,Ekka,whole_plant,val
C:\Users\hardi\Downloads\medicinal plants detection\dataset\Indian Medicinal Leaves Image Datasets\Datasets_Plant\Ekka\2528.jpg,Ekka,Ekka,whole_plant,val
C:\Users\hardi\Downloads\medicinal plants detection\dataset\Indian Medicinal Leaves Image Datasets\Datasets_Plant\Ekka\2630.jpg,Ekka,Ekka,whole_plant,val
C:\Users\hardi\Downloads\medicinal plants detection\dataset\Indian Medicinal Leaves Image Datasets\Datasets_Plant\Ekka\2635.jpg,Ekka,Ekka,whole_plant,val
C:\Users\hardi\Downloads\medicinal plants detection\dataset\Indian Medicinal Leaves Image Datasets\Datasets_Plant\Ekka\2542.jpg,Ekka,Ekka,whole_plant,val
C:\Users\hardi\Downloads\medicinal plants detection\dataset\Indian Medicinal Leaves Image Datasets\Datasets_Plant\Ekka\2534.jpg,Ekka,Ekka,whole_plant,val
C:\Users\hardi\Downloads\medicinal plants detection\dataset\Indian Medicinal Leaves Image Datasets\Datasets_Plant\Ekka\2639.jpg,Ekka,Ekka,whole_plant,val
C:\Users\hardi\Downloads\medicinal plants detection\dataset\Indian Medicinal Leaves Image Datasets\Datasets_Plant\Ekka\2558.jpg,Ekka,Ekka,whole_plant,val
C:\Users\hardi\Downloads\medicinal plants detection\dataset\Indian Medicinal Leaves Image Datasets\Datasets_Plant\Ekka\2569.jpg,Ekka,Ekka,whole_plant,val
C:\Users\hardi\Downloads\medicinal plants detection\dataset\Indian Medicinal Leaves Image Datasets\Datasets_Plant\Ekka\2604.jpg,Ekka,Ekka,whole_plant,val
C:\Users\hardi\Downloads\medicinal plants detection\dataset\Indian Medicinal Leaves Image Datasets\Datasets_Plant\Ekka\2535.jpg,Ekka,Ekka,whole_plant,val
C:\Users\hardi\Downloads\medicinal plants detection\dataset\Indian Medicinal Leaves Image Datasets\Datasets_Plant\Ekka\2638.jpg,Ekka,Ekka,whole_plant,val
C:\Users\hardi\Downloads\medicinal plants detection\dataset\Indian Medicinal Leaves Image Datasets\Datasets_Plant\Ekka\2612.jpg,Ekka,Ekka,whole_plant,val
C:\Users\hardi\Downloads\medicinal plants detection\dataset\Indian Medicinal Leaves Image Datasets\Datasets_Plant\Ekka\157.jpg,Ekka,Ekka,whole_plant,val
C:\Users\hardi\Downloads\medicinal plants detection\dataset\Indian Medicinal Leaves Image Datasets\Datasets_Plant\Ekka\2626.jpg,Ekka,Ekka,whole_plant,val
C:\Users\hardi\Downloads\medicinal plants detection\dataset\Indian Medicinal Leaves Image Datasets\Datasets_Plant\Ekka\2618.jpg,Ekka,Ekka,whole_plant,test
C:\Users\hardi\Downloads\medicinal plants detection\dataset\Indian Medicinal Leaves Image Datasets\Datasets_Plant\Ekka\684.jpg,Ekka,Ekka,whole_plant,test
C:\Users\hardi\Downloads\medicinal plants detection\dataset\Indian Medicinal Leaves Image Datasets\Datasets_Plant\Ekka\2590.jpg,Ekka,Ekka,whole_plant,test
C:\Users\hardi\Downloads\medicinal plants detection\dataset\Indian Medicinal Leaves Image Datasets\Datasets_Plant\Ekka\685.jpg,Ekka,Ekka,whole_plant,test
C:\Users\hardi\Downloads\medicinal plants detection\dataset\Indian Medicinal Leaves Image Datasets\Datasets_Plant\Ekka\2571.jpg,Ekka,Ekka,whole_plant,test
C:\Users\hardi\Downloads\medicinal plants detection\dataset\Indian Medicinal Leaves Image Datasets\Datasets_Plant\Ekka\2622.jpg,Ekka,Ekka,whole_plant,test
C:\Users\hardi\Downloads\medicinal plants detection\dataset\Indian Medicinal Leaves Image Datasets\Datasets_Plant\Ekka\2565.jpg,Ekka,Ekka,whole_plant,test
C:\Users\hardi\Downloads\medicinal plants detection\dataset\Indian Medicinal Leaves Image Datasets\Datasets_Plant\Ekka\688.jpg,Ekka,Ekka,whole_plant,test
C:\Users\hardi\Downloads\medicinal plants detection\dataset\Indian Medicinal Leaves Image Datasets\Datasets_Plant\Ekka\2644.jpg,Ekka,Ekka,whole_plant,test
C:\Users\hardi\Downloads\medicinal plants detection\dataset\Indian Medicinal Leaves Image Datasets\Datasets_Plant\Ekka\2574.jpg,Ekka,Ekka,whole_plant,test
C:\Users\hardi\Downloads\medicinal plants detection\dataset\Indian Medicinal Leaves Image Datasets\Datasets_Plant\Ekka\2570.jpg,Ekka,Ekka,whole_plant,test
C:\Users\hardi\Downloads\medicinal plants detection\dataset\Indian Medicinal Leaves Image Datasets\Datasets_Plant\Ekka\2538.jpg,Ekka,Ekka,whole_plant,test
C:\Users\hardi\Downloads\medicinal plants detection\dataset\Indian Medicinal Leaves Image Datasets\Datasets_Plant\Ekka\164.jpg,Ekka,Ekka,whole_plant,test
C:\Users\hardi\Downloads\medicinal plants detection\dataset\Indian Medicinal Leaves Image Datasets\Datasets_Plant\Ekka\165.jpg,Ekka,Ekka,whole_plant,test
C:\Users\hardi\Downloads\medicinal plants detection\dataset\Indian Medicinal Leaves Image Datasets\Datasets_Plant\Ekka\2623.jpg,Ekka,Ekka,whole_plant,test
C:\Users\hardi\Downloads\medicinal plants detection\dataset\Indian Medicinal Leaves Image Datasets\Datasets_Plant\Ekka\2537.jpg,Ekka,Ekka,whole_plant,test
C:\Users\hardi\Downloads\medicinal plants detection\dataset\Indian Medicinal Leaves Image Datasets\Datasets_Plant\Ekka\2541.jpg,Ekka,Ekka,whole_plant,test
C:\Users\hardi\Downloads\medicinal plants detection\dataset\Indian Medicinal Leaves Image Datasets\Datasets_Plant\Ekka\2550.jpg,Ekka,Ekka,whole_plant,test
C:\Users\hardi\Downloads\medicinal plants detection\dataset\Indian Medicinal Leaves Image Datasets\Datasets_Plant\Ekka\2572.jpg,Ekka,Ekka,whole_plant,test
C:\Users\hardi\Downloads\medicinal plants detection\dataset\Indian Medicinal Leaves Image Datasets\Datasets_Plant\Ekka\2577.jpg,Ekka,Ekka,whole_plant,test
C:\Users\hardi\Downloads\medicinal plants detection\dataset\Indian Medicinal Leaves Image Datasets\Datasets_Plant\Ekka\2585.jpg,Ekka,Ekka,whole_plant,test
C:\Users\hardi\Downloads\medicinal plants detection\dataset\Indian Medicinal Leaves Image Datasets\Datasets_Plant\Ekka\163.jpg,Ekka,Ekka,whole_plant,test
C:\Users\hardi\Downloads\medicinal plants detection\dataset\Indian Medicinal Leaves Image Datasets\Datasets_Plant\Ekka\2543.jpg,Ekka,Ekka,whole_plant,test
C:\Users\hardi\Downloads\medicinal plants detection\dataset\Indian Medicinal Leaves Image Datasets\Datasets_Plant\Ganike\3703.jpg,Ganike,Ganike,whole_plant,train
C:\Users\hardi\Downloads\medicinal plants detection\dataset\Indian Medicinal Leaves Image Datasets\Datasets_Plant\Ganike\801.jpg,Ganike,Ganike,whole_plant,train
C:\Users\hardi\Downloads\medicinal plants detection\dataset\Indian Medicinal Leaves Image Datasets\Datasets_Plant\Ganike\806.jpg,Ganike,Ganike,whole_plant,train
C:\Users\hardi\Downloads\medicinal plants detection\dataset\Indian Medicinal Leaves Image Datasets\Datasets_Plant\Ganike\3685.jpg,Ganike,Ganike,whole_plant,train
C:\Users\hardi\Downloads\medicinal plants detection\dataset\Indian Medicinal Leaves Image Datasets\Datasets_Plant\Ganike\3701.jpg,Ganike,Ganike,whole_plant,train
C:\Users\hardi\Downloads\medicinal plants detection\dataset\Indian Medicinal Leaves Image Datasets\Datasets_Plant\Ganike\3652.jpg,Ganike,Ganike,whole_plant,train
C:\Users\hardi\Downloads\medicinal plants detection\dataset\Indian Medicinal Leaves Image Datasets\Datasets_Plant\Ganike\3699.jpg,Ganike,Ganike,whole_plant,train
C:\Users\hardi\Downloads\medicinal plants detection\dataset\Indian Medicinal Leaves Image Datasets\Datasets_Plant\Ganike\3710.jpg,Ganike,Ganike,whole_plant,train
C:\Users\hardi\Downloads\medicinal plants detection\dataset\Indian Medicinal Leaves Image Datasets\Datasets_Plant\Ganike\3712.jpg,Ganike,Ganike,whole_plant,train
C:\Users\hardi\Downloads\medicinal plants detection\dataset\Indian Medicinal Leaves Image Datasets\Datasets_Plant\Ganike\3697.jpg,Ganike,Ganike,whole_plant,train
C:\Users\hardi\Downloads\medicinal plants detection\dataset\Indian Medicinal Leaves Image Datasets\Datasets_Plant\Ganike\3666.jpg,Ganike,Ganike,whole_plant,train
C:\Users\hardi\Downloads\medicinal plants detection\dataset\Indian Medicinal Leaves Image Datasets\Datasets_Plant\Ganike\3708.jpg,Ganike,Ganike,whole_plant,train
C:\Users\hardi\Downloads\medicinal plants detection\dataset\Indian Medicinal Leaves Image Datasets\Datasets_Plant\Ganike\283.jpg,Ganike,Ganike,whole_plant,train
C:\Users\hardi\Downloads\medicinal plants detection\dataset\Indian Medicinal Leaves Image Datasets\Datasets_Plant\Ganike\3727.jpg,Ganike,Ganike,whole_plant,train
C:\Users\hardi\Downloads\medicinal plants detection\dataset\Indian Medicinal Leaves Image Datasets\Datasets_Plant\Ganike\3682.jpg,Ganike,Ganike,whole_plant,train
C:\Users\hardi\Downloads\medicinal plants detection\dataset\Indian Medicinal Leaves Image Datasets\Datasets_Plant\Ganike\3724.jpg,Ganike,Ganike,whole_plant,train
C:\Users\hardi\Downloads\medicinal plants detection\dataset\Indian Medicinal Leaves Image Datasets\Datasets_Plant\Ganike\3721.jpg,Ganike,Ganike,whole_plant,train
C:\Users\hardi\Downloads\medicinal plants detection\dataset\Indian Medicinal Leaves Image Datasets\Datasets_Plant\Ganike\3725.jpg,Ganike,Ganike,whole_plant,train
C:\Users\hardi\Downloads\medicinal plants detection\dataset\Indian Medicinal Leaves Image Datasets\Datasets_Plant\Ganike\3662.jpg,Ganike,Ganike,whole_plant,train
C:\Users\hardi\Downloads\medicinal plants detection\dataset\Indian Medicinal Leaves Image Datasets\Datasets_Plant\Ganike\3673.jpg,Ganike,Ganike,whole_plant,train
C:\Users\hardi\Downloads\medicinal plants detection\dataset\Indian Medicinal Leaves Image Datasets\Datasets_Plant\Ganike\275.jpg,Ganike,Ganike,whole_plant,train
C:\Users\hardi\Downloads\medicinal plants detection\dataset\Indian Medicinal Leaves Image Datasets\Datasets_Plant\Ganike\3668.jpg,Ganike,Ganike,whole_plant,train
C:\Users\hardi\Downloads\medicinal plants detection\dataset\Indian Medicinal Leaves Image Datasets\Datasets_Plant\Ganike\3657.jpg,Ganike,Ganike,whole_plant,train
C:\Users\hardi\Downloads\medicinal plants detection\dataset\Indian Medicinal Leaves Image Datasets\Datasets_Plant\Ganike\281.jpg,Ganike,Ganike,whole_plant,train
C:\Users\hardi\Downloads\medicinal plants detection\dataset\Indian Medicinal Leaves Image Datasets\Datasets_Plant\Ganike\3670.jpg,Ganike,Ganike,whole_plant,train
C:\Users\hardi\Downloads\medicinal plants detection\dataset\Indian Medicinal Leaves Image Datasets\Datasets_Plant\Ganike\3695.jpg,Ganike,Ganike,whole_plant,train
C:\Users\hardi\Downloads\medicinal plants detection\dataset\Indian Medicinal Leaves Image Datasets\Datasets_Plant\Ganike\3716.jpg,Ganike,Ganike,whole_plant,train
C:\Users\hardi\Downloads\medicinal plants detection\dataset\Indian Medicinal Leaves Image Datasets\Datasets_Plant\Ganike\282.jpg,Ganike,Ganike,whole_plant,train
C:\Users\hardi\Downloads\medicinal plants detection\dataset\Indian Medicinal Leaves Image Datasets\Datasets_Plant\Ganike\3688.jpg,Ganike,Ganike,whole_plant,train
C:\Users\hardi\Downloads\medicinal plants detection\dataset\Indian Medicinal Leaves Image Datasets\Datasets_Plant\Ganike\3704.jpg,Ganike,Ganike,whole_plant,train
C:\Users\hardi\Downloads\medicinal plants detection\dataset\Indian Medicinal Leaves Image Datasets\Datasets_Plant\Ganike\3687.jpg,Ganike,Ganike,whole_plant,train
C:\Users\hardi\Downloads\medicinal plants detection\dataset\Indian Medicinal Leaves Image Datasets\Datasets_Plant\Ganike\3729.jpg,Ganike,Ganike,whole_plant,train
C:\Users\hardi\Downloads\medicinal plants detection\dataset\Indian Medicinal Leaves Image Datasets\Datasets_Plant\Ganike\3674.jpg,Ganike,Ganike,whole_plant,train
C:\Users\hardi\Downloads\medicinal plants detection\dataset\Indian Medicinal Leaves Image Datasets\Datasets_Plant\Ganike\3686.jpg,Ganike,Ganike,whole_plant,train
C:\Users\hardi\Downloads\medicinal plants detection\dataset\Indian Medicinal Leaves Image Datasets\Datasets_Plant\Ganike\3677.jpg,Ganike,Ganike,whole_plant,train
C:\Users\hardi\Downloads\medicinal plants detection\dataset\Indian Medicinal Leaves Image Datasets\Datasets_Plant\Ganike\3709.jpg,Ganike,Ganike,whole_plant,train
C:\Users\hardi\Downloads\medicinal plants detection\dataset\Indian Medicinal Leaves Image Datasets\Datasets_Plant\Ganike\3658.jpg,Ganike,Ganike,whole_plant,train
C:\Users\hardi\Downloads\medicinal plants detection\dataset\Indian Medicinal Leaves Image Datasets\Datasets_Plant\Ganike\3720.jpg,Ganike,Ganike,whole_plant,train
C:\Users\hardi\Downloads\medicinal plants detection\dataset\Indian Medicinal Leaves Image Datasets\Datasets_Plant\Ganike\284.jpg,Ganike,Ganike,whole_plant,train
C:\Users\hardi\Downloads\medicinal plants detection\dataset\Indian Medicinal Leaves Image Datasets\Datasets_Plant\Ganike\3715.jpg,Ganike,Ganike,whole_plant,train
C:\Users\hardi\Downloads\medicinal plants detection\dataset\Indian Medicinal Leaves Image Datasets\Datasets_Plant\Ganike\795.jpg,Ganike,Ganike,whole_plant,train
C:\Users\hardi\Downloads\medicinal plants detection\dataset\Indian Medicinal Leaves Image Datasets\Datasets_Plant\Ganike\799.jpg,Ganike,Ganike,whole_plant,train
C:\Users\hardi\Downloads\medicinal plants detection\dataset\Indian Medicinal Leaves Image Datasets\Datasets_Plant\Ganike\3660.jpg,Ganike,Ganike,whole_plant,train
C:\Users\hardi\Downloads\medicinal plants detection\dataset\Indian Medicinal Leaves Image Datasets\Datasets_Plant\Ganike\280.jpg,Ganike,Ganike,whole_plant,train
C:\Users\hardi\Downloads\medicinal plants detection\dataset\Indian Medicinal Leaves Image Datasets\Datasets_Plant\Ganike\3683.jpg,Ganike,Ganike,whole_plant,train
C:\Users\hardi\Downloads\medicinal plants detection\dataset\Indian Medicinal Leaves Image Datasets\Datasets_Plant\Ganike\3698.jpg,Ganike,Ganike,whole_plant,train
C:\Users\hardi\Downloads\medicinal plants detection\dataset\Indian Medicinal Leaves Image Datasets\Datasets_Plant\Ganike\3696.jpg,Ganike,Ganike,whole_plant,train
C:\Users\hardi\Downloads\medicinal plants detection\dataset\Indian Medicinal Leaves Image Datasets\Datasets_Plant\Ganike\805.jpg,Ganike,Ganike,whole_plant,train
C:\Users\hardi\Downloads\medicinal plants detection\dataset\Indian Medicinal Leaves Image Datasets\Datasets_Plant\Ganike\3678.jpg,Ganike,Ganike,whole_plant,train
C:\Users\hardi\Downloads\medicinal plants detection\dataset\Indian Medicinal Leaves Image Datasets\Datasets_Plant\Ganike\276.jpg,Ganike,Ganike,whole_plant,train
C:\Users\hardi\Downloads\medicinal plants detection\dataset\Indian Medicinal Leaves Image Datasets\Datasets_Plant\Ganike\3734.jpg,Ganike,Ganike,whole_plant,train
C:\Users\hardi\Downloads\medicinal plants detection\dataset\Indian Medicinal Leaves Image Datasets\Datasets_Plant\Ganike\3723.jpg,Ganike,Ganike,whole_plant,train
C:\Users\hardi\Downloads\medicinal plants detection\dataset\Indian Medicinal Leaves Image Datasets\Datasets_Plant\Ganike\3706.jpg,Ganike,Ganike,whole_plant,train
C:\Users\hardi\Downloads\medicinal plants detection\dataset\Indian Medicinal Leaves Image Datasets\Datasets_Plant\Ganike\3672.jpg,Ganike,Ganike,whole_plant,train
C:\Users\hardi\Downloads\medicinal plants detection\dataset\Indian Medicinal Leaves Image Datasets\Datasets_Plant\Ganike\3659.jpg,Ganike,Ganike,whole_plant,train
C:\Users\hardi\Downloads\medicinal plants detection\dataset\Indian Medicinal Leaves Image Datasets\Datasets_Plant\Ganike\3691.jpg,Ganike,Ganike,whole_plant,train
C:\Users\hardi\Downloads\medicinal plants detection\dataset\Indian Medicinal Leaves Image Datasets\Datasets_Plant\Ganike\3692.jpg,Ganike,Ganike,whole_plant,train
C:\Users\hardi\Downloads\medicinal plants detection\dataset\Indian Medicinal Leaves Image Datasets\Datasets_Plant\Ganike\3675.jpg,Ganike,Ganike,whole_plant,train
C:\Users\hardi\Downloads\medicinal plants detection\dataset\Indian Medicinal Leaves Image Datasets\Datasets_Plant\Ganike\3676.jpg,Ganike,Ganike,whole_plant,train
C:\Users\hardi\Downloads\medicinal plants detection\dataset\Indian Medicinal Leaves Image Datasets\Datasets_Plant\Ganike\796.jpg,Ganike,Ganike,whole_plant,train
C:\Users\hardi\Downloads\medicinal plants detection\dataset\Indian Medicinal Leaves Image Datasets\Datasets_Plant\Ganike\3654.jpg,Ganike,Ganike,whole_plant,train
C:\Users\hardi\Downloads\medicinal plants detection\dataset\Indian Medicinal Leaves Image Datasets\Datasets_Plant\Ganike\3728.jpg,Ganike,Ganike,whole_plant,train
C:\Users\hardi\Downloads\medicinal plants detection\dataset\Indian Medicinal Leaves Image Datasets\Datasets_Plant\Ganike\3702.jpg,Ganike,Ganike,whole_plant,train
C:\Users\hardi\Downloads\medicinal plants detection\dataset\Indian Medicinal Leaves Image Datasets\Datasets_Plant\Ganike\3726.jpg,Ganike,Ganike,whole_plant,train
C:\Users\hardi\Downloads\medicinal plants detection\dataset\Indian Medicinal Leaves Image Datasets\Datasets_Plant\Ganike\3651.jpg,Ganike,Ganike,whole_plant,train
C:\Users\hardi\Downloads\medicinal plants detection\dataset\Indian Medicinal Leaves Image Datasets\Datasets_Plant\Ganike\3694.jpg,Ganike,Ganike,whole_plant,train
C:\Users\hardi\Downloads\medicinal plants detection\dataset\Indian Medicinal Leaves Image Datasets\Datasets_Plant\Ganike\279.jpg,Ganike,Ganike,whole_plant,train
C:\Users\hardi\Downloads\medicinal plants detection\dataset\Indian Medicinal Leaves Image Datasets\Datasets_Plant\Ganike\3669.jpg,Ganike,Ganike,whole_plant,train
C:\Users\hardi\Downloads\medicinal plants detection\dataset\Indian Medicinal Leaves Image Datasets\Datasets_Plant\Ganike\3680.jpg,Ganike,Ganike,whole_plant,train
C:\Users\hardi\Downloads\medicinal plants detection\dataset\Indian Medicinal Leaves Image Datasets\Datasets_Plant\Ganike\3681.jpg,Ganike,Ganike,whole_plant,train
C:\Users\hardi\Downloads\medicinal plants detection\dataset\Indian Medicinal Leaves Image Datasets\Datasets_Plant\Ganike\286.jpg,Ganike,Ganike,whole_plant,train
C:\Users\hardi\Downloads\medicinal plants detection\dataset\Indian Medicinal Leaves Image Datasets\Datasets_Plant\Ganike\3684.jpg,Ganike,Ganike,whole_plant,train
C:\Users\hardi\Downloads\medicinal plants detection\dataset\Indian Medicinal Leaves Image Datasets\Datasets_Plant\Ganike\3732.jpg,Ganike,Ganike,whole_plant,train
C:\Users\hardi\Downloads\medicinal plants detection\dataset\Indian Medicinal Leaves Image Datasets\Datasets_Plant\Ganike\797.jpg,Ganike,Ganike,whole_plant,train
C:\Users\hardi\Downloads\medicinal plants detection\dataset\Indian Medicinal Leaves Image Datasets\Datasets_Plant\Ganike\3714.jpg,Ganike,Ganike,whole_plant,train
C:\Users\hardi\Downloads\medicinal plants detection\dataset\Indian Medicinal Leaves Image Datasets\Datasets_Plant\Ganike\3731.jpg,Ganike,Ganike,whole_plant,train
C:\Users\hardi\Downloads\medicinal plants detection\dataset\Indian Medicinal Leaves Image Datasets\Datasets_Plant\Ganike\3655.jpg,Ganike,Ganike,whole_plant,train
C:\Users\hardi\Downloads\medicinal plants detection\dataset\Indian Medicinal Leaves Image Datasets\Datasets_Plant\Ganike\3718.jpg,Ganike,Ganike,whole_plant,train
C:\Users\hardi\Downloads\medicinal plants detection\dataset\Indian Medicinal Leaves Image Datasets\Datasets_Plant\Ganike\3679.jpg,Ganike,Ganike,whole_plant,train
C:\Users\hardi\Downloads\medicinal plants detection\dataset\Indian Medicinal Leaves Image Datasets\Datasets_Plant\Ganike\3735.jpg,Ganike,Ganike,whole_plant,train
C:\Users\hardi\Downloads\medicinal plants detection\dataset\Indian Medicinal Leaves Image Datasets\Datasets_Plant\Ganike\3656.jpg,Ganike,Ganike,whole_plant,val
C:\Users\hardi\Downloads\medicinal plants detection\dataset\Indian Medicinal Leaves Image Datasets\Datasets_Plant\Ganike\274.jpg,Ganike,Ganike,whole_plant,val
C:\Users\hardi\Downloads\medicinal plants detection\dataset\Indian Medicinal Leaves Image Datasets\Datasets_Plant\Ganike\802.jpg,Ganike,Ganike,whole_plant,val
C:\Users\hardi\Downloads\medicinal plants detection\dataset\Indian Medicinal Leaves Image Datasets\Datasets_Plant\Ganike\3736.jpg,Ganike,Ganike,whole_plant,val
C:\Users\hardi\Downloads\medicinal plants detection\dataset\Indian Medicinal Leaves Image Datasets\Datasets_Plant\Ganike\3693.jpg,Ganike,Ganike,whole_plant,val
C:\Users\hardi\Downloads\medicinal plants detection\dataset\Indian Medicinal Leaves Image Datasets\Datasets_Plant\Ganike\800.jpg,Ganike,Ganike,whole_plant,val
C:\Users\hardi\Downloads\medicinal plants detection\dataset\Indian Medicinal Leaves Image Datasets\Datasets_Plant\Ganike\3689.jpg,Ganike,Ganike,whole_plant,val
C:\Users\hardi\Downloads\medicinal plants detection\dataset\Indian Medicinal Leaves Image Datasets\Datasets_Plant\Ganike\794.jpg,Ganike,Ganike,whole_plant,val
C:\Users\hardi\Downloads\medicinal plants detection\dataset\Indian Medicinal Leaves Image Datasets\Datasets_Plant\Ganike\3719.jpg,Ganike,Ganike,whole_plant,val
C:\Users\hardi\Downloads\medicinal plants detection\dataset\Indian Medicinal Leaves Image Datasets\Datasets_Plant\Ganike\3661.jpg,Ganike,Ganike,whole_plant,val
C:\Users\hardi\Downloads\medicinal plants detection\dataset\Indian Medicinal Leaves Image Datasets\Datasets_Plant\Ganike\3707.jpg,Ganike,Ganike,whole_plant,val
C:\Users\hardi\Downloads\medicinal plants detection\dataset\Indian Medicinal Leaves Image Datasets\Datasets_Plant\Ganike\3733.jpg,Ganike,Ganike,whole_plant,val
C:\Users\hardi\Downloads\medicinal plants detection\dataset\Indian Medicinal Leaves Image Datasets\Datasets_Plant\Ganike\3713.jpg,Ganike,Ganike,whole_plant,val
C:\Users\hardi\Downloads\medicinal plants detection\dataset\Indian Medicinal Leaves Image Datasets\Datasets_Plant\Ganike\3700.jpg,Ganike,Ganike,whole_plant,val
C:\Users\hardi\Downloads\medicinal plants detection\dataset\Indian Medicinal Leaves Image Datasets\Datasets_Plant\Ganike\3665.jpg,Ganike,Ganike,whole_plant,val
C:\Users\hardi\Downloads\medicinal plants detection\dataset\Indian Medicinal Leaves Image Datasets\Datasets_Plant\Ganike\3663.jpg,Ganike,Ganike,whole_plant,val
C:\Users\hardi\Downloads\medicinal plants detection\dataset\Indian Medicinal Leaves Image Datasets\Datasets_Plant\Ganike\3737.jpg,Ganike,Ganike,whole_plant,val
C:\Users\hardi\Downloads\medicinal plants detection\dataset\Indian Medicinal Leaves Image Datasets\Datasets_Plant\Ganike\804.jpg,Ganike,Ganike,whole_plant,test
C:\Users\hardi\Downloads\medicinal plants detection\dataset\Indian Medicinal Leaves Image Datasets\Datasets_Plant\Ganike\278.jpg,Ganike,Ganike,whole_plant,test
C:\Users\hardi\Downloads\medicinal plants detection\dataset\Indian Medicinal Leaves Image Datasets\Datasets_Plant\Ganike\3690.jpg,Ganike,Ganike,whole_plant,test
C:\Users\hardi\Downloads\medicinal plants detection\dataset\Indian Medicinal Leaves Image Datasets\Datasets_Plant\Ganike\3711.jpg,Ganike,Ganike,whole_plant,test
C:\Users\hardi\Downloads\medicinal plants detection\dataset\Indian Medicinal Leaves Image Datasets\Datasets_Plant\Ganike\285.jpg,Ganike,Ganike,whole_plant,test
C:\Users\hardi\Downloads\medicinal plants detection\dataset\Indian Medicinal Leaves Image Datasets\Datasets_Plant\Ganike\3705.jpg,Ganike,Ganike,whole_plant,test
C:\Users\hardi\Downloads\medicinal plants detection\dataset\Indian Medicinal Leaves Image Datasets\Datasets_Plant\Ganike\798.jpg,Ganike,Ganike,whole_plant,test
C:\Users\hardi\Downloads\medicinal plants detection\dataset\Indian Medicinal Leaves Image Datasets\Datasets_Plant\Ganike\3722.jpg,Ganike,Ganike,whole_plant,test
C:\Users\hardi\Downloads\medicinal plants detection\dataset\Indian Medicinal Leaves Image Datasets\Datasets_Plant\Ganike\3649.jpg,Ganike,Ganike,whole_plant,test
C:\Users\hardi\Downloads\medicinal plants detection\dataset\Indian Medicinal Leaves Image Datasets\Datasets_Plant\Ganike\803.jpg,Ganike,Ganike,whole_plant,test
C:\Users\hardi\Downloads\medicinal plants detection\dataset\Indian Medicinal Leaves Image Datasets\Datasets_Plant\Ganike\3653.jpg,Ganike,Ganike,whole_plant,test
C:\Users\hardi\Downloads\medicinal plants detection\dataset\Indian Medicinal Leaves Image Datasets\Datasets_Plant\Ganike\3664.jpg,Ganike,Ganike,whole_plant,test
C:\Users\hardi\Downloads\medicinal plants detection\dataset\Indian Medicinal Leaves Image Datasets\Datasets_Plant\Ganike\3667.jpg,Ganike,Ganike,whole_plant,test
C:\Users\hardi\Downloads\medicinal plants detection\dataset\Indian Medicinal Leaves Image Datasets\Datasets_Plant\Ganike\3671.jpg,Ganike,Ganike,whole_plant,test
C:\Users\hardi\Downloads\medicinal plants detection\dataset\Indian Medicinal Leaves Image Datasets\Datasets_Plant\Ganike\3730.jpg,Ganike,Ganike,whole_plant,test
C:\Users\hardi\Downloads\medicinal plants detection\dataset\Indian Medicinal Leaves Image Datasets\Datasets_Plant\Ganike\277.jpg,Ganike,Ganike,whole_plant,test
C:\Users\hardi\Downloads\medicinal plants detection\dataset\Indian Medicinal Leaves Image Datasets\Datasets_Plant\Ganike\3650.jpg,Ganike,Ganike,whole_plant,test
C:\Users\hardi\Downloads\medicinal plants detection\dataset\Indian Medicinal Leaves Image Datasets\Datasets_Plant\Ganike\3717.jpg,Ganike,Ganike,whole_plant,test
C:\Users\hardi\Downloads\medicinal plants detection\dataset\Indian Medicinal Leaves Image Datasets\Datasets_Plant\Gauva\695.jpg,Gauva,Guava,whole_plant,train
C:\Users\hardi\Downloads\medicinal plants detection\dataset\Indian Medicinal Leaves Image Datasets\Datasets_Plant\Gauva\2653.jpg,Gauva,Guava,whole_plant,train
C:\Users\hardi\Downloads\medicinal plants detection\dataset\Indian Medicinal Leaves Image Datasets\Datasets_Plant\Gauva\2717.jpg,Gauva,Guava,whole_plant,train
C:\Users\hardi\Downloads\medicinal plants detection\dataset\Indian Medicinal Leaves Image Datasets\Datasets_Plant\Gauva\2686.jpg,Gauva,Guava,whole_plant,train
C:\Users\hardi\Downloads\medicinal plants detection\dataset\Indian Medicinal Leaves Image Datasets\Datasets_Plant\Gauva\2709.jpg,Gauva,Guava,whole_plant,train
C:\Users\hardi\Downloads\medicinal plants detection\dataset\Indian Medicinal Leaves Image Datasets\Datasets_Plant\Gauva\2748.jpg,Gauva,Guava,whole_plant,train
C:\Users\hardi\Downloads\medicinal plants detection\dataset\Indian Medicinal Leaves Image Datasets\Datasets_Plant\Gauva\2765.jpg,Gauva,Guava,whole_plant,train
C:\Users\hardi\Downloads\medicinal plants detection\dataset\Indian Medicinal Leaves Image Datasets\Datasets_Plant\Gauva\2665.jpg,Gauva,Guava,whole_plant,train
C:\Users\hardi\Downloads\medicinal plants detection\dataset\Indian Medicinal Leaves Image Datasets\Datasets_Plant\Gauva\691.jpg,Gauva,Guava,whole_plant,train
C:\Users\hardi\Downloads\medicinal plants detection\dataset\Indian Medicinal Leaves Image Datasets\Datasets_Plant\Gauva\2756.jpg,Gauva,Guava,whole_plant,train
C:\Users\hardi\Downloads\medicinal plants detection\dataset\Indian Medicinal Leaves Image Datasets\Datasets_Plant\Gauva\2707.jpg,Gauva,Guava,whole_plant,train
C:\Users\hardi\Downloads\medicinal plants detection\dataset\Indian Medicinal Leaves Image Datasets\Datasets_Plant\Gauva\2704.jpg,Gauva,Guava,whole_plant,train
C:\Users\hardi\Downloads\medicinal plants detection\dataset\Indian Medicinal Leaves Image Datasets\Datasets_Plant\Gauva\699.jpg,Gauva,Guava,whole_plant,train
C:\Users\hardi\Downloads\medicinal plants detection\dataset\Indian Medicinal Leaves Image Datasets\Datasets_Plant\Gauva\2673.jpg,Gauva,Guava,whole_plant,train
C:\Users\hardi\Downloads\medicinal plants detection\dataset\Indian Medicinal Leaves Image Datasets\Datasets_Plant\Gauva\2718.jpg,Gauva,Guava,whole_plant,train
C:\Users\hardi\Downloads\medicinal plants detection\dataset\Indian Medicinal Leaves Image Datasets\Datasets_Plant\Gauva\2667.jpg,Gauva,Guava,whole_plant,train
C:\Users\hardi\Downloads\medicinal plants detection\dataset\Indian Medicinal Leaves Image Datasets\Datasets_Plant\Gauva\2727.jpg,Gauva,Guava,whole_plant,train
C:\Users\hardi\Downloads\medicinal plants detection\dataset\Indian Medicinal Leaves Image Datasets\Datasets_Plant\Gauva\2696.jpg,Gauva,Guava,whole_plant,train
C:\Users\hardi\Downloads\medicinal plants detection\dataset\Indian Medicinal Leaves Image Datasets\Datasets_Plant\Gauva\2677.jpg,Gauva,Guava,whole_plant,train
C:\Users\hardi\Downloads\medicinal plants detection\dataset\Indian Medicinal Leaves Image Datasets\Datasets_Plant\Gauva\2721.jpg,Gauva,Guava,whole_plant,train
C:\Users\hardi\Downloads\medicinal plants detection\dataset\Indian Medicinal Leaves Image Datasets\Datasets_Plant\Gauva\2761.jpg,Gauva,Guava,whole_plant,train
C:\Users\hardi\Downloads\medicinal plants detection\dataset\Indian Medicinal Leaves Image Datasets\Datasets_Plant\Gauva\702.jpg,Gauva,Guava,whole_plant,train
C:\Users\hardi\Downloads\medicinal plants detection\dataset\Indian Medicinal Leaves Image Datasets\Datasets_Plant\Gauva\2687.jpg,Gauva,Guava,whole_plant,train
C:\Users\hardi\Downloads\medicinal plants detection\dataset\Indian Medicinal Leaves Image Datasets\Datasets_Plant\Gauva\171.jpg,Gauva,Guava,whole_plant,train
C:\Users\hardi\Downloads\medicinal plants detection\dataset\Indian Medicinal Leaves Image Datasets\Datasets_Plant\Gauva\2723.jpg,Gauva,Guava,whole_plant,train
C:\Users\hardi\Downloads\medicinal plants detection\dataset\Indian Medicinal Leaves Image Datasets\Datasets_Plant\Gauva\2766.jpg,Gauva,Guava,whole_plant,train
C:\Users\hardi\Downloads\medicinal plants detection\dataset\Indian Medicinal Leaves Image Datasets\Datasets_Plant\Gauva\2698.jpg,Gauva,Guava,whole_plant,train
C:\Users\hardi\Downloads\medicinal plants detection\dataset\Indian Medicinal Leaves Image Datasets\Datasets_Plant\Gauva\2737.jpg,Gauva,Guava,whole_plant,train
C:\Users\hardi\Downloads\medicinal plants detection\dataset\Indian Medicinal Leaves Image Datasets\Datasets_Plant\Gauva\2711.jpg,Gauva,Guava,whole_plant,train
C:\Users\hardi\Downloads\medicinal plants detection\dataset\Indian Medicinal Leaves Image Datasets\Datasets_Plant\Gauva\692.jpg,Gauva,Guava,whole_plant,train
C:\Users\hardi\Downloads\medicinal plants detection\dataset\Indian Medicinal Leaves Image Datasets\Datasets_Plant\Gauva\694.jpg,Gauva,Guava,whole_plant,train
C:\Users\hardi\Downloads\medicinal plants detection\dataset\Indian Medicinal Leaves Image Datasets\Datasets_Plant\Gauva\2674.jpg,Gauva,Guava,whole_plant,train
C:\Users\hardi\Downloads\medicinal plants detection\dataset\Indian Medicinal Leaves Image Datasets\Datasets_Plant\Gauva\2747.jpg,Gauva,Guava,whole_plant,train
C:\Users\hardi\Downloads\medicinal plants detection\dataset\Indian Medicinal Leaves Image Datasets\Datasets_Plant\Gauva\2695.jpg,Gauva,Guava,whole_plant,train
C:\Users\hardi\Downloads\medicinal plants detection\dataset\Indian Medicinal Leaves Image Datasets\Datasets_Plant\Gauva\2757.jpg,Gauva,Guava,whole_plant,train
C:\Users\hardi\Downloads\medicinal plants detection\dataset\Indian Medicinal Leaves Image Datasets\Datasets_Plant\Gauva\2722.jpg,Gauva,Guava,whole_plant,train
C:\Users\hardi\Downloads\medicinal plants detection\dataset\Indian Medicinal Leaves Image Datasets\Datasets_Plant\Gauva\2651.jpg,Gauva,Guava,whole_plant,train
C:\Users\hardi\Downloads\medicinal plants detection\dataset\Indian Medicinal Leaves Image Datasets\Datasets_Plant\Gauva\2729.jpg,Gauva,Guava,whole_plant,train
C:\Users\hardi\Downloads\medicinal plants detection\dataset\Indian Medicinal Leaves Image Datasets\Datasets_Plant\Gauva\2716.jpg,Gauva,Guava,whole_plant,train
C:\Users\hardi\Downloads\medicinal plants detection\dataset\Indian Medicinal Leaves Image Datasets\Datasets_Plant\Gauva\2699.jpg,Gauva,Guava,whole_plant,train
C:\Users\hardi\Downloads\medicinal plants detection\dataset\Indian Medicinal Leaves Image Datasets\Datasets_Plant\Gauva\2702.jpg,Gauva,Guava,whole_plant,train
C:\Users\hardi\Downloads\medicinal plants detection\dataset\Indian Medicinal Leaves Image Datasets\Datasets_Plant\Gauva\2676.jpg,Gauva,Guava,whole_plant,train
C:\Users\hardi\Downloads\medicinal plants detection\dataset\Indian Medicinal Leaves Image Datasets\Datasets_Plant\Gauva\2752.jpg,Gauva,Guava,whole_plant,train
C:\Users\hardi\Downloads\medicinal plants detection\dataset\Indian Medicinal Leaves Image Datasets\Datasets_Plant\Gauva\690.jpg,Gauva,Guava,whole_plant,train
C:\Users\hardi\Downloads\medicinal plants detection\dataset\Indian Medicinal Leaves Image Datasets\Datasets_Plant\Gauva\2671.jpg,Gauva,Guava,whole_plant,train
C:\Users\hardi\Downloads\medicinal plants detection\dataset\Indian Medicinal Leaves Image Datasets\Datasets_Plant\Gauva\2744.jpg,Gauva,Guava,whole_plant,train
C:\Users\hardi\Downloads\medicinal plants detection\dataset\Indian Medicinal Leaves Image Datasets\Datasets_Plant\Gauva\174.jpg,Gauva,Guava,whole_plant,train
C:\Users\hardi\Downloads\medicinal plants detection\dataset\Indian Medicinal Leaves Image Datasets\Datasets_Plant\Gauva\2652.jpg,Gauva,Guava,whole_plant,train
C:\Users\hardi\Downloads\medicinal plants detection\dataset\Indian Medicinal Leaves Image Datasets\Datasets_Plant\Gauva\2660.jpg,Gauva,Guava,whole_plant,train
C:\Users\hardi\Downloads\medicinal plants detection\dataset\Indian Medicinal Leaves Image Datasets\Datasets_Plant\Gauva\2762.jpg,Gauva,Guava,whole_plant,train
C:\Users\hardi\Downloads\medicinal plants detection\dataset\Indian Medicinal Leaves Image Datasets\Datasets_Plant\Gauva\172.jpg,Gauva,Guava,whole_plant,train
C:\Users\hardi\Downloads\medicinal plants detection\dataset\Indian Medicinal Leaves Image Datasets\Datasets_Plant\Gauva\2754.jpg,Gauva,Guava,whole_plant,train
C:\Users\hardi\Downloads\medicinal plants detection\dataset\Indian Medicinal Leaves Image Datasets\Datasets_Plant\Gauva\173.jpg,Gauva,Guava,whole_plant,train
C:\Users\hardi\Downloads\medicinal plants detection\dataset\Indian Medicinal Leaves Image Datasets\Datasets_Plant\Gauva\2751.jpg,Gauva,Guava,whole_plant,train
C:\Users\hardi\Downloads\medicinal plants detection\dataset\Indian Medicinal Leaves Image Datasets\Datasets_Plant\Gauva\2684.jpg,Gauva,Guava,whole_plant,train
C:\Users\hardi\Downloads\medicinal plants detection\dataset\Indian Medicinal Leaves Image Datasets\Datasets_Plant\Gauva\2688.jpg,Gauva,Guava,whole_plant,train
C:\Users\hardi\Downloads\medicinal plants detection\dataset\Indian Medicinal Leaves Image Datasets\Datasets_Plant\Gauva\2701.jpg,Gauva,Guava,whole_plant,train
C:\Users\hardi\Downloads\medicinal plants detection\dataset\Indian Medicinal Leaves Image Datasets\Datasets_Plant\Gauva\2745.jpg,Gauva,Guava,whole_plant,train
C:\Users\hardi\Downloads\medicinal plants detection\dataset\Indian Medicinal Leaves Image Datasets\Datasets_Plant\Gauva\2649.jpg,Gauva,Guava,whole_plant,train
C:\Users\hardi\Downloads\medicinal plants detection\dataset\Indian Medicinal Leaves Image Datasets\Datasets_Plant\Gauva\2713.jpg,Gauva,Guava,whole_plant,train
C:\Users\hardi\Downloads\medicinal plants detection\dataset\Indian Medicinal Leaves Image Datasets\Datasets_Plant\Gauva\2739.jpg,Gauva,Guava,whole_plant,train
C:\Users\hardi\Downloads\medicinal plants detection\dataset\Indian Medicinal Leaves Image Datasets\Datasets_Plant\Gauva\2675.jpg,Gauva,Guava,whole_plant,train
C:\Users\hardi\Downloads\medicinal plants detection\dataset\Indian Medicinal Leaves Image Datasets\Datasets_Plant\Gauva\2700.jpg,Gauva,Guava,whole_plant,train
C:\Users\hardi\Downloads\medicinal plants detection\dataset\Indian Medicinal Leaves Image Datasets\Datasets_Plant\Gauva\2706.jpg,Gauva,Guava,whole_plant,train
C:\Users\hardi\Downloads\medicinal plants detection\dataset\Indian Medicinal Leaves Image Datasets\Datasets_Plant\Gauva\2726.jpg,Gauva,Guava,whole_plant,train
C:\Users\hardi\Downloads\medicinal plants detection\dataset\Indian Medicinal Leaves Image Datasets\Datasets_Plant\Gauva\2767.jpg,Gauva,Guava,whole_plant,train
C:\Users\hardi\Downloads\medicinal plants detection\dataset\Indian Medicinal Leaves Image Datasets\Datasets_Plant\Gauva\2760.jpg,Gauva,Guava,whole_plant,train
C:\Users\hardi\Downloads\medicinal plants detection\dataset\Indian Medicinal Leaves Image Datasets\Datasets_Plant\Gauva\2666.jpg,Gauva,Guava,whole_plant,train
C:\Users\hardi\Downloads\medicinal plants detection\dataset\Indian Medicinal Leaves Image Datasets\Datasets_Plant\Gauva\2733.jpg,Gauva,Guava,whole_plant,train
C:\Users\hardi\Downloads\medicinal plants detection\dataset\Indian Medicinal Leaves Image Datasets\Datasets_Plant\Gauva\2656.jpg,Gauva,Guava,whole_plant,train
C:\Users\hardi\Downloads\medicinal plants detection\dataset\Indian Medicinal Leaves Image Datasets\Datasets_Plant\Gauva\179.jpg,Gauva,Guava,whole_plant,train
C:\Users\hardi\Downloads\medicinal plants detection\dataset\Indian Medicinal Leaves Image Datasets\Datasets_Plant\Gauva\2669.jpg,Gauva,Guava,whole_plant,train
C:\Users\hardi\Downloads\medicinal plants detection\dataset\Indian Medicinal Leaves Image Datasets\Datasets_Plant\Gauva\696.jpg,Gauva,Guava,whole_plant,train
C:\Users\hardi\Downloads\medicinal plants detection\dataset\Indian Medicinal Leaves Image Datasets\Datasets_Plant\Gauva\2740.jpg,Gauva,Guava,whole_plant,train
C:\Users\hardi\Downloads\medicinal plants detection\dataset\Indian Medicinal Leaves Image Datasets\Datasets_Plant\Gauva\2682.jpg,Gauva,Guava,whole_plant,train
C:\Users\hardi\Downloads\medicinal plants detection\dataset\Indian Medicinal Leaves Image Datasets\Datasets_Plant\Gauva\2753.jpg,Gauva,Guava,whole_plant,train
C:\Users\hardi\Downloads\medicinal plants detection\dataset\Indian Medicinal Leaves Image Datasets\Datasets_Plant\Gauva\2725.jpg,Gauva,Guava,whole_plant,train
C:\Users\hardi\Downloads\medicinal plants detection\dataset\Indian Medicinal Leaves Image Datasets\Datasets_Plant\Gauva\2734.jpg,Gauva,Guava,whole_plant,train
C:\Users\hardi\Downloads\medicinal plants detection\dataset\Indian Medicinal Leaves Image Datasets\Datasets_Plant\Gauva\2749.jpg,Gauva,Guava,whole_plant,train
C:\Users\hardi\Downloads\medicinal plants detection\dataset\Indian Medicinal Leaves Image Datasets\Datasets_Plant\Gauva\2731.jpg,Gauva,Guava,whole_plant,train
C:\Users\hardi\Downloads\medicinal plants detection\dataset\Indian Medicinal Leaves Image Datasets\Datasets_Plant\Gauva\2741.jpg,Gauva,Guava,whole_plant,train
C:\Users\hardi\Downloads\medicinal plants detection\dataset\Indian Medicinal Leaves Image Datasets\Datasets_Plant\Gauva\2720.jpg,Gauva,Guava,whole_plant,train
C:\Users\hardi\Downloads\medicinal plants detection\dataset\Indian Medicinal Leaves Image Datasets\Datasets_Plant\Gauva\2730.jpg,Gauva,Guava,whole_plant,train
C:\Users\hardi\Downloads\medicinal plants detection\dataset\Indian Medicinal Leaves Image Datasets\Datasets_Plant\Gauva\2735.jpg,Gauva,Guava,whole_plant,train
C:\Users\hardi\Downloads\medicinal plants detection\dataset\Indian Medicinal Leaves Image Datasets\Datasets_Plant\Gauva\2664.jpg,Gauva,Guava,whole_plant,train
C:\Users\hardi\Downloads\medicinal plants detection\dataset\Indian Medicinal Leaves Image Datasets\Datasets_Plant\Gauva\2719.jpg,Gauva,Guava,whole_plant,train
C:\Users\hardi\Downloads\medicinal plants detection\dataset\Indian Medicinal Leaves Image Datasets\Datasets_Plant\Gauva\2736.jpg,Gauva,Guava,whole_plant,train
C:\Users\hardi\Downloads\medicinal plants detection\dataset\Indian Medicinal Leaves Image Datasets\Datasets_Plant\Gauva\693.jpg,Gauva,Guava,whole_plant,train
C:\Users\hardi\Downloads\medicinal plants detection\dataset\Indian Medicinal Leaves Image Datasets\Datasets_Plant\Gauva\2659.jpg,Gauva,Guava,whole_plant,train
C:\Users\hardi\Downloads\medicinal plants detection\dataset\Indian Medicinal Leaves Image Datasets\Datasets_Plant\Gauva\2708.jpg,Gauva,Guava,whole_plant,train
C:\Users\hardi\Downloads\medicinal plants detection\dataset\Indian Medicinal Leaves Image Datasets\Datasets_Plant\Gauva\2681.jpg,Gauva,Guava,whole_plant,train
C:\Users\hardi\Downloads\medicinal plants detection\dataset\Indian Medicinal Leaves Image Datasets\Datasets_Plant\Gauva\2714.jpg,Gauva,Guava,whole_plant,train
C:\Users\hardi\Downloads\medicinal plants detection\dataset\Indian Medicinal Leaves Image Datasets\Datasets_Plant\Gauva\2715.jpg,Gauva,Guava,whole_plant,train
C:\Users\hardi\Downloads\medicinal plants detection\dataset\Indian Medicinal Leaves Image Datasets\Datasets_Plant\Gauva\2672.jpg,Gauva,Guava,whole_plant,train
C:\Users\hardi\Downloads\medicinal plants detection\dataset\Indian Medicinal Leaves Image Datasets\Datasets_Plant\Gauva\700.jpg,Gauva,Guava,whole_plant,train
C:\Users\hardi\Downloads\medicinal plants detection\dataset\Indian Medicinal Leaves Image Datasets\Datasets_Plant\Gauva\180.jpg,Gauva,Guava,whole_plant,train
C:\Users\hardi\Downloads\medicinal plants detection\dataset\Indian Medicinal Leaves Image Datasets\Datasets_Plant\Gauva\2763.jpg,Gauva,Guava,whole_plant,train
C:\Users\hardi\Downloads\medicinal plants detection\dataset\Indian Medicinal Leaves Image Datasets\Datasets_Plant\Gauva\2650.jpg,Gauva,Guava,whole_plant,train
C:\Users\hardi\Downloads\medicinal plants detection\dataset\Indian Medicinal Leaves Image Datasets\Datasets_Plant\Gauva\2703.jpg,Gauva,Guava,whole_plant,train
C:\Users\hardi\Downloads\medicinal plants detection\dataset\Indian Medicinal Leaves Image Datasets\Datasets_Plant\Gauva\2693.jpg,Gauva,Guava,whole_plant,train
C:\Users\hardi\Downloads\medicinal plants detection\dataset\Indian Medicinal Leaves Image Datasets\Datasets_Plant\Gauva\2728.jpg,Gauva,Guava,whole_plant,train
C:\Users\hardi\Downloads\medicinal plants detection\dataset\Indian Medicinal Leaves Image Datasets\Datasets_Plant\Gauva\175.jpg,Gauva,Guava,whole_plant,train
C:\Users\hardi\Downloads\medicinal plants detection\dataset\Indian Medicinal Leaves Image Datasets\Datasets_Plant\Gauva\2668.jpg,Gauva,Guava,whole_plant,val
C:\Users\hardi\Downloads\medicinal plants detection\dataset\Indian Medicinal Leaves Image Datasets\Datasets_Plant\Gauva\2712.jpg,Gauva,Guava,whole_plant,val
C:\Users\hardi\Downloads\medicinal plants detection\dataset\Indian Medicinal Leaves Image Datasets\Datasets_Plant\Gauva\2679.jpg,Gauva,Guava,whole_plant,val
C:\Users\hardi\Downloads\medicinal plants detection\dataset\Indian Medicinal Leaves Image Datasets\Datasets_Plant\Gauva\2680.jpg,Gauva,Guava,whole_plant,val
C:\Users\hardi\Downloads\medicinal plants detection\dataset\Indian Medicinal Leaves Image Datasets\Datasets_Plant\Gauva\182.jpg,Gauva,Guava,whole_plant,val
C:\Users\hardi\Downloads\medicinal plants detection\dataset\Indian Medicinal Leaves Image Datasets\Datasets_Plant\Gauva\2683.jpg,Gauva,Guava,whole_plant,val
C:\Users\hardi\Downloads\medicinal plants detection\dataset\Indian Medicinal Leaves Image Datasets\Datasets_Plant\Gauva\181.jpg,Gauva,Guava,whole_plant,val
C:\Users\hardi\Downloads\medicinal plants detection\dataset\Indian Medicinal Leaves Image Datasets\Datasets_Plant\Gauva\2648.jpg,Gauva,Guava,whole_plant,val
C:\Users\hardi\Downloads\medicinal plants detection\dataset\Indian Medicinal Leaves Image Datasets\Datasets_Plant\Gauva\2750.jpg,Gauva,Guava,whole_plant,val
C:\Users\hardi\Downloads\medicinal plants detection\dataset\Indian Medicinal Leaves Image Datasets\Datasets_Plant\Gauva\2755.jpg,Gauva,Guava,whole_plant,val
C:\Users\hardi\Downloads\medicinal plants detection\dataset\Indian Medicinal Leaves Image Datasets\Datasets_Plant\Gauva\2662.jpg,Gauva,Guava,whole_plant,val
C:\Users\hardi\Downloads\medicinal plants detection\dataset\Indian Medicinal Leaves Image Datasets\Datasets_Plant\Gauva\2654.jpg,Gauva,Guava,whole_plant,val
C:\Users\hardi\Downloads\medicinal plants detection\dataset\Indian Medicinal Leaves Image Datasets\Datasets_Plant\Gauva\2759.jpg,Gauva,Guava,whole_plant,val
C:\Users\hardi\Downloads\medicinal plants detection\dataset\Indian Medicinal Leaves Image Datasets\Datasets_Plant\Gauva\2678.jpg,Gauva,Guava,whole_plant,val
C:\Users\hardi\Downloads\medicinal plants detection\dataset\Indian Medicinal Leaves Image Datasets\Datasets_Plant\Gauva\2689.jpg,Gauva,Guava,whole_plant,val
C:\Users\hardi\Downloads\medicinal plants detection\dataset\Indian Medicinal Leaves Image Datasets\Datasets_Plant\Gauva\2724.jpg,Gauva,Guava,whole_plant,val
C:\Users\hardi\Downloads\medicinal plants detection\dataset\Indian Medicinal Leaves Image Datasets\Datasets_Plant\Gauva\2655.jpg,Gauva,Guava,whole_plant,val
C:\Users\hardi\Downloads\medicinal plants detection\dataset\Indian Medicinal Leaves Image Datasets\Datasets_Plant\Gauva\2758.jpg,Gauva,Guava,whole_plant,val
C:\Users\hardi\Downloads\medicinal plants detection\dataset\Indian Medicinal Leaves Image Datasets\Datasets_Plant\Gauva\2732.jpg,Gauva,Guava,whole_plant,val
C:\Users\hardi\Downloads\medicinal plants detection\dataset\Indian Medicinal Leaves Image Datasets\Datasets_Plant\Gauva\170.jpg,Gauva,Guava,whole_plant,val
C:\Users\hardi\Downloads\medicinal plants detection\dataset\Indian Medicinal Leaves Image Datasets\Datasets_Plant\Gauva\2746.jpg,Gauva,Guava,whole_plant,val
C:\Users\hardi\Downloads\medicinal plants detection\dataset\Indian Medicinal Leaves Image Datasets\Datasets_Plant\Gauva\2738.jpg,Gauva,Guava,whole_plant,test
C:\Users\hardi\Downloads\medicinal plants detection\dataset\Indian Medicinal Leaves Image Datasets\Datasets_Plant\Gauva\697.jpg,Gauva,Guava,whole_plant,test
C:\Users\hardi\Downloads\medicinal plants detection\dataset\Indian Medicinal Leaves Image Datasets\Datasets_Plant\Gauva\2710.jpg,Gauva,Guava,whole_plant,test
C:\Users\hardi\Downloads\medicinal plants detection\dataset\Indian Medicinal Leaves Image Datasets\Datasets_Plant\Gauva\698.jpg,Gauva,Guava,whole_plant,test
C:\Users\hardi\Downloads\medicinal plants detection\dataset\Indian Medicinal Leaves Image Datasets\Datasets_Plant\Gauva\2691.jpg,Gauva,Guava,whole_plant,test
C:\Users\hardi\Downloads\medicinal plants detection\dataset\Indian Medicinal Leaves Image Datasets\Datasets_Plant\Gauva\2742.jpg,Gauva,Guava,whole_plant,test
C:\Users\hardi\Downloads\medicinal plants detection\dataset\Indian Medicinal Leaves Image Datasets\Datasets_Plant\Gauva\2685.jpg,Gauva,Guava,whole_plant,test
C:\Users\hardi\Downloads\medicinal plants detection\dataset\Indian Medicinal Leaves Image Datasets\Datasets_Plant\Gauva\701.jpg,Gauva,Guava,whole_plant,test
C:\Users\hardi\Downloads\medicinal plants detection\dataset\Indian Medicinal Leaves Image Datasets\Datasets_Plant\Gauva\2764.jpg,Gauva,Guava,whole_plant,test
C:\Users\hardi\Downloads\medicinal plants detection\dataset\Indian Medicinal Leaves Image Datasets\Datasets_Plant\Gauva\2694.jpg,Gauva,Guava,whole_plant,test
C:\Users\hardi\Downloads\medicinal plants detection\dataset\Indian Medicinal Leaves Image Datasets\Datasets_Plant\Gauva\2690.jpg,Gauva,Guava,whole_plant,test
C:\Users\hardi\Downloads\medicinal plants detection\dataset\Indian Medicinal Leaves Image Datasets\Datasets_Plant\Gauva\2658.jpg,Gauva,Guava,whole_plant,test
C:\Users\hardi\Downloads\medicinal plants detection\dataset\Indian Medicinal Leaves Image Datasets\Datasets_Plant\Gauva\177.jpg,Gauva,Guava,whole_plant,test
C:\Users\hardi\Downloads\medicinal plants detection\dataset\Indian Medicinal Leaves Image Datasets\Datasets_Plant\Gauva\178.jpg,Gauva,Guava,whole_plant,test
C:\Users\hardi\Downloads\medicinal plants detection\dataset\Indian Medicinal Leaves Image Datasets\Datasets_Plant\Gauva\2743.jpg,Gauva,Guava,whole_plant,test
C:\Users\hardi\Downloads\medicinal plants detection\dataset\Indian Medicinal Leaves Image Datasets\Datasets_Plant\Gauva\2657.jpg,Gauva,Guava,whole_plant,test
C:\Users\hardi\Downloads\medicinal plants detection\dataset\Indian Medicinal Leaves Image Datasets\Datasets_Plant\Gauva\2661.jpg,Gauva,Guava,whole_plant,test
C:\Users\hardi\Downloads\medicinal plants detection\dataset\Indian Medicinal Leaves Image Datasets\Datasets_Plant\Gauva\2670.jpg,Gauva,Guava,whole_plant,test
C:\Users\hardi\Downloads\medicinal plants detection\dataset\Indian Medicinal Leaves Image Datasets\Datasets_Plant\Gauva\2692.jpg,Gauva,Guava,whole_plant,test
C:\Users\hardi\Downloads\medicinal plants detection\dataset\Indian Medicinal Leaves Image Datasets\Datasets_Plant\Gauva\2697.jpg,Gauva,Guava,whole_plant,test
C:\Users\hardi\Downloads\medicinal plants detection\dataset\Indian Medicinal Leaves Image Datasets\Datasets_Plant\Gauva\2705.jpg,Gauva,Guava,whole_plant,test
C:\Users\hardi\Downloads\medicinal plants detection\dataset\Indian Medicinal Leaves Image Datasets\Datasets_Plant\Gauva\176.jpg,Gauva,Guava,whole_plant,test
C:\Users\hardi\Downloads\medicinal plants detection\dataset\Indian Medicinal Leaves Image Datasets\Datasets_Plant\Gauva\2663.jpg,Gauva,Guava,whole_plant,test
C:\Users\hardi\Downloads\medicinal plants detection\dataset\Indian Medicinal Leaves Image Datasets\Datasets_Plant\Geranium\530.jpg,Geranium,Geranium,whole_plant,train
C:\Users\hardi\Downloads\medicinal plants detection\dataset\Indian Medicinal Leaves Image Datasets\Datasets_Plant\Geranium\1057.jpg,Geranium,Geranium,whole_plant,train
C:\Users\hardi\Downloads\medicinal plants detection\dataset\Indian Medicinal Leaves Image Datasets\Datasets_Plant\Geranium\1120.jpg,Geranium,Geranium,whole_plant,train
C:\Users\hardi\Downloads\medicinal plants detection\dataset\Indian Medicinal Leaves Image Datasets\Datasets_Plant\Geranium\1090.jpg,Geranium,Geranium,whole_plant,train
C:\Users\hardi\Downloads\medicinal plants detection\dataset\Indian Medicinal Leaves Image Datasets\Datasets_Plant\Geranium\1112.jpg,Geranium,Geranium,whole_plant,train
C:\Users\hardi\Downloads\medicinal plants detection\dataset\Indian Medicinal Leaves Image Datasets\Datasets_Plant\Geranium\1151.jpg,Geranium,Geranium,whole_plant,train
C:\Users\hardi\Downloads\medicinal plants detection\dataset\Indian Medicinal Leaves Image Datasets\Datasets_Plant\Geranium\522.jpg,Geranium,Geranium,whole_plant,train
C:\Users\hardi\Downloads\medicinal plants detection\dataset\Indian Medicinal Leaves Image Datasets\Datasets_Plant\Geranium\1069.jpg,Geranium,Geranium,whole_plant,train
C:\Users\hardi\Downloads\medicinal plants detection\dataset\Indian Medicinal Leaves Image Datasets\Datasets_Plant\Geranium\526.jpg,Geranium,Geranium,whole_plant,train
C:\Users\hardi\Downloads\medicinal plants detection\dataset\Indian Medicinal Leaves Image Datasets\Datasets_Plant\Geranium\1159.jpg,Geranium,Geranium,whole_plant,train
C:\Users\hardi\Downloads\medicinal plants detection\dataset\Indian Medicinal Leaves Image Datasets\Datasets_Plant\Geranium\1110.jpg,Geranium,Geranium,whole_plant,train
C:\Users\hardi\Downloads\medicinal plants detection\dataset\Indian Medicinal Leaves Image Datasets\Datasets_Plant\Geranium\1107.jpg,Geranium,Geranium,whole_plant,train
C:\Users\hardi\Downloads\medicinal plants detection\dataset\Indian Medicinal Leaves Image Datasets\Datasets_Plant\Geranium\6.jpg,Geranium,Geranium,whole_plant,train
C:\Users\hardi\Downloads\medicinal plants detection\dataset\Indian Medicinal Leaves Image Datasets\Datasets_Plant\Geranium\1077.jpg,Geranium,Geranium,whole_plant,train
C:\Users\hardi\Downloads\medicinal plants detection\dataset\Indian Medicinal Leaves Image Datasets\Datasets_Plant\Geranium\1121.jpg,Geranium,Geranium,whole_plant,train
C:\Users\hardi\Downloads\medicinal plants detection\dataset\Indian Medicinal Leaves Image Datasets\Datasets_Plant\Geranium\1071.jpg,Geranium,Geranium,whole_plant,train
C:\Users\hardi\Downloads\medicinal plants detection\dataset\Indian Medicinal Leaves Image Datasets\Datasets_Plant\Geranium\1130.jpg,Geranium,Geranium,whole_plant,train
C:\Users\hardi\Downloads\medicinal plants detection\dataset\Indian Medicinal Leaves Image Datasets\Datasets_Plant\Geranium\11.jpg,Geranium,Geranium,whole_plant,train
C:\Users\hardi\Downloads\medicinal plants detection\dataset\Indian Medicinal Leaves Image Datasets\Datasets_Plant\Geranium\1081.jpg,Geranium,Geranium,whole_plant,train
C:\Users\hardi\Downloads\medicinal plants detection\dataset\Indian Medicinal Leaves Image Datasets\Datasets_Plant\Geranium\1124.jpg,Geranium,Geranium,whole_plant,train
C:\Users\hardi\Downloads\medicinal plants detection\dataset\Indian Medicinal Leaves Image Datasets\Datasets_Plant\Geranium\3.jpg,Geranium,Geranium,whole_plant,train
C:\Users\hardi\Downloads\medicinal plants detection\dataset\Indian Medicinal Leaves Image Datasets\Datasets_Plant\Geranium\9.jpg,Geranium,Geranium,whole_plant,train
C:\Users\hardi\Downloads\medicinal plants detection\dataset\Indian Medicinal Leaves Image Datasets\Datasets_Plant\Geranium\1091.jpg,Geranium,Geranium,whole_plant,train
C:\Users\hardi\Downloads\medicinal plants detection\dataset\Indian Medicinal Leaves Image Datasets\Datasets_Plant\Geranium\10.jpg,Geranium,Geranium,whole_plant,train
C:\Users\hardi\Downloads\medicinal plants detection\dataset\Indian Medicinal Leaves Image Datasets\Datasets_Plant\Geranium\1126.jpg,Geranium,Geranium,whole_plant,train
C:\Users\hardi\Downloads\medicinal plants detection\dataset\Indian Medicinal Leaves Image Datasets\Datasets_Plant\Geranium\523.jpg,Geranium,Geranium,whole_plant,train
C:\Users\hardi\Downloads\medicinal plants detection\dataset\Indian Medicinal Leaves Image Datasets\Datasets_Plant\Geranium\1101.jpg,Geranium,Geranium,whole_plant,train
C:\Users\hardi\Downloads\medicinal plants detection\dataset\Indian Medicinal Leaves Image Datasets\Datasets_Plant\Geranium\1140.jpg,Geranium,Geranium,whole_plant,train
C:\Users\hardi\Downloads\medicinal plants detection\dataset\Indian Medicinal Leaves Image Datasets\Datasets_Plant\Geranium\1114.jpg,Geranium,Geranium,whole_plant,train
C:\Users\hardi\Downloads\medicinal plants detection\dataset\Indian Medicinal Leaves Image Datasets\Datasets_Plant\Geranium\527.jpg,Geranium,Geranium,whole_plant,train
C:\Users\hardi\Downloads\medicinal plants detection\dataset\Indian Medicinal Leaves Image Datasets\Datasets_Plant\Geranium\529.jpg,Geranium,Geranium,whole_plant,train
C:\Users\hardi\Downloads\medicinal plants detection\dataset\Indian Medicinal Leaves Image Datasets\Datasets_Plant\Geranium\1078.jpg,Geranium,Geranium,whole_plant,train
C:\Users\hardi\Downloads\medicinal plants detection\dataset\Indian Medicinal Leaves Image Datasets\Datasets_Plant\Geranium\1150.jpg,Geranium,Geranium,whole_plant,train
C:\Users\hardi\Downloads\medicinal plants detection\dataset\Indian Medicinal Leaves Image Datasets\Datasets_Plant\Geranium\1099.jpg,Geranium,Geranium,whole_plant,train
C:\Users\hardi\Downloads\medicinal plants detection\dataset\Indian Medicinal Leaves Image Datasets\Datasets_Plant\Geranium\1160.jpg,Geranium,Geranium,whole_plant,train
C:\Users\hardi\Downloads\medicinal plants detection\dataset\Indian Medicinal Leaves Image Datasets\Datasets_Plant\Geranium\1125.jpg,Geranium,Geranium,whole_plant,train
C:\Users\hardi\Downloads\medicinal plants detection\dataset\Indian Medicinal Leaves Image Datasets\Datasets_Plant\Geranium\1055.jpg,Geranium,Geranium,whole_plant,train
C:\Users\hardi\Downloads\medicinal plants detection\dataset\Indian Medicinal Leaves Image Datasets\Datasets_Plant\Geranium\1132.jpg,Geranium,Geranium,whole_plant,train
C:\Users\hardi\Downloads\medicinal plants detection\dataset\Indian Medicinal Leaves Image Datasets\Datasets_Plant\Geranium\1119.jpg,Geranium,Geranium,whole_plant,train
C:\Users\hardi\Downloads\medicinal plants detection\dataset\Indian Medicinal Leaves Image Datasets\Datasets_Plant\Geranium\1102.jpg,Geranium,Geranium,whole_plant,train
C:\Users\hardi\Downloads\medicinal plants detection\dataset\Indian Medicinal Leaves Image Datasets\Datasets_Plant\Geranium\1105.jpg,Geranium,Geranium,whole_plant,train
C:\Users\hardi\Downloads\medicinal plants detection\dataset\Indian Medicinal Leaves Image Datasets\Datasets_Plant\Geranium\1080.jpg,Geranium,Geranium,whole_plant,train
C:\Users\hardi\Downloads\medicinal plants detection\dataset\Indian Medicinal Leaves Image Datasets\Datasets_Plant\Geranium\1155.jpg,Geranium,Geranium,whole_plant,train
C:\Users\hardi\Downloads\medicinal plants detection\dataset\Indian Medicinal Leaves Image Datasets\Datasets_Plant\Geranium\525.jpg,Geranium,Geranium,whole_plant,train
C:\Users\hardi\Downloads\medicinal plants detection\dataset\Indian Medicinal Leaves Image Datasets\Datasets_Plant\Geranium\1075.jpg,Geranium,Geranium,whole_plant,train
C:\Users\hardi\Downloads\medicinal plants detection\dataset\Indian Medicinal Leaves Image Datasets\Datasets_Plant\Geranium\1147.jpg,Geranium,Geranium,whole_plant,train
C:\Users\hardi\Downloads\medicinal plants detection\dataset\Indian Medicinal Leaves Image Datasets\Datasets_Plant\Geranium\1043.jpg,Geranium,Geranium,whole_plant,train
C:\Users\hardi\Downloads\medicinal plants detection\dataset\Indian Medicinal Leaves Image Datasets\Datasets_Plant\Geranium\1056.jpg,Geranium,Geranium,whole_plant,train
C:\Users\hardi\Downloads\medicinal plants detection\dataset\Indian Medicinal Leaves Image Datasets\Datasets_Plant\Geranium\1064.jpg,Geranium,Geranium,whole_plant,train
C:\Users\hardi\Downloads\medicinal plants detection\dataset\Indian Medicinal Leaves Image Datasets\Datasets_Plant\Geranium\4.jpg,Geranium,Geranium,whole_plant,train
C:\Users\hardi\Downloads\medicinal plants detection\dataset\Indian Medicinal Leaves Image Datasets\Datasets_Plant\Geranium\1041.jpg,Geranium,Geranium,whole_plant,train
C:\Users\hardi\Downloads\medicinal plants detection\dataset\Indian Medicinal Leaves Image Datasets\Datasets_Plant\Geranium\1157.jpg,Geranium,Geranium,whole_plant,train
C:\Users\hardi\Downloads\medicinal plants detection\dataset\Indian Medicinal Leaves Image Datasets\Datasets_Plant\Geranium\1042.jpg,Geranium,Geranium,whole_plant,train
C:\Users\hardi\Downloads\medicinal plants detection\dataset\Indian Medicinal Leaves Image Datasets\Datasets_Plant\Geranium\1154.jpg,Geranium,Geranium,whole_plant,train
C:\Users\hardi\Downloads\medicinal plants detection\dataset\Indian Medicinal Leaves Image Datasets\Datasets_Plant\Geranium\1088.jpg,Geranium,Geranium,whole_plant,train
C:\Users\hardi\Downloads\medicinal plants detection\dataset\Indian Medicinal Leaves Image Datasets\Datasets_Plant\Geranium\1092.jpg,Geranium,Geranium,whole_plant,train
C:\Users\hardi\Downloads\medicinal plants detection\dataset\Indian Medicinal Leaves Image Datasets\Datasets_Plant\Geranium\1104.jpg,Geranium,Geranium,whole_plant,train
C:\Users\hardi\Downloads\medicinal plants detection\dataset\Indian Medicinal Leaves Image Datasets\Datasets_Plant\Geranium\1148.jpg,Geranium,Geranium,whole_plant,train
C:\Users\hardi\Downloads\medicinal plants detection\dataset\Indian Medicinal Leaves Image Datasets\Datasets_Plant\Geranium\1053.jpg,Geranium,Geranium,whole_plant,train
C:\Users\hardi\Downloads\medicinal plants detection\dataset\Indian Medicinal Leaves Image Datasets\Datasets_Plant\Geranium\1116.jpg,Geranium,Geranium,whole_plant,train
C:\Users\hardi\Downloads\medicinal plants detection\dataset\Indian Medicinal Leaves Image Datasets\Datasets_Plant\Geranium\1142.jpg,Geranium,Geranium,whole_plant,train
C:\Users\hardi\Downloads\medicinal plants detection\dataset\Indian Medicinal Leaves Image Datasets\Datasets_Plant\Geranium\1079.jpg,Geranium,Geranium,whole_plant,train
C:\Users\hardi\Downloads\medicinal plants detection\dataset\Indian Medicinal Leaves Image Datasets\Datasets_Plant\Geranium\1103.jpg,Geranium,Geranium,whole_plant,train
C:\Users\hardi\Downloads\medicinal plants detection\dataset\Indian Medicinal Leaves Image Datasets\Datasets_Plant\Geranium\1109.jpg,Geranium,Geranium,whole_plant,train
C:\Users\hardi\Downloads\medicinal plants detection\dataset\Indian Medicinal Leaves Image Datasets\Datasets_Plant\Geranium\1129.jpg,Geranium,Geranium,whole_plant,train
C:\Users\hardi\Downloads\medicinal plants detection\dataset\Indian Medicinal Leaves Image Datasets\Datasets_Plant\Geranium\524.jpg,Geranium,Geranium,whole_plant,train
C:\Users\hardi\Downloads\medicinal plants detection\dataset\Indian Medicinal Leaves Image Datasets\Datasets_Plant\Geranium\2.jpg,Geranium,Geranium,whole_plant,train
C:\Users\hardi\Downloads\medicinal plants detection\dataset\Indian Medicinal Leaves Image Datasets\Datasets_Plant\Geranium\1070.jpg,Geranium,Geranium,whole_plant,train
C:\Users\hardi\Downloads\medicinal plants detection\dataset\Indian Medicinal Leaves Image Datasets\Datasets_Plant\Geranium\1136.jpg,Geranium,Geranium,whole_plant,train
C:\Users\hardi\Downloads\medicinal plants detection\dataset\Indian Medicinal Leaves Image Datasets\Datasets_Plant\Geranium\1060.jpg,Geranium,Geranium,whole_plant,train
C:\Users\hardi\Downloads\medicinal plants detection\dataset\Indian Medicinal Leaves Image Datasets\Datasets_Plant\Geranium\1048.jpg,Geranium,Geranium,whole_plant,train
C:\Users\hardi\Downloads\medicinal plants detection\dataset\Indian Medicinal Leaves Image Datasets\Datasets_Plant\Geranium\1073.jpg,Geranium,Geranium,whole_plant,train
C:\Users\hardi\Downloads\medicinal plants detection\dataset\Indian Medicinal Leaves Image Datasets\Datasets_Plant\Geranium\531.jpg,Geranium,Geranium,whole_plant,train
C:\Users\hardi\Downloads\medicinal plants detection\dataset\Indian Medicinal Leaves Image Datasets\Datasets_Plant\Geranium\1143.jpg,Geranium,Geranium,whole_plant,train
C:\Users\hardi\Downloads\medicinal plants detection\dataset\Indian Medicinal Leaves Image Datasets\Datasets_Plant\Geranium\1086.jpg,Geranium,Geranium,whole_plant,train
C:\Users\hardi\Downloads\medicinal plants detection\dataset\Indian Medicinal Leaves Image Datasets\Datasets_Plant\Geranium\1156.jpg,Geranium,Geranium,whole_plant,train
C:\Users\hardi\Downloads\medicinal plants detection\dataset\Indian Medicinal Leaves Image Datasets\Datasets_Plant\Geranium\1128.jpg,Geranium,Geranium,whole_plant,train
C:\Users\hardi\Downloads\medicinal plants detection\dataset\Indian Medicinal Leaves Image Datasets\Datasets_Plant\Geranium\1137.jpg,Geranium,Geranium,whole_plant,train
C:\Users\hardi\Downloads\medicinal plants detection\dataset\Indian Medicinal Leaves Image Datasets\Datasets_Plant\Geranium\1152.jpg,Geranium,Geranium,whole_plant,train
C:\Users\hardi\Downloads\medicinal plants detection\dataset\Indian Medicinal Leaves Image Datasets\Datasets_Plant\Geranium\1134.jpg,Geranium,Geranium,whole_plant,train
C:\Users\hardi\Downloads\medicinal plants detection\dataset\Indian Medicinal Leaves Image Datasets\Datasets_Plant\Geranium\1144.jpg,Geranium,Geranium,whole_plant,train
C:\Users\hardi\Downloads\medicinal plants detection\dataset\Indian Medicinal Leaves Image Datasets\Datasets_Plant\Geranium\1123.jpg,Geranium,Geranium,whole_plant,train
C:\Users\hardi\Downloads\medicinal plants detection\dataset\Indian Medicinal Leaves Image Datasets\Datasets_Plant\Geranium\1133.jpg,Geranium,Geranium,whole_plant,train
C:\Users\hardi\Downloads\medicinal plants detection\dataset\Indian Medicinal Leaves Image Datasets\Datasets_Plant\Geranium\1138.jpg,Geranium,Geranium,whole_plant,train
C:\Users\hardi\Downloads\medicinal plants detection\dataset\Indian Medicinal Leaves Image Datasets\Datasets_Plant\Geranium\1068.jpg,Geranium,Geranium,whole_plant,train
C:\Users\hardi\Downloads\medicinal plants detection\dataset\Indian Medicinal Leaves Image Datasets\Datasets_Plant\Geranium\1122.jpg,Geranium,Geranium,whole_plant,train
C:\Users\hardi\Downloads\medicinal plants detection\dataset\Indian Medicinal Leaves Image Datasets\Datasets_Plant\Geranium\1139.jpg,Geranium,Geranium,whole_plant,train
C:\Users\hardi\Downloads\medicinal plants detection\dataset\Indian Medicinal Leaves Image Datasets\Datasets_Plant\Geranium\528.jpg,Geranium,Geranium,whole_plant,train
C:\Users\hardi\Downloads\medicinal plants detection\dataset\Indian Medicinal Leaves Image Datasets\Datasets_Plant\Geranium\1063.jpg,Geranium,Geranium,whole_plant,train
C:\Users\hardi\Downloads\medicinal plants detection\dataset\Indian Medicinal Leaves Image Datasets\Datasets_Plant\Geranium\1111.jpg,Geranium,Geranium,whole_plant,train
C:\Users\hardi\Downloads\medicinal plants detection\dataset\Indian Medicinal Leaves Image Datasets\Datasets_Plant\Geranium\1085.jpg,Geranium,Geranium,whole_plant,train
C:\Users\hardi\Downloads\medicinal plants detection\dataset\Indian Medicinal Leaves Image Datasets\Datasets_Plant\Geranium\1117.jpg,Geranium,Geranium,whole_plant,train
C:\Users\hardi\Downloads\medicinal plants detection\dataset\Indian Medicinal Leaves Image Datasets\Datasets_Plant\Geranium\1118.jpg,Geranium,Geranium,whole_plant,train
C:\Users\hardi\Downloads\medicinal plants detection\dataset\Indian Medicinal Leaves Image Datasets\Datasets_Plant\Geranium\1076.jpg,Geranium,Geranium,whole_plant,train
C:\Users\hardi\Downloads\medicinal plants detection\dataset\Indian Medicinal Leaves Image Datasets\Datasets_Plant\Geranium\7.jpg,Geranium,Geranium,whole_plant,train
C:\Users\hardi\Downloads\medicinal plants detection\dataset\Indian Medicinal Leaves Image Datasets\Datasets_Plant\Geranium\1049.jpg,Geranium,Geranium,whole_plant,train
C:\Users\hardi\Downloads\medicinal plants detection\dataset\Indian Medicinal Leaves Image Datasets\Datasets_Plant\Geranium\5.jpg,Geranium,Geranium,whole_plant,train
C:\Users\hardi\Downloads\medicinal plants detection\dataset\Indian Medicinal Leaves Image Datasets\Datasets_Plant\Geranium\1054.jpg,Geranium,Geranium,whole_plant,train
C:\Users\hardi\Downloads\medicinal plants detection\dataset\Indian Medicinal Leaves Image Datasets\Datasets_Plant\Geranium\1106.jpg,Geranium,Geranium,whole_plant,train
C:\Users\hardi\Downloads\medicinal plants detection\dataset\Indian Medicinal Leaves Image Datasets\Datasets_Plant\Geranium\1097.jpg,Geranium,Geranium,whole_plant,train
C:\Users\hardi\Downloads\medicinal plants detection\dataset\Indian Medicinal Leaves Image Datasets\Datasets_Plant\Geranium\1131.jpg,Geranium,Geranium,whole_plant,train
C:\Users\hardi\Downloads\medicinal plants detection\dataset\Indian Medicinal Leaves Image Datasets\Datasets_Plant\Geranium\1044.jpg,Geranium,Geranium,whole_plant,train
C:\Users\hardi\Downloads\medicinal plants detection\dataset\Indian Medicinal Leaves Image Datasets\Datasets_Plant\Geranium\1072.jpg,Geranium,Geranium,whole_plant,val
C:\Users\hardi\Downloads\medicinal plants detection\dataset\Indian Medicinal Leaves Image Datasets\Datasets_Plant\Geranium\1115.jpg,Geranium,Geranium,whole_plant,val
C:\Users\hardi\Downloads\medicinal plants detection\dataset\Indian Medicinal Leaves Image Datasets\Datasets_Plant\Geranium\1083.jpg,Geranium,Geranium,whole_plant,val
C:\Users\hardi\Downloads\medicinal plants detection\dataset\Indian Medicinal Leaves Image Datasets\Datasets_Plant\Geranium\1084.jpg,Geranium,Geranium,whole_plant,val
C:\Users\hardi\Downloads\medicinal plants detection\dataset\Indian Medicinal Leaves Image Datasets\Datasets_Plant\Geranium\1051.jpg,Geranium,Geranium,whole_plant,val
C:\Users\hardi\Downloads\medicinal plants detection\dataset\Indian Medicinal Leaves Image Datasets\Datasets_Plant\Geranium\1087.jpg,Geranium,Geranium,whole_plant,val
C:\Users\hardi\Downloads\medicinal plants detection\dataset\Indian Medicinal Leaves Image Datasets\Datasets_Plant\Geranium\1050.jpg,Geranium,Geranium,whole_plant,val
C:\Users\hardi\Downloads\medicinal plants detection\dataset\Indian Medicinal Leaves Image Datasets\Datasets_Plant\Geranium\1052.jpg,Geranium,Geranium,whole_plant,val
C:\Users\hardi\Downloads\medicinal plants detection\dataset\Indian Medicinal Leaves Image Datasets\Datasets_Plant\Geranium\1153.jpg,Geranium,Geranium,whole_plant,val
C:\Users\hardi\Downloads\medicinal plants detection\dataset\Indian Medicinal Leaves Image Datasets\Datasets_Plant\Geranium\1158.jpg,Geranium,Geranium,whole_plant,val
C:\Users\hardi\Downloads\medicinal plants detection\dataset\Indian Medicinal Leaves Image Datasets\Datasets_Plant\Geranium\1066.jpg,Geranium,Geranium,whole_plant,val
C:\Users\hardi\Downloads\medicinal plants detection\dataset\Indian Medicinal Leaves Image Datasets\Datasets_Plant\Geranium\1058.jpg,Geranium,Geranium,whole_plant,val
C:\Users\hardi\Downloads\medicinal plants detection\dataset\Indian Medicinal Leaves Image Datasets\Datasets_Plant\Geranium\13.jpg,Geranium,Geranium,whole_plant,val
C:\Users\hardi\Downloads\medicinal plants detection\dataset\Indian Medicinal Leaves Image Datasets\Datasets_Plant\Geranium\1082.jpg,Geranium,Geranium,whole_plant,val
C:\Users\hardi\Downloads\medicinal plants detection\dataset\Indian Medicinal Leaves Image Datasets\Datasets_Plant\Geranium\1093.jpg,Geranium,Geranium,whole_plant,val
C:\Users\hardi\Downloads\medicinal plants detection\dataset\Indian Medicinal Leaves Image Datasets\Datasets_Plant\Geranium\1127.jpg,Geranium,Geranium,whole_plant,val
C:\Users\hardi\Downloads\medicinal plants detection\dataset\Indian Medicinal Leaves Image Datasets\Datasets_Plant\Geranium\1059.jpg,Geranium,Geranium,whole_plant,val
C:\Users\hardi\Downloads\medicinal plants detection\dataset\Indian Medicinal Leaves Image Datasets\Datasets_Plant\Geranium\12.jpg,Geranium,Geranium,whole_plant,val
C:\Users\hardi\Downloads\medicinal plants detection\dataset\Indian Medicinal Leaves Image Datasets\Datasets_Plant\Geranium\1135.jpg,Geranium,Geranium,whole_plant,val
C:\Users\hardi\Downloads\medicinal plants detection\dataset\Indian Medicinal Leaves Image Datasets\Datasets_Plant\Geranium\1.jpg,Geranium,Geranium,whole_plant,val
C:\Users\hardi\Downloads\medicinal plants detection\dataset\Indian Medicinal Leaves Image Datasets\Datasets_Plant\Geranium\1149.jpg,Geranium,Geranium,whole_plant,val
C:\Users\hardi\Downloads\medicinal plants detection\dataset\Indian Medicinal Leaves Image Datasets\Datasets_Plant\Geranium\1141.jpg,Geranium,Geranium,whole_plant,test
C:\Users\hardi\Downloads\medicinal plants detection\dataset\Indian Medicinal Leaves Image Datasets\Datasets_Plant\Geranium\532.jpg,Geranium,Geranium,whole_plant,test
C:\Users\hardi\Downloads\medicinal plants detection\dataset\Indian Medicinal Leaves Image Datasets\Datasets_Plant\Geranium\1113.jpg,Geranium,Geranium,whole_plant,test
C:\Users\hardi\Downloads\medicinal plants detection\dataset\Indian Medicinal Leaves Image Datasets\Datasets_Plant\Geranium\533.jpg,Geranium,Geranium,whole_plant,test
C:\Users\hardi\Downloads\medicinal plants detection\dataset\Indian Medicinal Leaves Image Datasets\Datasets_Plant\Geranium\1095.jpg,Geranium,Geranium,whole_plant,test
C:\Users\hardi\Downloads\medicinal plants detection\dataset\Indian Medicinal Leaves Image Datasets\Datasets_Plant\Geranium\1145.jpg,Geranium,Geranium,whole_plant,test
C:\Users\hardi\Downloads\medicinal plants detection\dataset\Indian Medicinal Leaves Image Datasets\Datasets_Plant\Geranium\1089.jpg,Geranium,Geranium,whole_plant,test
C:\Users\hardi\Downloads\medicinal plants detection\dataset\Indian Medicinal Leaves Image Datasets\Datasets_Plant\Geranium\8.jpg,Geranium,Geranium,whole_plant,test
C:\Users\hardi\Downloads\medicinal plants detection\dataset\Indian Medicinal Leaves Image Datasets\Datasets_Plant\Geranium\521.jpg,Geranium,Geranium,whole_plant,test
C:\Users\hardi\Downloads\medicinal plants detection\dataset\Indian Medicinal Leaves Image Datasets\Datasets_Plant\Geranium\1098.jpg,Geranium,Geranium,whole_plant,test
C:\Users\hardi\Downloads\medicinal plants detection\dataset\Indian Medicinal Leaves Image Datasets\Datasets_Plant\Geranium\1094.jpg,Geranium,Geranium,whole_plant,test
C:\Users\hardi\Downloads\medicinal plants detection\dataset\Indian Medicinal Leaves Image Datasets\Datasets_Plant\Geranium\1062.jpg,Geranium,Geranium,whole_plant,test
C:\Users\hardi\Downloads\medicinal plants detection\dataset\Indian Medicinal Leaves Image Datasets\Datasets_Plant\Geranium\1046.jpg,Geranium,Geranium,whole_plant,test
C:\Users\hardi\Downloads\medicinal plants detection\dataset\Indian Medicinal Leaves Image Datasets\Datasets_Plant\Geranium\1047.jpg,Geranium,Geranium,whole_plant,test
C:\Users\hardi\Downloads\medicinal plants detection\dataset\Indian Medicinal Leaves Image Datasets\Datasets_Plant\Geranium\1146.jpg,Geranium,Geranium,whole_plant,test
C:\Users\hardi\Downloads\medicinal plants detection\dataset\Indian Medicinal Leaves Image Datasets\Datasets_Plant\Geranium\1061.jpg,Geranium,Geranium,whole_plant,test
C:\Users\hardi\Downloads\medicinal plants detection\dataset\Indian Medicinal Leaves Image Datasets\Datasets_Plant\Geranium\1065.jpg,Geranium,Geranium,whole_plant,test
C:\Users\hardi\Downloads\medicinal plants detection\dataset\Indian Medicinal Leaves Image Datasets\Datasets_Plant\Geranium\1074.jpg,Geranium,Geranium,whole_plant,test
C:\Users\hardi\Downloads\medicinal plants detection\dataset\Indian Medicinal Leaves Image Datasets\Datasets_Plant\Geranium\1096.jpg,Geranium,Geranium,whole_plant,test
C:\Users\hardi\Downloads\medicinal plants detection\dataset\Indian Medicinal Leaves Image Datasets\Datasets_Plant\Geranium\1100.jpg,Geranium,Geranium,whole_plant,test
C:\Users\hardi\Downloads\medicinal plants detection\dataset\Indian Medicinal Leaves Image Datasets\Datasets_Plant\Geranium\1108.jpg,Geranium,Geranium,whole_plant,test
C:\Users\hardi\Downloads\medicinal plants detection\dataset\Indian Medicinal Leaves Image Datasets\Datasets_Plant\Geranium\1045.jpg,Geranium,Geranium,whole_plant,test
C:\Users\hardi\Downloads\medicinal plants detection\dataset\Indian Medicinal Leaves Image Datasets\Datasets_Plant\Geranium\1067.jpg,Geranium,Geranium,whole_plant,test
C:\Users\hardi\Downloads\medicinal plants detection\dataset\Indian Medicinal Leaves Image Datasets\Datasets_Plant\Henna\4672.jpg,Henna,Henna,whole_plant,train
C:\Users\hardi\Downloads\medicinal plants detection\dataset\Indian Medicinal Leaves Image Datasets\Datasets_Plant\Henna\4742.jpg,Henna,Henna,whole_plant,train
C:\Users\hardi\Downloads\medicinal plants detection\dataset\Indian Medicinal Leaves Image Datasets\Datasets_Plant\Henna\4718.jpg,Henna,Henna,whole_plant,train
C:\Users\hardi\Downloads\medicinal plants detection\dataset\Indian Medicinal Leaves Image Datasets\Datasets_Plant\Henna\4743.jpg,Henna,Henna,whole_plant,train
C:\Users\hardi\Downloads\medicinal plants detection\dataset\Indian Medicinal Leaves Image Datasets\Datasets_Plant\Henna\4684.jpg,Henna,Henna,whole_plant,train
C:\Users\hardi\Downloads\medicinal plants detection\dataset\Indian Medicinal Leaves Image Datasets\Datasets_Plant\Henna\4670.jpg,Henna,Henna,whole_plant,train
C:\Users\hardi\Downloads\medicinal plants detection\dataset\Indian Medicinal Leaves Image Datasets\Datasets_Plant\Henna\4739.jpg,Henna,Henna,whole_plant,train
C:\Users\hardi\Downloads\medicinal plants detection\dataset\Indian Medicinal Leaves Image Datasets\Datasets_Plant\Henna\4648.jpg,Henna,Henna,whole_plant,train
C:\Users\hardi\Downloads\medicinal plants detection\dataset\Indian Medicinal Leaves Image Datasets\Datasets_Plant\Henna\4649.jpg,Henna,Henna,whole_plant,train
C:\Users\hardi\Downloads\medicinal plants detection\dataset\Indian Medicinal Leaves Image Datasets\Datasets_Plant\Henna\4647.jpg,Henna,Henna,whole_plant,train
C:\Users\hardi\Downloads\medicinal plants detection\dataset\Indian Medicinal Leaves Image Datasets\Datasets_Plant\Henna\4674.jpg,Henna,Henna,whole_plant,train
C:\Users\hardi\Downloads\medicinal plants detection\dataset\Indian Medicinal Leaves Image Datasets\Datasets_Plant\Henna\4694.jpg,Henna,Henna,whole_plant,train
C:\Users\hardi\Downloads\medicinal plants detection\dataset\Indian Medicinal Leaves Image Datasets\Datasets_Plant\Henna\378.jpg,Henna,Henna,whole_plant,train
C:\Users\hardi\Downloads\medicinal plants detection\dataset\Indian Medicinal Leaves Image Datasets\Datasets_Plant\Henna\902.jpg,Henna,Henna,whole_plant,train
C:\Users\hardi\Downloads\medicinal plants detection\dataset\Indian Medicinal Leaves Image Datasets\Datasets_Plant\Henna\4704.jpg,Henna,Henna,whole_plant,train
C:\Users\hardi\Downloads\medicinal plants detection\dataset\Indian Medicinal Leaves Image Datasets\Datasets_Plant\Henna\4641.jpg,Henna,Henna,whole_plant,train
C:\Users\hardi\Downloads\medicinal plants detection\dataset\Indian Medicinal Leaves Image Datasets\Datasets_Plant\Henna\4740.jpg,Henna,Henna,whole_plant,train
C:\Users\hardi\Downloads\medicinal plants detection\dataset\Indian Medicinal Leaves Image Datasets\Datasets_Plant\Henna\4627.jpg,Henna,Henna,whole_plant,train
C:\Users\hardi\Downloads\medicinal plants detection\dataset\Indian Medicinal Leaves Image Datasets\Datasets_Plant\Henna\4692.jpg,Henna,Henna,whole_plant,train
C:\Users\hardi\Downloads\medicinal plants detection\dataset\Indian Medicinal Leaves Image Datasets\Datasets_Plant\Henna\4639.jpg,Henna,Henna,whole_plant,train
C:\Users\hardi\Downloads\medicinal plants detection\dataset\Indian Medicinal Leaves Image Datasets\Datasets_Plant\Henna\4728.jpg,Henna,Henna,whole_plant,train
C:\Users\hardi\Downloads\medicinal plants detection\dataset\Indian Medicinal Leaves Image Datasets\Datasets_Plant\Henna\4741.jpg,Henna,Henna,whole_plant,train
C:\Users\hardi\Downloads\medicinal plants detection\dataset\Indian Medicinal Leaves Image Datasets\Datasets_Plant\Henna\4681.jpg,Henna,Henna,whole_plant,train
C:\Users\hardi\Downloads\medicinal plants detection\dataset\Indian Medicinal Leaves Image Datasets\Datasets_Plant\Henna\4732.jpg,Henna,Henna,whole_plant,train
C:\Users\hardi\Downloads\medicinal plants detection\dataset\Indian Medicinal Leaves Image Datasets\Datasets_Plant\Henna\4737.jpg,Henna,Henna,whole_plant,train
C:\Users\hardi\Downloads\medicinal plants detection\dataset\Indian Medicinal Leaves Image Datasets\Datasets_Plant\Henna\4745.jpg,Henna,Henna,whole_plant,train
C:\Users\hardi\Downloads\medicinal plants detection\dataset\Indian Medicinal Leaves Image Datasets\Datasets_Plant\Henna\381.jpg,Henna,Henna,whole_plant,train
C:\Users\hardi\Downloads\medicinal plants detection\dataset\Indian Medicinal Leaves Image Datasets\Datasets_Plant\Henna\4662.jpg,Henna,Henna,whole_plant,train
C:\Users\hardi\Downloads\medicinal plants detection\dataset\Indian Medicinal Leaves Image Datasets\Datasets_Plant\Henna\4736.jpg,Henna,Henna,whole_plant,train
C:\Users\hardi\Downloads\medicinal plants detection\dataset\Indian Medicinal Leaves Image Datasets\Datasets_Plant\Henna\4701.jpg,Henna,Henna,whole_plant,train
C:\Users\hardi\Downloads\medicinal plants detection\dataset\Indian Medicinal Leaves Image Datasets\Datasets_Plant\Henna\4669.jpg,Henna,Henna,whole_plant,train
C:\Users\hardi\Downloads\medicinal plants detection\dataset\Indian Medicinal Leaves Image Datasets\Datasets_Plant\Henna\4676.jpg,Henna,Henna,whole_plant,train
C:\Users\hardi\Downloads\medicinal plants detection\dataset\Indian Medicinal Leaves Image Datasets\Datasets_Plant\Henna\4651.jpg,Henna,Henna,whole_plant,train
C:\Users\hardi\Downloads\medicinal plants detection\dataset\Indian Medicinal Leaves Image Datasets\Datasets_Plant\Henna\907.jpg,Henna,Henna,whole_plant,train
C:\Users\hardi\Downloads\medicinal plants detection\dataset\Indian Medicinal Leaves Image Datasets\Datasets_Plant\Henna\898.jpg,Henna,Henna,whole_plant,train
C:\Users\hardi\Downloads\medicinal plants detection\dataset\Indian Medicinal Leaves Image Datasets\Datasets_Plant\Henna\4719.jpg,Henna,Henna,whole_plant,train
C:\Users\hardi\Downloads\medicinal plants detection\dataset\Indian Medicinal Leaves Image Datasets\Datasets_Plant\Henna\4727.jpg,Henna,Henna,whole_plant,train
C:\Users\hardi\Downloads\medicinal plants detection\dataset\Indian Medicinal Leaves Image Datasets\Datasets_Plant\Henna\4695.jpg,Henna,Henna,whole_plant,train
C:\Users\hardi\Downloads\medicinal plants detection\dataset\Indian Medicinal Leaves Image Datasets\Datasets_Plant\Henna\4725.jpg,Henna,Henna,whole_plant,train
C:\Users\hardi\Downloads\medicinal plants detection\dataset\Indian Medicinal Leaves Image Datasets\Datasets_Plant\Henna\4675.jpg,Henna,Henna,whole_plant,train
C:\Users\hardi\Downloads\medicinal plants detection\dataset\Indian Medicinal Leaves Image Datasets\Datasets_Plant\Henna\4690.jpg,Henna,Henna,whole_plant,train
C:\Users\hardi\Downloads\medicinal plants detection\dataset\Indian Medicinal Leaves Image Datasets\Datasets_Plant\Henna\4710.jpg,Henna,Henna,whole_plant,train
C:\Users\hardi\Downloads\medicinal plants detection\dataset\Indian Medicinal Leaves Image Datasets\Datasets_Plant\Henna\4700.jpg,Henna,Henna,whole_plant,train
C:\Users\hardi\Downloads\medicinal plants detection\dataset\Indian Medicinal Leaves Image Datasets\Datasets_Plant\Henna\4625.jpg,Henna,Henna,whole_plant,train
C:\Users\hardi\Downloads\medicinal plants detection\dataset\Indian Medicinal Leaves Image Datasets\Datasets_Plant\Henna\4713.jpg,Henna,Henna,whole_plant,train
C:\Users\hardi\Downloads\medicinal plants detection\dataset\Indian Medicinal Leaves Image Datasets\Datasets_Plant\Henna\4697.jpg,Henna,Henna,whole_plant,train
C:\Users\hardi\Downloads\medicinal plants detection\dataset\Indian Medicinal Leaves Image Datasets\Datasets_Plant\Henna\4658.jpg,Henna,Henna,whole_plant,train
C:\Users\hardi\Downloads\medicinal plants detection\dataset\Indian Medicinal Leaves Image Datasets\Datasets_Plant\Henna\906.jpg,Henna,Henna,whole_plant,train
C:\Users\hardi\Downloads\medicinal plants detection\dataset\Indian Medicinal Leaves Image Datasets\Datasets_Plant\Henna\4707.jpg,Henna,Henna,whole_plant,train
C:\Users\hardi\Downloads\medicinal plants detection\dataset\Indian Medicinal Leaves Image Datasets\Datasets_Plant\Henna\4673.jpg,Henna,Henna,whole_plant,train
C:\Users\hardi\Downloads\medicinal plants detection\dataset\Indian Medicinal Leaves Image Datasets\Datasets_Plant\Henna\4731.jpg,Henna,Henna,whole_plant,train
C:\Users\hardi\Downloads\medicinal plants detection\dataset\Indian Medicinal Leaves Image Datasets\Datasets_Plant\Henna\4705.jpg,Henna,Henna,whole_plant,train
C:\Users\hardi\Downloads\medicinal plants detection\dataset\Indian Medicinal Leaves Image Datasets\Datasets_Plant\Henna\4685.jpg,Henna,Henna,whole_plant,train
C:\Users\hardi\Downloads\medicinal plants detection\dataset\Indian Medicinal Leaves Image Datasets\Datasets_Plant\Henna\4645.jpg,Henna,Henna,whole_plant,train
C:\Users\hardi\Downloads\medicinal plants detection\dataset\Indian Medicinal Leaves Image Datasets\Datasets_Plant\Henna\4724.jpg,Henna,Henna,whole_plant,train
C:\Users\hardi\Downloads\medicinal plants detection\dataset\Indian Medicinal Leaves Image Datasets\Datasets_Plant\Henna\382.jpg,Henna,Henna,whole_plant,train
C:\Users\hardi\Downloads\medicinal plants detection\dataset\Indian Medicinal Leaves Image Datasets\Datasets_Plant\Henna\4626.jpg,Henna,Henna,whole_plant,train
C:\Users\hardi\Downloads\medicinal plants detection\dataset\Indian Medicinal Leaves Image Datasets\Datasets_Plant\Henna\4634.jpg,Henna,Henna,whole_plant,train
C:\Users\hardi\Downloads\medicinal plants detection\dataset\Indian Medicinal Leaves Image Datasets\Datasets_Plant\Henna\4678.jpg,Henna,Henna,whole_plant,train
C:\Users\hardi\Downloads\medicinal plants detection\dataset\Indian Medicinal Leaves Image Datasets\Datasets_Plant\Henna\4660.jpg,Henna,Henna,whole_plant,train
C:\Users\hardi\Downloads\medicinal plants detection\dataset\Indian Medicinal Leaves Image Datasets\Datasets_Plant\Henna\380.jpg,Henna,Henna,whole_plant,train
C:\Users\hardi\Downloads\medicinal plants detection\dataset\Indian Medicinal Leaves Image Datasets\Datasets_Plant\Henna\4661.jpg,Henna,Henna,whole_plant,train
C:\Users\hardi\Downloads\medicinal plants detection\dataset\Indian Medicinal Leaves Image Datasets\Datasets_Plant\Henna\4623.jpg,Henna,Henna,whole_plant,train
C:\Users\hardi\Downloads\medicinal plants detection\dataset\Indian Medicinal Leaves Image Datasets\Datasets_Plant\Henna\899.jpg,Henna,Henna,whole_plant,train
C:\Users\hardi\Downloads\medicinal plants detection\dataset\Indian Medicinal Leaves Image Datasets\Datasets_Plant\Henna\4650.jpg,Henna,Henna,whole_plant,train
C:\Users\hardi\Downloads\medicinal plants detection\dataset\Indian Medicinal Leaves Image Datasets\Datasets_Plant\Henna\910.jpg,Henna,Henna,whole_plant,train
C:\Users\hardi\Downloads\medicinal plants detection\dataset\Indian Medicinal Leaves Image Datasets\Datasets_Plant\Henna\4683.jpg,Henna,Henna,whole_plant,train
C:\Users\hardi\Downloads\medicinal plants detection\dataset\Indian Medicinal Leaves Image Datasets\Datasets_Plant\Henna\4691.jpg,Henna,Henna,whole_plant,train
C:\Users\hardi\Downloads\medicinal plants detection\dataset\Indian Medicinal Leaves Image Datasets\Datasets_Plant\Henna\4744.jpg,Henna,Henna,whole_plant,train
C:\Users\hardi\Downloads\medicinal plants detection\dataset\Indian Medicinal Leaves Image Datasets\Datasets_Plant\Henna\4687.jpg,Henna,Henna,whole_plant,train
C:\Users\hardi\Downloads\medicinal plants detection\dataset\Indian Medicinal Leaves Image Datasets\Datasets_Plant\Henna\4640.jpg,Henna,Henna,whole_plant,train
C:\Users\hardi\Downloads\medicinal plants detection\dataset\Indian Medicinal Leaves Image Datasets\Datasets_Plant\Henna\4711.jpg,Henna,Henna,whole_plant,train
C:\Users\hardi\Downloads\medicinal plants detection\dataset\Indian Medicinal Leaves Image Datasets\Datasets_Plant\Henna\4630.jpg,Henna,Henna,whole_plant,train
C:\Users\hardi\Downloads\medicinal plants detection\dataset\Indian Medicinal Leaves Image Datasets\Datasets_Plant\Henna\387.jpg,Henna,Henna,whole_plant,train
C:\Users\hardi\Downloads\medicinal plants detection\dataset\Indian Medicinal Leaves Image Datasets\Datasets_Plant\Henna\4643.jpg,Henna,Henna,whole_plant,train
C:\Users\hardi\Downloads\medicinal plants detection\dataset\Indian Medicinal Leaves Image Datasets\Datasets_Plant\Henna\904.jpg,Henna,Henna,whole_plant,train
C:\Users\hardi\Downloads\medicinal plants detection\dataset\Indian Medicinal Leaves Image Datasets\Datasets_Plant\Henna\4720.jpg,Henna,Henna,whole_plant,train
C:\Users\hardi\Downloads\medicinal plants detection\dataset\Indian Medicinal Leaves Image Datasets\Datasets_Plant\Henna\4656.jpg,Henna,Henna,whole_plant,train
C:\Users\hardi\Downloads\medicinal plants detection\dataset\Indian Medicinal Leaves Image Datasets\Datasets_Plant\Henna\4733.jpg,Henna,Henna,whole_plant,train
C:\Users\hardi\Downloads\medicinal plants detection\dataset\Indian Medicinal Leaves Image Datasets\Datasets_Plant\Henna\4703.jpg,Henna,Henna,whole_plant,train
C:\Users\hardi\Downloads\medicinal plants detection\dataset\Indian Medicinal Leaves Image Datasets\Datasets_Plant\Henna\4715.jpg,Henna,Henna,whole_plant,train
C:\Users\hardi\Downloads\medicinal plants detection\dataset\Indian Medicinal Leaves Image Datasets\Datasets_Plant\Henna\4729.jpg,Henna,Henna,whole_plant,train
C:\Users\hardi\Downloads\medicinal plants detection\dataset\Indian Medicinal Leaves Image Datasets\Datasets_Plant\Henna\4709.jpg,Henna,Henna,whole_plant,train
C:\Users\hardi\Downloads\medicinal plants detection\dataset\Indian Medicinal Leaves Image Datasets\Datasets_Plant\Henna\4721.jpg,Henna,Henna,whole_plant,train
C:\Users\hardi\Downloads\medicinal plants detection\dataset\Indian Medicinal Leaves Image Datasets\Datasets_Plant\Henna\4696.jpg,Henna,Henna,whole_plant,train
C:\Users\hardi\Downloads\medicinal plants detection\dataset\Indian Medicinal Leaves Image Datasets\Datasets_Plant\Henna\4708.jpg,Henna,Henna,whole_plant,train
C:\Users\hardi\Downloads\medicinal plants detection\dataset\Indian Medicinal Leaves Image Datasets\Datasets_Plant\Henna\4726.jpg,Henna,Henna,whole_plant,train
C:\Users\hardi\Downloads\medicinal plants detection\dataset\Indian Medicinal Leaves Image Datasets\Datasets_Plant\Henna\4638.jpg,Henna,Henna,whole_plant,train
C:\Users\hardi\Downloads\medicinal plants detection\dataset\Indian Medicinal Leaves Image Datasets\Datasets_Plant\Henna\4693.jpg,Henna,Henna,whole_plant,train
C:\Users\hardi\Downloads\medicinal plants detection\dataset\Indian Medicinal Leaves Image Datasets\Datasets_Plant\Henna\4714.jpg,Henna,Henna,whole_plant,train
C:\Users\hardi\Downloads\medicinal plants detection\dataset\Indian Medicinal Leaves Image Datasets\Datasets_Plant\Henna\903.jpg,Henna,Henna,whole_plant,train
C:\Users\hardi\Downloads\medicinal plants detection\dataset\Indian Medicinal Leaves Image Datasets\Datasets_Plant\Henna\4699.jpg,Henna,Henna,whole_plant,train
C:\Users\hardi\Downloads\medicinal plants detection\dataset\Indian Medicinal Leaves Image Datasets\Datasets_Plant\Henna\4633.jpg,Henna,Henna,whole_plant,train
C:\Users\hardi\Downloads\medicinal plants detection\dataset\Indian Medicinal Leaves Image Datasets\Datasets_Plant\Henna\4682.jpg,Henna,Henna,whole_plant,train
C:\Users\hardi\Downloads\medicinal plants detection\dataset\Indian Medicinal Leaves Image Datasets\Datasets_Plant\Henna\4655.jpg,Henna,Henna,whole_plant,train
C:\Users\hardi\Downloads\medicinal plants detection\dataset\Indian Medicinal Leaves Image Datasets\Datasets_Plant\Henna\4688.jpg,Henna,Henna,whole_plant,train
C:\Users\hardi\Downloads\medicinal plants detection\dataset\Indian Medicinal Leaves Image Datasets\Datasets_Plant\Henna\4689.jpg,Henna,Henna,whole_plant,train
C:\Users\hardi\Downloads\medicinal plants detection\dataset\Indian Medicinal Leaves Image Datasets\Datasets_Plant\Henna\4646.jpg,Henna,Henna,whole_plant,train
C:\Users\hardi\Downloads\medicinal plants detection\dataset\Indian Medicinal Leaves Image Datasets\Datasets_Plant\Henna\908.jpg,Henna,Henna,whole_plant,train
C:\Users\hardi\Downloads\medicinal plants detection\dataset\Indian Medicinal Leaves Image Datasets\Datasets_Plant\Henna\388.jpg,Henna,Henna,whole_plant,train
C:\Users\hardi\Downloads\medicinal plants detection\dataset\Indian Medicinal Leaves Image Datasets\Datasets_Plant\Henna\4722.jpg,Henna,Henna,whole_plant,train
C:\Users\hardi\Downloads\medicinal plants detection\dataset\Indian Medicinal Leaves Image Datasets\Datasets_Plant\Henna\4624.jpg,Henna,Henna,whole_plant,train
C:\Users\hardi\Downloads\medicinal plants detection\dataset\Indian Medicinal Leaves Image Datasets\Datasets_Plant\Henna\4677.jpg,Henna,Henna,whole_plant,train
C:\Users\hardi\Downloads\medicinal plants detection\dataset\Indian Medicinal Leaves Image Datasets\Datasets_Plant\Henna\4667.jpg,Henna,Henna,whole_plant,train
C:\Users\hardi\Downloads\medicinal plants detection\dataset\Indian Medicinal Leaves Image Datasets\Datasets_Plant\Henna\4702.jpg,Henna,Henna,whole_plant,train
C:\Users\hardi\Downloads\medicinal plants detection\dataset\Indian Medicinal Leaves Image Datasets\Datasets_Plant\Henna\383.jpg,Henna,Henna,whole_plant,val
C:\Users\hardi\Downloads\medicinal plants detection\dataset\Indian Medicinal Leaves Image Datasets\Datasets_Plant\Henna\4734.jpg,Henna,Henna,whole_plant,val
C:\Users\hardi\Downloads\medicinal plants detection\dataset\Indian Medicinal Leaves Image Datasets\Datasets_Plant\Henna\4642.jpg,Henna,Henna,whole_plant,val
C:\Users\hardi\Downloads\medicinal plants detection\dataset\Indian Medicinal Leaves Image Datasets\Datasets_Plant\Henna\4686.jpg,Henna,Henna,whole_plant,val
C:\Users\hardi\Downloads\medicinal plants detection\dataset\Indian Medicinal Leaves Image Datasets\Datasets_Plant\Henna\4653.jpg,Henna,Henna,whole_plant,val
C:\Users\hardi\Downloads\medicinal plants detection\dataset\Indian Medicinal Leaves Image Datasets\Datasets_Plant\Henna\901.jpg,Henna,Henna,whole_plant,val
C:\Users\hardi\Downloads\medicinal plants detection\dataset\Indian Medicinal Leaves Image Datasets\Datasets_Plant\Henna\4654.jpg,Henna,Henna,whole_plant,val
C:\Users\hardi\Downloads\medicinal plants detection\dataset\Indian Medicinal Leaves Image Datasets\Datasets_Plant\Henna\390.jpg,Henna,Henna,whole_plant,val
C:\Users\hardi\Downloads\medicinal plants detection\dataset\Indian Medicinal Leaves Image Datasets\Datasets_Plant\Henna\4657.jpg,Henna,Henna,whole_plant,val
C:\Users\hardi\Downloads\medicinal plants detection\dataset\Indian Medicinal Leaves Image Datasets\Datasets_Plant\Henna\389.jpg,Henna,Henna,whole_plant,val
C:\Users\hardi\Downloads\medicinal plants detection\dataset\Indian Medicinal Leaves Image Datasets\Datasets_Plant\Henna\4622.jpg,Henna,Henna,whole_plant,val
C:\Users\hardi\Downloads\medicinal plants detection\dataset\Indian Medicinal Leaves Image Datasets\Datasets_Plant\Henna\4730.jpg,Henna,Henna,whole_plant,val
C:\Users\hardi\Downloads\medicinal plants detection\dataset\Indian Medicinal Leaves Image Datasets\Datasets_Plant\Henna\4735.jpg,Henna,Henna,whole_plant,val
C:\Users\hardi\Downloads\medicinal plants detection\dataset\Indian Medicinal Leaves Image Datasets\Datasets_Plant\Henna\4636.jpg,Henna,Henna,whole_plant,val
C:\Users\hardi\Downloads\medicinal plants detection\dataset\Indian Medicinal Leaves Image Datasets\Datasets_Plant\Henna\4628.jpg,Henna,Henna,whole_plant,val
C:\Users\hardi\Downloads\medicinal plants detection\dataset\Indian Medicinal Leaves Image Datasets\Datasets_Plant\Henna\905.jpg,Henna,Henna,whole_plant,val
C:\Users\hardi\Downloads\medicinal plants detection\dataset\Indian Medicinal Leaves Image Datasets\Datasets_Plant\Henna\4652.jpg,Henna,Henna,whole_plant,val
C:\Users\hardi\Downloads\medicinal plants detection\dataset\Indian Medicinal Leaves Image Datasets\Datasets_Plant\Henna\4663.jpg,Henna,Henna,whole_plant,val
C:\Users\hardi\Downloads\medicinal plants detection\dataset\Indian Medicinal Leaves Image Datasets\Datasets_Plant\Henna\4698.jpg,Henna,Henna,whole_plant,val
C:\Users\hardi\Downloads\medicinal plants detection\dataset\Indian Medicinal Leaves Image Datasets\Datasets_Plant\Henna\4629.jpg,Henna,Henna,whole_plant,val
C:\Users\hardi\Downloads\medicinal plants detection\dataset\Indian Medicinal Leaves Image Datasets\Datasets_Plant\Henna\4712.jpg,Henna,Henna,whole_plant,val
C:\Users\hardi\Downloads\medicinal plants detection\dataset\Indian Medicinal Leaves Image Datasets\Datasets_Plant\Henna\4706.jpg,Henna,Henna,whole_plant,val
C:\Users\hardi\Downloads\medicinal plants detection\dataset\Indian Medicinal Leaves Image Datasets\Datasets_Plant\Henna\379.jpg,Henna,Henna,whole_plant,test
C:\Users\hardi\Downloads\medicinal plants detection\dataset\Indian Medicinal Leaves Image Datasets\Datasets_Plant\Henna\4680.jpg,Henna,Henna,whole_plant,test
C:\Users\hardi\Downloads\medicinal plants detection\dataset\Indian Medicinal Leaves Image Datasets\Datasets_Plant\Henna\4723.jpg,Henna,Henna,whole_plant,test
C:\Users\hardi\Downloads\medicinal plants detection\dataset\Indian Medicinal Leaves Image Datasets\Datasets_Plant\Henna\4665.jpg,Henna,Henna,whole_plant,test
C:\Users\hardi\Downloads\medicinal plants detection\dataset\Indian Medicinal Leaves Image Datasets\Datasets_Plant\Henna\4716.jpg,Henna,Henna,whole_plant,test
C:\Users\hardi\Downloads\medicinal plants detection\dataset\Indian Medicinal Leaves Image Datasets\Datasets_Plant\Henna\4659.jpg,Henna,Henna,whole_plant,test
C:\Users\hardi\Downloads\medicinal plants detection\dataset\Indian Medicinal Leaves Image Datasets\Datasets_Plant\Henna\909.jpg,Henna,Henna,whole_plant,test
C:\Users\hardi\Downloads\medicinal plants detection\dataset\Indian Medicinal Leaves Image Datasets\Datasets_Plant\Henna\4738.jpg,Henna,Henna,whole_plant,test
C:\Users\hardi\Downloads\medicinal plants detection\dataset\Indian Medicinal Leaves Image Datasets\Datasets_Plant\Henna\4668.jpg,Henna,Henna,whole_plant,test
C:\Users\hardi\Downloads\medicinal plants detection\dataset\Indian Medicinal Leaves Image Datasets\Datasets_Plant\Henna\4664.jpg,Henna,Henna,whole_plant,test
C:\Users\hardi\Downloads\medicinal plants detection\dataset\Indian Medicinal Leaves Image Datasets\Datasets_Plant\Henna\4632.jpg,Henna,Henna,whole_plant,test
C:\Users\hardi\Downloads\medicinal plants detection\dataset\Indian Medicinal Leaves Image Datasets\Datasets_Plant\Henna\385.jpg,Henna,Henna,whole_plant,test
C:\Users\hardi\Downloads\medicinal plants detection\dataset\Indian Medicinal Leaves Image Datasets\Datasets_Plant\Henna\386.jpg,Henna,Henna,whole_plant,test
C:\Users\hardi\Downloads\medicinal plants detection\dataset\Indian Medicinal Leaves Image Datasets\Datasets_Plant\Henna\4717.jpg,Henna,Henna,whole_plant,test
C:\Users\hardi\Downloads\medicinal plants detection\dataset\Indian Medicinal Leaves Image Datasets\Datasets_Plant\Henna\4631.jpg,Henna,Henna,whole_plant,test
C:\Users\hardi\Downloads\medicinal plants detection\dataset\Indian Medicinal Leaves Image Datasets\Datasets_Plant\Henna\900.jpg,Henna,Henna,whole_plant,test
C:\Users\hardi\Downloads\medicinal plants detection\dataset\Indian Medicinal Leaves Image Datasets\Datasets_Plant\Henna\4635.jpg,Henna,Henna,whole_plant,test
C:\Users\hardi\Downloads\medicinal plants detection\dataset\Indian Medicinal Leaves Image Datasets\Datasets_Plant\Henna\4644.jpg,Henna,Henna,whole_plant,test
C:\Users\hardi\Downloads\medicinal plants detection\dataset\Indian Medicinal Leaves Image Datasets\Datasets_Plant\Henna\4666.jpg,Henna,Henna,whole_plant,test
C:\Users\hardi\Downloads\medicinal plants detection\dataset\Indian Medicinal Leaves Image Datasets\Datasets_Plant\Henna\4671.jpg,Henna,Henna,whole_plant,test
C:\Users\hardi\Downloads\medicinal plants detection\dataset\Indian Medicinal Leaves Image Datasets\Datasets_Plant\Henna\4679.jpg,Henna,Henna,whole_plant,test
C:\Users\hardi\Downloads\medicinal plants detection\dataset\Indian Medicinal Leaves Image Datasets\Datasets_Plant\Henna\384.jpg,Henna,Henna,whole_plant,test
C:\Users\hardi\Downloads\medicinal plants detection\dataset\Indian Medicinal Leaves Image Datasets\Datasets_Plant\Henna\4637.jpg,Henna,Henna,whole_plant,test
C:\Users\hardi\Downloads\medicinal plants detection\dataset\Indian Medicinal Leaves Image Datasets\Datasets_Plant\Hibiscus\1222.jpg,Hibiscus,Hibiscus,whole_plant,train
C:\Users\hardi\Downloads\medicinal plants detection\dataset\Indian Medicinal Leaves Image Datasets\Datasets_Plant\Hibiscus\1252.jpg,Hibiscus,Hibiscus,whole_plant,train
C:\Users\hardi\Downloads\medicinal plants detection\dataset\Indian Medicinal Leaves Image Datasets\Datasets_Plant\Hibiscus\1272.jpg,Hibiscus,Hibiscus,whole_plant,train
C:\Users\hardi\Downloads\medicinal plants detection\dataset\Indian Medicinal Leaves Image Datasets\Datasets_Plant\Hibiscus\1203.jpg,Hibiscus,Hibiscus,whole_plant,train
C:\Users\hardi\Downloads\medicinal plants detection\dataset\Indian Medicinal Leaves Image Datasets\Datasets_Plant\Hibiscus\21.jpg,Hibiscus,Hibiscus,whole_plant,train
C:\Users\hardi\Downloads\medicinal plants detection\dataset\Indian Medicinal Leaves Image Datasets\Datasets_Plant\Hibiscus\1296.jpg,Hibiscus,Hibiscus,whole_plant,train
C:\Users\hardi\Downloads\medicinal plants detection\dataset\Indian Medicinal Leaves Image Datasets\Datasets_Plant\Hibiscus\1250.jpg,Hibiscus,Hibiscus,whole_plant,train
C:\Users\hardi\Downloads\medicinal plants detection\dataset\Indian Medicinal Leaves Image Datasets\Datasets_Plant\Hibiscus\1172.jpg,Hibiscus,Hibiscus,whole_plant,train
C:\Users\hardi\Downloads\medicinal plants detection\dataset\Indian Medicinal Leaves Image Datasets\Datasets_Plant\Hibiscus\1299.jpg,Hibiscus,Hibiscus,whole_plant,train
C:\Users\hardi\Downloads\medicinal plants detection\dataset\Indian Medicinal Leaves Image Datasets\Datasets_Plant\Hibiscus\1227.jpg,Hibiscus,Hibiscus,whole_plant,train
C:\Users\hardi\Downloads\medicinal plants detection\dataset\Indian Medicinal Leaves Image Datasets\Datasets_Plant\Hibiscus\1191.jpg,Hibiscus,Hibiscus,whole_plant,train
C:\Users\hardi\Downloads\medicinal plants detection\dataset\Indian Medicinal Leaves Image Datasets\Datasets_Plant\Hibiscus\1270.jpg,Hibiscus,Hibiscus,whole_plant,train
C:\Users\hardi\Downloads\medicinal plants detection\dataset\Indian Medicinal Leaves Image Datasets\Datasets_Plant\Hibiscus\537.jpg,Hibiscus,Hibiscus,whole_plant,train
C:\Users\hardi\Downloads\medicinal plants detection\dataset\Indian Medicinal Leaves Image Datasets\Datasets_Plant\Hibiscus\1179.jpg,Hibiscus,Hibiscus,whole_plant,train
C:\Users\hardi\Downloads\medicinal plants detection\dataset\Indian Medicinal Leaves Image Datasets\Datasets_Plant\Hibiscus\1261.jpg,Hibiscus,Hibiscus,whole_plant,train
C:\Users\hardi\Downloads\medicinal plants detection\dataset\Indian Medicinal Leaves Image Datasets\Datasets_Plant\Hibiscus\1283.jpg,Hibiscus,Hibiscus,whole_plant,train
C:\Users\hardi\Downloads\medicinal plants detection\dataset\Indian Medicinal Leaves Image Datasets\Datasets_Plant\Hibiscus\1161.jpg,Hibiscus,Hibiscus,whole_plant,train
C:\Users\hardi\Downloads\medicinal plants detection\dataset\Indian Medicinal Leaves Image Datasets\Datasets_Plant\Hibiscus\1178.jpg,Hibiscus,Hibiscus,whole_plant,train
C:\Users\hardi\Downloads\medicinal plants detection\dataset\Indian Medicinal Leaves Image Datasets\Datasets_Plant\Hibiscus\1213.jpg,Hibiscus,Hibiscus,whole_plant,train
C:\Users\hardi\Downloads\medicinal plants detection\dataset\Indian Medicinal Leaves Image Datasets\Datasets_Plant\Hibiscus\1285.jpg,Hibiscus,Hibiscus,whole_plant,train
C:\Users\hardi\Downloads\medicinal plants detection\dataset\Indian Medicinal Leaves Image Datasets\Datasets_Plant\Hibiscus\1199.jpg,Hibiscus,Hibiscus,whole_plant,train
C:\Users\hardi\Downloads\medicinal plants detection\dataset\Indian Medicinal Leaves Image Datasets\Datasets_Plant\Hibiscus\1233.jpg,Hibiscus,Hibiscus,whole_plant,train
C:\Users\hardi\Downloads\medicinal plants detection\dataset\Indian Medicinal Leaves Image Datasets\Datasets_Plant\Hibiscus\1294.jpg,Hibiscus,Hibiscus,whole_plant,train
C:\Users\hardi\Downloads\medicinal plants detection\dataset\Indian Medicinal Leaves Image Datasets\Datasets_Plant\Hibiscus\1257.jpg,Hibiscus,Hibiscus,whole_plant,train
C:\Users\hardi\Downloads\medicinal plants detection\dataset\Indian Medicinal Leaves Image Datasets\Datasets_Plant\Hibiscus\1163.jpg,Hibiscus,Hibiscus,whole_plant,train
C:\Users\hardi\Downloads\medicinal plants detection\dataset\Indian Medicinal Leaves Image Datasets\Datasets_Plant\Hibiscus\1180.jpg,Hibiscus,Hibiscus,whole_plant,train
C:\Users\hardi\Downloads\medicinal plants detection\dataset\Indian Medicinal Leaves Image Datasets\Datasets_Plant\Hibiscus\1237.jpg,Hibiscus,Hibiscus,whole_plant,train
C:\Users\hardi\Downloads\medicinal plants detection\dataset\Indian Medicinal Leaves Image Datasets\Datasets_Plant\Hibiscus\1271.jpg,Hibiscus,Hibiscus,whole_plant,train
C:\Users\hardi\Downloads\medicinal plants detection\dataset\Indian Medicinal Leaves Image Datasets\Datasets_Plant\Hibiscus\1228.jpg,Hibiscus,Hibiscus,whole_plant,train
C:\Users\hardi\Downloads\medicinal plants detection\dataset\Indian Medicinal Leaves Image Datasets\Datasets_Plant\Hibiscus\542.jpg,Hibiscus,Hibiscus,whole_plant,train
C:\Users\hardi\Downloads\medicinal plants detection\dataset\Indian Medicinal Leaves Image Datasets\Datasets_Plant\Hibiscus\541.jpg,Hibiscus,Hibiscus,whole_plant,train
C:\Users\hardi\Downloads\medicinal plants detection\dataset\Indian Medicinal Leaves Image Datasets\Datasets_Plant\Hibiscus\19.jpg,Hibiscus,Hibiscus,whole_plant,train
C:\Users\hardi\Downloads\medicinal plants detection\dataset\Indian Medicinal Leaves Image Datasets\Datasets_Plant\Hibiscus\1274.jpg,Hibiscus,Hibiscus,whole_plant,train
C:\Users\hardi\Downloads\medicinal plants detection\dataset\Indian Medicinal Leaves Image Datasets\Datasets_Plant\Hibiscus\1164.jpg,Hibiscus,Hibiscus,whole_plant,train
C:\Users\hardi\Downloads\medicinal plants detection\dataset\Indian Medicinal Leaves Image Datasets\Datasets_Plant\Hibiscus\1282.jpg,Hibiscus,Hibiscus,whole_plant,train
C:\Users\hardi\Downloads\medicinal plants detection\dataset\Indian Medicinal Leaves Image Datasets\Datasets_Plant\Hibiscus\1215.jpg,Hibiscus,Hibiscus,whole_plant,train
C:\Users\hardi\Downloads\medicinal plants detection\dataset\Indian Medicinal Leaves Image Datasets\Datasets_Plant\Hibiscus\1193.jpg,Hibiscus,Hibiscus,whole_plant,train
C:\Users\hardi\Downloads\medicinal plants detection\dataset\Indian Medicinal Leaves Image Datasets\Datasets_Plant\Hibiscus\1236.jpg,Hibiscus,Hibiscus,whole_plant,train
C:\Users\hardi\Downloads\medicinal plants detection\dataset\Indian Medicinal Leaves Image Datasets\Datasets_Plant\Hibiscus\1175.jpg,Hibiscus,Hibiscus,whole_plant,train
C:\Users\hardi\Downloads\medicinal plants detection\dataset\Indian Medicinal Leaves Image Datasets\Datasets_Plant\Hibiscus\22.jpg,Hibiscus,Hibiscus,whole_plant,train
C:\Users\hardi\Downloads\medicinal plants detection\dataset\Indian Medicinal Leaves Image Datasets\Datasets_Plant\Hibiscus\1214.jpg,Hibiscus,Hibiscus,whole_plant,train
C:\Users\hardi\Downloads\medicinal plants detection\dataset\Indian Medicinal Leaves Image Datasets\Datasets_Plant\Hibiscus\1204.jpg,Hibiscus,Hibiscus,whole_plant,train
C:\Users\hardi\Downloads\medicinal plants detection\dataset\Indian Medicinal Leaves Image Datasets\Datasets_Plant\Hibiscus\1224.jpg,Hibiscus,Hibiscus,whole_plant,train
C:\Users\hardi\Downloads\medicinal plants detection\dataset\Indian Medicinal Leaves Image Datasets\Datasets_Plant\Hibiscus\1260.jpg,Hibiscus,Hibiscus,whole_plant,train
C:\Users\hardi\Downloads\medicinal plants detection\dataset\Indian Medicinal Leaves Image Datasets\Datasets_Plant\Hibiscus\1210.jpg,Hibiscus,Hibiscus,whole_plant,train
C:\Users\hardi\Downloads\medicinal plants detection\dataset\Indian Medicinal Leaves Image Datasets\Datasets_Plant\Hibiscus\1226.jpg,Hibiscus,Hibiscus,whole_plant,train
C:\Users\hardi\Downloads\medicinal plants detection\dataset\Indian Medicinal Leaves Image Datasets\Datasets_Plant\Hibiscus\1255.jpg,Hibiscus,Hibiscus,whole_plant,train
C:\Users\hardi\Downloads\medicinal plants detection\dataset\Indian Medicinal Leaves Image Datasets\Datasets_Plant\Hibiscus\1277.jpg,Hibiscus,Hibiscus,whole_plant,train
C:\Users\hardi\Downloads\medicinal plants detection\dataset\Indian Medicinal Leaves Image Datasets\Datasets_Plant\Hibiscus\1225.jpg,Hibiscus,Hibiscus,whole_plant,train
C:\Users\hardi\Downloads\medicinal plants detection\dataset\Indian Medicinal Leaves Image Datasets\Datasets_Plant\Hibiscus\1177.jpg,Hibiscus,Hibiscus,whole_plant,train
C:\Users\hardi\Downloads\medicinal plants detection\dataset\Indian Medicinal Leaves Image Datasets\Datasets_Plant\Hibiscus\1244.jpg,Hibiscus,Hibiscus,whole_plant,train
C:\Users\hardi\Downloads\medicinal plants detection\dataset\Indian Medicinal Leaves Image Datasets\Datasets_Plant\Hibiscus\1230.jpg,Hibiscus,Hibiscus,whole_plant,train
C:\Users\hardi\Downloads\medicinal plants detection\dataset\Indian Medicinal Leaves Image Datasets\Datasets_Plant\Hibiscus\1293.jpg,Hibiscus,Hibiscus,whole_plant,train
C:\Users\hardi\Downloads\medicinal plants detection\dataset\Indian Medicinal Leaves Image Datasets\Datasets_Plant\Hibiscus\1186.jpg,Hibiscus,Hibiscus,whole_plant,train
C:\Users\hardi\Downloads\medicinal plants detection\dataset\Indian Medicinal Leaves Image Datasets\Datasets_Plant\Hibiscus\1239.jpg,Hibiscus,Hibiscus,whole_plant,train
C:\Users\hardi\Downloads\medicinal plants detection\dataset\Indian Medicinal Leaves Image Datasets\Datasets_Plant\Hibiscus\17.jpg,Hibiscus,Hibiscus,whole_plant,train
C:\Users\hardi\Downloads\medicinal plants detection\dataset\Indian Medicinal Leaves Image Datasets\Datasets_Plant\Hibiscus\1174.jpg,Hibiscus,Hibiscus,whole_plant,train
C:\Users\hardi\Downloads\medicinal plants detection\dataset\Indian Medicinal Leaves Image Datasets\Datasets_Plant\Hibiscus\1263.jpg,Hibiscus,Hibiscus,whole_plant,train
C:\Users\hardi\Downloads\medicinal plants detection\dataset\Indian Medicinal Leaves Image Datasets\Datasets_Plant\Hibiscus\1249.jpg,Hibiscus,Hibiscus,whole_plant,train
C:\Users\hardi\Downloads\medicinal plants detection\dataset\Indian Medicinal Leaves Image Datasets\Datasets_Plant\Hibiscus\16.jpg,Hibiscus,Hibiscus,whole_plant,train
C:\Users\hardi\Downloads\medicinal plants detection\dataset\Indian Medicinal Leaves Image Datasets\Datasets_Plant\Hibiscus\1197.jpg,Hibiscus,Hibiscus,whole_plant,train
C:\Users\hardi\Downloads\medicinal plants detection\dataset\Indian Medicinal Leaves Image Datasets\Datasets_Plant\Hibiscus\1221.jpg,Hibiscus,Hibiscus,whole_plant,train
C:\Users\hardi\Downloads\medicinal plants detection\dataset\Indian Medicinal Leaves Image Datasets\Datasets_Plant\Hibiscus\1280.jpg,Hibiscus,Hibiscus,whole_plant,train
C:\Users\hardi\Downloads\medicinal plants detection\dataset\Indian Medicinal Leaves Image Datasets\Datasets_Plant\Hibiscus\1188.jpg,Hibiscus,Hibiscus,whole_plant,train
C:\Users\hardi\Downloads\medicinal plants detection\dataset\Indian Medicinal Leaves Image Datasets\Datasets_Plant\Hibiscus\1265.jpg,Hibiscus,Hibiscus,whole_plant,train
C:\Users\hardi\Downloads\medicinal plants detection\dataset\Indian Medicinal Leaves Image Datasets\Datasets_Plant\Hibiscus\1235.jpg,Hibiscus,Hibiscus,whole_plant,train
C:\Users\hardi\Downloads\medicinal plants detection\dataset\Indian Medicinal Leaves Image Datasets\Datasets_Plant\Hibiscus\1212.jpg,Hibiscus,Hibiscus,whole_plant,train
C:\Users\hardi\Downloads\medicinal plants detection\dataset\Indian Medicinal Leaves Image Datasets\Datasets_Plant\Hibiscus\1298.jpg,Hibiscus,Hibiscus,whole_plant,train
C:\Users\hardi\Downloads\medicinal plants detection\dataset\Indian Medicinal Leaves Image Datasets\Datasets_Plant\Hibiscus\1165.jpg,Hibiscus,Hibiscus,whole_plant,train
C:\Users\hardi\Downloads\medicinal plants detection\dataset\Indian Medicinal Leaves Image Datasets\Datasets_Plant\Hibiscus\1289.jpg,Hibiscus,Hibiscus,whole_plant,train
C:\Users\hardi\Downloads\medicinal plants detection\dataset\Indian Medicinal Leaves Image Datasets\Datasets_Plant\Hibiscus\536.jpg,Hibiscus,Hibiscus,whole_plant,train
C:\Users\hardi\Downloads\medicinal plants detection\dataset\Indian Medicinal Leaves Image Datasets\Datasets_Plant\Hibiscus\1202.jpg,Hibiscus,Hibiscus,whole_plant,train
C:\Users\hardi\Downloads\medicinal plants detection\dataset\Indian Medicinal Leaves Image Datasets\Datasets_Plant\Hibiscus\546.jpg,Hibiscus,Hibiscus,whole_plant,train
C:\Users\hardi\Downloads\medicinal plants detection\dataset\Indian Medicinal Leaves Image Datasets\Datasets_Plant\Hibiscus\1295.jpg,Hibiscus,Hibiscus,whole_plant,train
C:\Users\hardi\Downloads\medicinal plants detection\dataset\Indian Medicinal Leaves Image Datasets\Datasets_Plant\Hibiscus\1292.jpg,Hibiscus,Hibiscus,whole_plant,train
C:\Users\hardi\Downloads\medicinal plants detection\dataset\Indian Medicinal Leaves Image Datasets\Datasets_Plant\Hibiscus\1256.jpg,Hibiscus,Hibiscus,whole_plant,train
C:\Users\hardi\Downloads\medicinal plants detection\dataset\Indian Medicinal Leaves Image Datasets\Datasets_Plant\Hibiscus\23.jpg,Hibiscus,Hibiscus,whole_plant,train
C:\Users\hardi\Downloads\medicinal plants detection\dataset\Indian Medicinal Leaves Image Datasets\Datasets_Plant\Hibiscus\1266.jpg,Hibiscus,Hibiscus,whole_plant,train
C:\Users\hardi\Downloads\medicinal plants detection\dataset\Indian Medicinal Leaves Image Datasets\Datasets_Plant\Hibiscus\1192.jpg,Hibiscus,Hibiscus,whole_plant,train
C:\Users\hardi\Downloads\medicinal plants detection\dataset\Indian Medicinal Leaves Image Datasets\Datasets_Plant\Hibiscus\1278.jpg,Hibiscus,Hibiscus,whole_plant,train
C:\Users\hardi\Downloads\medicinal plants detection\dataset\Indian Medicinal Leaves Image Datasets\Datasets_Plant\Hibiscus\1182.jpg,Hibiscus,Hibiscus,whole_plant,train
C:\Users\hardi\Downloads\medicinal plants detection\dataset\Indian Medicinal Leaves Image Datasets\Datasets_Plant\Hibiscus\1253.jpg,Hibiscus,Hibiscus,whole_plant,train
C:\Users\hardi\Downloads\medicinal plants detection\dataset\Indian Medicinal Leaves Image Datasets\Datasets_Plant\Hibiscus\1284.jpg,Hibiscus,Hibiscus,whole_plant,train
C:\Users\hardi\Downloads\medicinal plants detection\dataset\Indian Medicinal Leaves Image Datasets\Datasets_Plant\Hibiscus\1170.jpg,Hibiscus,Hibiscus,whole_plant,train
C:\Users\hardi\Downloads\medicinal plants detection\dataset\Indian Medicinal Leaves Image Datasets\Datasets_Plant\Hibiscus\1243.jpg,Hibiscus,Hibiscus,whole_plant,train
C:\Users\hardi\Downloads\medicinal plants detection\dataset\Indian Medicinal Leaves Image Datasets\Datasets_Plant\Hibiscus\1195.jpg,Hibiscus,Hibiscus,whole_plant,train
C:\Users\hardi\Downloads\medicinal plants detection\dataset\Indian Medicinal Leaves Image Datasets\Datasets_Plant\Hibiscus\1246.jpg,Hibiscus,Hibiscus,whole_plant,train
C:\Users\hardi\Downloads\medicinal plants detection\dataset\Indian Medicinal Leaves Image Datasets\Datasets_Plant\Hibiscus\1291.jpg,Hibiscus,Hibiscus,whole_plant,train
C:\Users\hardi\Downloads\medicinal plants detection\dataset\Indian Medicinal Leaves Image Datasets\Datasets_Plant\Hibiscus\1287.jpg,Hibiscus,Hibiscus,whole_plant,train
C:\Users\hardi\Downloads\medicinal plants detection\dataset\Indian Medicinal Leaves Image Datasets\Datasets_Plant\Hibiscus\1208.jpg,Hibiscus,Hibiscus,whole_plant,train
C:\Users\hardi\Downloads\medicinal plants detection\dataset\Indian Medicinal Leaves Image Datasets\Datasets_Plant\Hibiscus\1181.jpg,Hibiscus,Hibiscus,whole_plant,train
C:\Users\hardi\Downloads\medicinal plants detection\dataset\Indian Medicinal Leaves Image Datasets\Datasets_Plant\Hibiscus\1286.jpg,Hibiscus,Hibiscus,whole_plant,train
C:\Users\hardi\Downloads\medicinal plants detection\dataset\Indian Medicinal Leaves Image Datasets\Datasets_Plant\Hibiscus\1242.jpg,Hibiscus,Hibiscus,whole_plant,train
C:\Users\hardi\Downloads\medicinal plants detection\dataset\Indian Medicinal Leaves Image Datasets\Datasets_Plant\Hibiscus\1279.jpg,Hibiscus,Hibiscus,whole_plant,train
C:\Users\hardi\Downloads\medicinal plants detection\dataset\Indian Medicinal Leaves Image Datasets\Datasets_Plant\Hibiscus\540.jpg,Hibiscus,Hibiscus,whole_plant,train
C:\Users\hardi\Downloads\medicinal plants detection\dataset\Indian Medicinal Leaves Image Datasets\Datasets_Plant\Hibiscus\1276.jpg,Hibiscus,Hibiscus,whole_plant,train
C:\Users\hardi\Downloads\medicinal plants detection\dataset\Indian Medicinal Leaves Image Datasets\Datasets_Plant\Hibiscus\1173.jpg,Hibiscus,Hibiscus,whole_plant,train
C:\Users\hardi\Downloads\medicinal plants detection\dataset\Indian Medicinal Leaves Image Datasets\Datasets_Plant\Hibiscus\1262.jpg,Hibiscus,Hibiscus,whole_plant,train
C:\Users\hardi\Downloads\medicinal plants detection\dataset\Indian Medicinal Leaves Image Datasets\Datasets_Plant\Hibiscus\15.jpg,Hibiscus,Hibiscus,whole_plant,train
C:\Users\hardi\Downloads\medicinal plants detection\dataset\Indian Medicinal Leaves Image Datasets\Datasets_Plant\Hibiscus\1273.jpg,Hibiscus,Hibiscus,whole_plant,train
C:\Users\hardi\Downloads\medicinal plants detection\dataset\Indian Medicinal Leaves Image Datasets\Datasets_Plant\Hibiscus\1259.jpg,Hibiscus,Hibiscus,whole_plant,train
C:\Users\hardi\Downloads\medicinal plants detection\dataset\Indian Medicinal Leaves Image Datasets\Datasets_Plant\Hibiscus\1190.jpg,Hibiscus,Hibiscus,whole_plant,train
C:\Users\hardi\Downloads\medicinal plants detection\dataset\Indian Medicinal Leaves Image Datasets\Datasets_Plant\Hibiscus\1245.jpg,Hibiscus,Hibiscus,whole_plant,train
C:\Users\hardi\Downloads\medicinal plants detection\dataset\Indian Medicinal Leaves Image Datasets\Datasets_Plant\Hibiscus\1281.jpg,Hibiscus,Hibiscus,whole_plant,train
C:\Users\hardi\Downloads\medicinal plants detection\dataset\Indian Medicinal Leaves Image Datasets\Datasets_Plant\Hibiscus\534.jpg,Hibiscus,Hibiscus,whole_plant,train
C:\Users\hardi\Downloads\medicinal plants detection\dataset\Indian Medicinal Leaves Image Datasets\Datasets_Plant\Hibiscus\1251.jpg,Hibiscus,Hibiscus,whole_plant,train
C:\Users\hardi\Downloads\medicinal plants detection\dataset\Indian Medicinal Leaves Image Datasets\Datasets_Plant\Hibiscus\1288.jpg,Hibiscus,Hibiscus,whole_plant,train
C:\Users\hardi\Downloads\medicinal plants detection\dataset\Indian Medicinal Leaves Image Datasets\Datasets_Plant\Hibiscus\1234.jpg,Hibiscus,Hibiscus,whole_plant,train
C:\Users\hardi\Downloads\medicinal plants detection\dataset\Indian Medicinal Leaves Image Datasets\Datasets_Plant\Hibiscus\1207.jpg,Hibiscus,Hibiscus,whole_plant,train
C:\Users\hardi\Downloads\medicinal plants detection\dataset\Indian Medicinal Leaves Image Datasets\Datasets_Plant\Hibiscus\1240.jpg,Hibiscus,Hibiscus,whole_plant,train
C:\Users\hardi\Downloads\medicinal plants detection\dataset\Indian Medicinal Leaves Image Datasets\Datasets_Plant\Hibiscus\1241.jpg,Hibiscus,Hibiscus,whole_plant,train
C:\Users\hardi\Downloads\medicinal plants detection\dataset\Indian Medicinal Leaves Image Datasets\Datasets_Plant\Hibiscus\1267.jpg,Hibiscus,Hibiscus,whole_plant,train
C:\Users\hardi\Downloads\medicinal plants detection\dataset\Indian Medicinal Leaves Image Datasets\Datasets_Plant\Hibiscus\1198.jpg,Hibiscus,Hibiscus,whole_plant,train
C:\Users\hardi\Downloads\medicinal plants detection\dataset\Indian Medicinal Leaves Image Datasets\Datasets_Plant\Hibiscus\543.jpg,Hibiscus,Hibiscus,whole_plant,train
C:\Users\hardi\Downloads\medicinal plants detection\dataset\Indian Medicinal Leaves Image Datasets\Datasets_Plant\Hibiscus\1171.jpg,Hibiscus,Hibiscus,whole_plant,train
C:\Users\hardi\Downloads\medicinal plants detection\dataset\Indian Medicinal Leaves Image Datasets\Datasets_Plant\Hibiscus\1209.jpg,Hibiscus,Hibiscus,whole_plant,val
C:\Users\hardi\Downloads\medicinal plants detection\dataset\Indian Medicinal Leaves Image Datasets\Datasets_Plant\Hibiscus\1176.jpg,Hibiscus,Hibiscus,whole_plant,val
C:\Users\hardi\Downloads\medicinal plants detection\dataset\Indian Medicinal Leaves Image Datasets\Datasets_Plant\Hibiscus\1229.jpg,Hibiscus,Hibiscus,whole_plant,val
C:\Users\hardi\Downloads\medicinal plants detection\dataset\Indian Medicinal Leaves Image Datasets\Datasets_Plant\Hibiscus\1219.jpg,Hibiscus,Hibiscus,whole_plant,val
C:\Users\hardi\Downloads\medicinal plants detection\dataset\Indian Medicinal Leaves Image Datasets\Datasets_Plant\Hibiscus\1254.jpg,Hibiscus,Hibiscus,whole_plant,val
C:\Users\hardi\Downloads\medicinal plants detection\dataset\Indian Medicinal Leaves Image Datasets\Datasets_Plant\Hibiscus\1166.jpg,Hibiscus,Hibiscus,whole_plant,val
C:\Users\hardi\Downloads\medicinal plants detection\dataset\Indian Medicinal Leaves Image Datasets\Datasets_Plant\Hibiscus\1264.jpg,Hibiscus,Hibiscus,whole_plant,val
C:\Users\hardi\Downloads\medicinal plants detection\dataset\Indian Medicinal Leaves Image Datasets\Datasets_Plant\Hibiscus\1194.jpg,Hibiscus,Hibiscus,whole_plant,val
C:\Users\hardi\Downloads\medicinal plants detection\dataset\Indian Medicinal Leaves Image Datasets\Datasets_Plant\Hibiscus\1238.jpg,Hibiscus,Hibiscus,whole_plant,val
C:\Users\hardi\Downloads\medicinal plants detection\dataset\Indian Medicinal Leaves Image Datasets\Datasets_Plant\Hibiscus\1205.jpg,Hibiscus,Hibiscus,whole_plant,val
C:\Users\hardi\Downloads\medicinal plants detection\dataset\Indian Medicinal Leaves Image Datasets\Datasets_Plant\Hibiscus\1297.jpg,Hibiscus,Hibiscus,whole_plant,val
C:\Users\hardi\Downloads\medicinal plants detection\dataset\Indian Medicinal Leaves Image Datasets\Datasets_Plant\Hibiscus\1206.jpg,Hibiscus,Hibiscus,whole_plant,val
C:\Users\hardi\Downloads\medicinal plants detection\dataset\Indian Medicinal Leaves Image Datasets\Datasets_Plant\Hibiscus\1185.jpg,Hibiscus,Hibiscus,whole_plant,val
C:\Users\hardi\Downloads\medicinal plants detection\dataset\Indian Medicinal Leaves Image Datasets\Datasets_Plant\Hibiscus\1258.jpg,Hibiscus,Hibiscus,whole_plant,val
C:\Users\hardi\Downloads\medicinal plants detection\dataset\Indian Medicinal Leaves Image Datasets\Datasets_Plant\Hibiscus\25.jpg,Hibiscus,Hibiscus,whole_plant,val
C:\Users\hardi\Downloads\medicinal plants detection\dataset\Indian Medicinal Leaves Image Datasets\Datasets_Plant\Hibiscus\539.jpg,Hibiscus,Hibiscus,whole_plant,val
C:\Users\hardi\Downloads\medicinal plants detection\dataset\Indian Medicinal Leaves Image Datasets\Datasets_Plant\Hibiscus\1247.jpg,Hibiscus,Hibiscus,whole_plant,val
C:\Users\hardi\Downloads\medicinal plants detection\dataset\Indian Medicinal Leaves Image Datasets\Datasets_Plant\Hibiscus\24.jpg,Hibiscus,Hibiscus,whole_plant,val
C:\Users\hardi\Downloads\medicinal plants detection\dataset\Indian Medicinal Leaves Image Datasets\Datasets_Plant\Hibiscus\1200.jpg,Hibiscus,Hibiscus,whole_plant,val
C:\Users\hardi\Downloads\medicinal plants detection\dataset\Indian Medicinal Leaves Image Datasets\Datasets_Plant\Hibiscus\20.jpg,Hibiscus,Hibiscus,whole_plant,val
C:\Users\hardi\Downloads\medicinal plants detection\dataset\Indian Medicinal Leaves Image Datasets\Datasets_Plant\Hibiscus\1248.jpg,Hibiscus,Hibiscus,whole_plant,val
C:\Users\hardi\Downloads\medicinal plants detection\dataset\Indian Medicinal Leaves Image Datasets\Datasets_Plant\Hibiscus\535.jpg,Hibiscus,Hibiscus,whole_plant,val
C:\Users\hardi\Downloads\medicinal plants detection\dataset\Indian Medicinal Leaves Image Datasets\Datasets_Plant\Hibiscus\1201.jpg,Hibiscus,Hibiscus,whole_plant,val
C:\Users\hardi\Downloads\medicinal plants detection\dataset\Indian Medicinal Leaves Image Datasets\Datasets_Plant\Hibiscus\1162.jpg,Hibiscus,Hibiscus,whole_plant,val
C:\Users\hardi\Downloads\medicinal plants detection\dataset\Indian Medicinal Leaves Image Datasets\Datasets_Plant\Hibiscus\1232.jpg,Hibiscus,Hibiscus,whole_plant,test
C:\Users\hardi\Downloads\medicinal plants detection\dataset\Indian Medicinal Leaves Image Datasets\Datasets_Plant\Hibiscus\1275.jpg,Hibiscus,Hibiscus,whole_plant,test
C:\Users\hardi\Downloads\medicinal plants detection\dataset\Indian Medicinal Leaves Image Datasets\Datasets_Plant\Hibiscus\1217.jpg,Hibiscus,Hibiscus,whole_plant,test
C:\Users\hardi\Downloads\medicinal plants detection\dataset\Indian Medicinal Leaves Image Datasets\Datasets_Plant\Hibiscus\1268.jpg,Hibiscus,Hibiscus,whole_plant,test
C:\Users\hardi\Downloads\medicinal plants detection\dataset\Indian Medicinal Leaves Image Datasets\Datasets_Plant\Hibiscus\538.jpg,Hibiscus,Hibiscus,whole_plant,test
C:\Users\hardi\Downloads\medicinal plants detection\dataset\Indian Medicinal Leaves Image Datasets\Datasets_Plant\Hibiscus\1211.jpg,Hibiscus,Hibiscus,whole_plant,test
C:\Users\hardi\Downloads\medicinal plants detection\dataset\Indian Medicinal Leaves Image Datasets\Datasets_Plant\Hibiscus\18.jpg,Hibiscus,Hibiscus,whole_plant,test
C:\Users\hardi\Downloads\medicinal plants detection\dataset\Indian Medicinal Leaves Image Datasets\Datasets_Plant\Hibiscus\544.jpg,Hibiscus,Hibiscus,whole_plant,test
C:\Users\hardi\Downloads\medicinal plants detection\dataset\Indian Medicinal Leaves Image Datasets\Datasets_Plant\Hibiscus\1290.jpg,Hibiscus,Hibiscus,whole_plant,test
C:\Users\hardi\Downloads\medicinal plants detection\dataset\Indian Medicinal Leaves Image Datasets\Datasets_Plant\Hibiscus\1220.jpg,Hibiscus,Hibiscus,whole_plant,test
C:\Users\hardi\Downloads\medicinal plants detection\dataset\Indian Medicinal Leaves Image Datasets\Datasets_Plant\Hibiscus\1216.jpg,Hibiscus,Hibiscus,whole_plant,test
C:\Users\hardi\Downloads\medicinal plants detection\dataset\Indian Medicinal Leaves Image Datasets\Datasets_Plant\Hibiscus\1184.jpg,Hibiscus,Hibiscus,whole_plant,test
C:\Users\hardi\Downloads\medicinal plants detection\dataset\Indian Medicinal Leaves Image Datasets\Datasets_Plant\Hibiscus\1168.jpg,Hibiscus,Hibiscus,whole_plant,test
C:\Users\hardi\Downloads\medicinal plants detection\dataset\Indian Medicinal Leaves Image Datasets\Datasets_Plant\Hibiscus\1169.jpg,Hibiscus,Hibiscus,whole_plant,test
C:\Users\hardi\Downloads\medicinal plants detection\dataset\Indian Medicinal Leaves Image Datasets\Datasets_Plant\Hibiscus\1269.jpg,Hibiscus,Hibiscus,whole_plant,test
C:\Users\hardi\Downloads\medicinal plants detection\dataset\Indian Medicinal Leaves Image Datasets\Datasets_Plant\Hibiscus\26.jpg,Hibiscus,Hibiscus,whole_plant,test
C:\Users\hardi\Downloads\medicinal plants detection\dataset\Indian Medicinal Leaves Image Datasets\Datasets_Plant\Hibiscus\1183.jpg,Hibiscus,Hibiscus,whole_plant,test
C:\Users\hardi\Downloads\medicinal plants detection\dataset\Indian Medicinal Leaves Image Datasets\Datasets_Plant\Hibiscus\14.jpg,Hibiscus,Hibiscus,whole_plant,test
C:\Users\hardi\Downloads\medicinal plants detection\dataset\Indian Medicinal Leaves Image Datasets\Datasets_Plant\Hibiscus\1187.jpg,Hibiscus,Hibiscus,whole_plant,test
C:\Users\hardi\Downloads\medicinal plants detection\dataset\Indian Medicinal Leaves Image Datasets\Datasets_Plant\Hibiscus\1196.jpg,Hibiscus,Hibiscus,whole_plant,test
C:\Users\hardi\Downloads\medicinal plants detection\dataset\Indian Medicinal Leaves Image Datasets\Datasets_Plant\Hibiscus\1218.jpg,Hibiscus,Hibiscus,whole_plant,test
C:\Users\hardi\Downloads\medicinal plants detection\dataset\Indian Medicinal Leaves Image Datasets\Datasets_Plant\Hibiscus\1223.jpg,Hibiscus,Hibiscus,whole_plant,test
C:\Users\hardi\Downloads\medicinal plants detection\dataset\Indian Medicinal Leaves Image Datasets\Datasets_Plant\Hibiscus\1231.jpg,Hibiscus,Hibiscus,whole_plant,test
C:\Users\hardi\Downloads\medicinal plants detection\dataset\Indian Medicinal Leaves Image Datasets\Datasets_Plant\Hibiscus\1167.jpg,Hibiscus,Hibiscus,whole_plant,test
C:\Users\hardi\Downloads\medicinal plants detection\dataset\Indian Medicinal Leaves Image Datasets\Datasets_Plant\Hibiscus\1189.jpg,Hibiscus,Hibiscus,whole_plant,test
C:\Users\hardi\Downloads\medicinal plants detection\dataset\Indian Medicinal Leaves Image Datasets\Datasets_Plant\Hibiscus\545.jpg,Hibiscus,Hibiscus,whole_plant,test
C:\Users\hardi\Downloads\medicinal plants detection\dataset\Indian Medicinal Leaves Image Datasets\Datasets_Plant\Honge\747.jpg,Honge,Honge,whole_plant,train
C:\Users\hardi\Downloads\medicinal plants detection\dataset\Indian Medicinal Leaves Image Datasets\Datasets_Plant\Honge\3133.jpg,Honge,Honge,whole_plant,train
C:\Users\hardi\Downloads\medicinal plants detection\dataset\Indian Medicinal Leaves Image Datasets\Datasets_Plant\Honge\3197.jpg,Honge,Honge,whole_plant,train
C:\Users\hardi\Downloads\medicinal plants detection\dataset\Indian Medicinal Leaves Image Datasets\Datasets_Plant\Honge\3166.jpg,Honge,Honge,whole_plant,train
C:\Users\hardi\Downloads\medicinal plants detection\dataset\Indian Medicinal Leaves Image Datasets\Datasets_Plant\Honge\3189.jpg,Honge,Honge,whole_plant,train
C:\Users\hardi\Downloads\medicinal plants detection\dataset\Indian Medicinal Leaves Image Datasets\Datasets_Plant\Honge\3228.jpg,Honge,Honge,whole_plant,train
C:\Users\hardi\Downloads\medicinal plants detection\dataset\Indian Medicinal Leaves Image Datasets\Datasets_Plant\Honge\3245.jpg,Honge,Honge,whole_plant,train
C:\Users\hardi\Downloads\medicinal plants detection\dataset\Indian Medicinal Leaves Image Datasets\Datasets_Plant\Honge\3145.jpg,Honge,Honge,whole_plant,train
C:\Users\hardi\Downloads\medicinal plants detection\dataset\Indian Medicinal Leaves Image Datasets\Datasets_Plant\Honge\743.jpg,Honge,Honge,whole_plant,train
C:\Users\hardi\Downloads\medicinal plants detection\dataset\Indian Medicinal Leaves Image Datasets\Datasets_Plant\Honge\3236.jpg,Honge,Honge,whole_plant,train
C:\Users\hardi\Downloads\medicinal plants detection\dataset\Indian Medicinal Leaves Image Datasets\Datasets_Plant\Honge\3187.jpg,Honge,Honge,whole_plant,train
C:\Users\hardi\Downloads\medicinal plants detection\dataset\Indian Medicinal Leaves Image Datasets\Datasets_Plant\Honge\3184.jpg,Honge,Honge,whole_plant,train
C:\Users\hardi\Downloads\medicinal plants detection\dataset\Indian Medicinal Leaves Image Datasets\Datasets_Plant\Honge\751.jpg,Honge,Honge,whole_plant,train
C:\Users\hardi\Downloads\medicinal plants detection\dataset\Indian Medicinal Leaves Image Datasets\Datasets_Plant\Honge\3153.jpg,Honge,Honge,whole_plant,train
C:\Users\hardi\Downloads\medicinal plants detection\dataset\Indian Medicinal Leaves Image Datasets\Datasets_Plant\Honge\3198.jpg,Honge,Honge,whole_plant,train
C:\Users\hardi\Downloads\medicinal plants detection\dataset\Indian Medicinal Leaves Image Datasets\Datasets_Plant\Honge\3147.jpg,Honge,Honge,whole_plant,train
C:\Users\hardi\Downloads\medicinal plants detection\dataset\Indian Medicinal Leaves Image Datasets\Datasets_Plant\Honge\3207.jpg,Honge,Honge,whole_plant,train
C:\Users\hardi\Downloads\medicinal plants detection\dataset\Indian Medicinal Leaves Image Datasets\Datasets_Plant\Honge\3176.jpg,Honge,Honge,whole_plant,train
C:\Users\hardi\Downloads\medicinal plants detection\dataset\Indian Medicinal Leaves Image Datasets\Datasets_Plant\Honge\3157.jpg,Honge,Honge,whole_plant,train
C:\Users\hardi\Downloads\medicinal plants detection\dataset\Indian Medicinal Leaves Image Datasets\Datasets_Plant\Honge\3201.jpg,Honge,Honge,whole_plant,train
C:\Users\hardi\Downloads\medicinal plants detection\dataset\Indian Medicinal Leaves Image Datasets\Datasets_Plant\Honge\3241.jpg,Honge,Honge,whole_plant,train
C:\Users\hardi\Downloads\medicinal plants detection\dataset\Indian Medicinal Leaves Image Datasets\Datasets_Plant\Honge\754.jpg,Honge,Honge,whole_plant,train
C:\Users\hardi\Downloads\medicinal plants detection\dataset\Indian Medicinal Leaves Image Datasets\Datasets_Plant\Honge\3167.jpg,Honge,Honge,whole_plant,train
C:\Users\hardi\Downloads\medicinal plants detection\dataset\Indian Medicinal Leaves Image Datasets\Datasets_Plant\Honge\223.jpg,Honge,Honge,whole_plant,train
C:\Users\hardi\Downloads\medicinal plants detection\dataset\Indian Medicinal Leaves Image Datasets\Datasets_Plant\Honge\3203.jpg,Honge,Honge,whole_plant,train
C:\Users\hardi\Downloads\medicinal plants detection\dataset\Indian Medicinal Leaves Image Datasets\Datasets_Plant\Honge\3246.jpg,Honge,Honge,whole_plant,train
C:\Users\hardi\Downloads\medicinal plants detection\dataset\Indian Medicinal Leaves Image Datasets\Datasets_Plant\Honge\3178.jpg,Honge,Honge,whole_plant,train
C:\Users\hardi\Downloads\medicinal plants detection\dataset\Indian Medicinal Leaves Image Datasets\Datasets_Plant\Honge\3217.jpg,Honge,Honge,whole_plant,train
C:\Users\hardi\Downloads\medicinal plants detection\dataset\Indian Medicinal Leaves Image Datasets\Datasets_Plant\Honge\3191.jpg,Honge,Honge,whole_plant,train
C:\Users\hardi\Downloads\medicinal plants detection\dataset\Indian Medicinal Leaves Image Datasets\Datasets_Plant\Honge\744.jpg,Honge,Honge,whole_plant,train
C:\Users\hardi\Downloads\medicinal plants detection\dataset\Indian Medicinal Leaves Image Datasets\Datasets_Plant\Honge\746.jpg,Honge,Honge,whole_plant,train
C:\Users\hardi\Downloads\medicinal plants detection\dataset\Indian Medicinal Leaves Image Datasets\Datasets_Plant\Honge\3154.jpg,Honge,Honge,whole_plant,train
C:\Users\hardi\Downloads\medicinal plants detection\dataset\Indian Medicinal Leaves Image Datasets\Datasets_Plant\Honge\3227.jpg,Honge,Honge,whole_plant,train
C:\Users\hardi\Downloads\medicinal plants detection\dataset\Indian Medicinal Leaves Image Datasets\Datasets_Plant\Honge\3175.jpg,Honge,Honge,whole_plant,train
C:\Users\hardi\Downloads\medicinal plants detection\dataset\Indian Medicinal Leaves Image Datasets\Datasets_Plant\Honge\3237.jpg,Honge,Honge,whole_plant,train
C:\Users\hardi\Downloads\medicinal plants detection\dataset\Indian Medicinal Leaves Image Datasets\Datasets_Plant\Honge\3202.jpg,Honge,Honge,whole_plant,train
C:\Users\hardi\Downloads\medicinal plants detection\dataset\Indian Medicinal Leaves Image Datasets\Datasets_Plant\Honge\3131.jpg,Honge,Honge,whole_plant,train
C:\Users\hardi\Downloads\medicinal plants detection\dataset\Indian Medicinal Leaves Image Datasets\Datasets_Plant\Honge\3209.jpg,Honge,Honge,whole_plant,train
C:\Users\hardi\Downloads\medicinal plants detection\dataset\Indian Medicinal Leaves Image Datasets\Datasets_Plant\Honge\3196.jpg,Honge,Honge,whole_plant,train
C:\Users\hardi\Downloads\medicinal plants detection\dataset\Indian Medicinal Leaves Image Datasets\Datasets_Plant\Honge\3179.jpg,Honge,Honge,whole_plant,train
C:\Users\hardi\Downloads\medicinal plants detection\dataset\Indian Medicinal Leaves Image Datasets\Datasets_Plant\Honge\3182.jpg,Honge,Honge,whole_plant,train
C:\Users\hardi\Downloads\medicinal plants detection\dataset\Indian Medicinal Leaves Image Datasets\Datasets_Plant\Honge\3156.jpg,Honge,Honge,whole_plant,train
C:\Users\hardi\Downloads\medicinal plants detection\dataset\Indian Medicinal Leaves Image Datasets\Datasets_Plant\Honge\3232.jpg,Honge,Honge,whole_plant,train
C:\Users\hardi\Downloads\medicinal plants detection\dataset\Indian Medicinal Leaves Image Datasets\Datasets_Plant\Honge\742.jpg,Honge,Honge,whole_plant,train
C:\Users\hardi\Downloads\medicinal plants detection\dataset\Indian Medicinal Leaves Image Datasets\Datasets_Plant\Honge\3151.jpg,Honge,Honge,whole_plant,train
C:\Users\hardi\Downloads\medicinal plants detection\dataset\Indian Medicinal Leaves Image Datasets\Datasets_Plant\Honge\3224.jpg,Honge,Honge,whole_plant,train
C:\Users\hardi\Downloads\medicinal plants detection\dataset\Indian Medicinal Leaves Image Datasets\Datasets_Plant\Honge\226.jpg,Honge,Honge,whole_plant,train
C:\Users\hardi\Downloads\medicinal plants detection\dataset\Indian Medicinal Leaves Image Datasets\Datasets_Plant\Honge\3132.jpg,Honge,Honge,whole_plant,train
C:\Users\hardi\Downloads\medicinal plants detection\dataset\Indian Medicinal Leaves Image Datasets\Datasets_Plant\Honge\3140.jpg,Honge,Honge,whole_plant,train
C:\Users\hardi\Downloads\medicinal plants detection\dataset\Indian Medicinal Leaves Image Datasets\Datasets_Plant\Honge\3242.jpg,Honge,Honge,whole_plant,train
C:\Users\hardi\Downloads\medicinal plants detection\dataset\Indian Medicinal Leaves Image Datasets\Datasets_Plant\Honge\224.jpg,Honge,Honge,whole_plant,train
C:\Users\hardi\Downloads\medicinal plants detection\dataset\Indian Medicinal Leaves Image Datasets\Datasets_Plant\Honge\3234.jpg,Honge,Honge,whole_plant,train
C:\Users\hardi\Downloads\medicinal plants detection\dataset\Indian Medicinal Leaves Image Datasets\Datasets_Plant\Honge\225.jpg,Honge,Honge,whole_plant,train
C:\Users\hardi\Downloads\medicinal plants detection\dataset\Indian Medicinal Leaves Image Datasets\Datasets_Plant\Honge\3231.jpg,Honge,Honge,whole_plant,train
C:\Users\hardi\Downloads\medicinal plants detection\dataset\Indian Medicinal Leaves Image Datasets\Datasets_Plant\Honge\3164.jpg,Honge,Honge,whole_plant,train
C:\Users\hardi\Downloads\medicinal plants detection\dataset\Indian Medicinal Leaves Image Datasets\Datasets_Plant\Honge\3168.jpg,Honge,Honge,whole_plant,train
C:\Users\hardi\Downloads\medicinal plants detection\dataset\Indian Medicinal Leaves Image Datasets\Datasets_Plant\Honge\3181.jpg,Honge,Honge,whole_plant,train
C:\Users\hardi\Downloads\medicinal plants detection\dataset\Indian Medicinal Leaves Image Datasets\Datasets_Plant\Honge\3225.jpg,Honge,Honge,whole_plant,train
C:\Users\hardi\Downloads\medicinal plants detection\dataset\Indian Medicinal Leaves Image Datasets\Datasets_Plant\Honge\3129.jpg,Honge,Honge,whole_plant,train
C:\Users\hardi\Downloads\medicinal plants detection\dataset\Indian Medicinal Leaves Image Datasets\Datasets_Plant\Honge\3193.jpg,Honge,Honge,whole_plant,train
C:\Users\hardi\Downloads\medicinal plants detection\dataset\Indian Medicinal Leaves Image Datasets\Datasets_Plant\Honge\3219.jpg,Honge,Honge,whole_plant,train
C:\Users\hardi\Downloads\medicinal plants detection\dataset\Indian Medicinal Leaves Image Datasets\Datasets_Plant\Honge\3155.jpg,Honge,Honge,whole_plant,train
C:\Users\hardi\Downloads\medicinal plants detection\dataset\Indian Medicinal Leaves Image Datasets\Datasets_Plant\Honge\3180.jpg,Honge,Honge,whole_plant,train
C:\Users\hardi\Downloads\medicinal plants detection\dataset\Indian Medicinal Leaves Image Datasets\Datasets_Plant\Honge\3186.jpg,Honge,Honge,whole_plant,train
C:\Users\hardi\Downloads\medicinal plants detection\dataset\Indian Medicinal Leaves Image Datasets\Datasets_Plant\Honge\3206.jpg,Honge,Honge,whole_plant,train
C:\Users\hardi\Downloads\medicinal plants detection\dataset\Indian Medicinal Leaves Image Datasets\Datasets_Plant\Honge\3247.jpg,Honge,Honge,whole_plant,train
C:\Users\hardi\Downloads\medicinal plants detection\dataset\Indian Medicinal Leaves Image Datasets\Datasets_Plant\Honge\3240.jpg,Honge,Honge,whole_plant,train
C:\Users\hardi\Downloads\medicinal plants detection\dataset\Indian Medicinal Leaves Image Datasets\Datasets_Plant\Honge\3146.jpg,Honge,Honge,whole_plant,train
C:\Users\hardi\Downloads\medicinal plants detection\dataset\Indian Medicinal Leaves Image Datasets\Datasets_Plant\Honge\3213.jpg,Honge,Honge,whole_plant,train
C:\Users\hardi\Downloads\medicinal plants detection\dataset\Indian Medicinal Leaves Image Datasets\Datasets_Plant\Honge\3136.jpg,Honge,Honge,whole_plant,train
C:\Users\hardi\Downloads\medicinal plants detection\dataset\Indian Medicinal Leaves Image Datasets\Datasets_Plant\Honge\231.jpg,Honge,Honge,whole_plant,train
C:\Users\hardi\Downloads\medicinal plants detection\dataset\Indian Medicinal Leaves Image Datasets\Datasets_Plant\Honge\3149.jpg,Honge,Honge,whole_plant,train
C:\Users\hardi\Downloads\medicinal plants detection\dataset\Indian Medicinal Leaves Image Datasets\Datasets_Plant\Honge\748.jpg,Honge,Honge,whole_plant,train
C:\Users\hardi\Downloads\medicinal plants detection\dataset\Indian Medicinal Leaves Image Datasets\Datasets_Plant\Honge\3220.jpg,Honge,Honge,whole_plant,train
C:\Users\hardi\Downloads\medicinal plants detection\dataset\Indian Medicinal Leaves Image Datasets\Datasets_Plant\Honge\3162.jpg,Honge,Honge,whole_plant,train
C:\Users\hardi\Downloads\medicinal plants detection\dataset\Indian Medicinal Leaves Image Datasets\Datasets_Plant\Honge\3233.jpg,Honge,Honge,whole_plant,train
C:\Users\hardi\Downloads\medicinal plants detection\dataset\Indian Medicinal Leaves Image Datasets\Datasets_Plant\Honge\3205.jpg,Honge,Honge,whole_plant,train
C:\Users\hardi\Downloads\medicinal plants detection\dataset\Indian Medicinal Leaves Image Datasets\Datasets_Plant\Honge\3214.jpg,Honge,Honge,whole_plant,train
C:\Users\hardi\Downloads\medicinal plants detection\dataset\Indian Medicinal Leaves Image Datasets\Datasets_Plant\Honge\3229.jpg,Honge,Honge,whole_plant,train
C:\Users\hardi\Downloads\medicinal plants detection\dataset\Indian Medicinal Leaves Image Datasets\Datasets_Plant\Honge\3211.jpg,Honge,Honge,whole_plant,train
C:\Users\hardi\Downloads\medicinal plants detection\dataset\Indian Medicinal Leaves Image Datasets\Datasets_Plant\Honge\3221.jpg,Honge,Honge,whole_plant,train
C:\Users\hardi\Downloads\medicinal plants detection\dataset\Indian Medicinal Leaves Image Datasets\Datasets_Plant\Honge\3200.jpg,Honge,Honge,whole_plant,train
C:\Users\hardi\Downloads\medicinal plants detection\dataset\Indian Medicinal Leaves Image Datasets\Datasets_Plant\Honge\3210.jpg,Honge,Honge,whole_plant,train
C:\Users\hardi\Downloads\medicinal plants detection\dataset\Indian Medicinal Leaves Image Datasets\Datasets_Plant\Honge\3215.jpg,Honge,Honge,whole_plant,train
C:\Users\hardi\Downloads\medicinal plants detection\dataset\Indian Medicinal Leaves Image Datasets\Datasets_Plant\Honge\3144.jpg,Honge,Honge,whole_plant,train
C:\Users\hardi\Downloads\medicinal plants detection\dataset\Indian Medicinal Leaves Image Datasets\Datasets_Plant\Honge\3199.jpg,Honge,Honge,whole_plant,train
C:\Users\hardi\Downloads\medicinal plants detection\dataset\Indian Medicinal Leaves Image Datasets\Datasets_Plant\Honge\3216.jpg,Honge,Honge,whole_plant,train
C:\Users\hardi\Downloads\medicinal plants detection\dataset\Indian Medicinal Leaves Image Datasets\Datasets_Plant\Honge\745.jpg,Honge,Honge,whole_plant,train
C:\Users\hardi\Downloads\medicinal plants detection\dataset\Indian Medicinal Leaves Image Datasets\Datasets_Plant\Honge\3139.jpg,Honge,Honge,whole_plant,train
C:\Users\hardi\Downloads\medicinal plants detection\dataset\Indian Medicinal Leaves Image Datasets\Datasets_Plant\Honge\3188.jpg,Honge,Honge,whole_plant,train
C:\Users\hardi\Downloads\medicinal plants detection\dataset\Indian Medicinal Leaves Image Datasets\Datasets_Plant\Honge\3161.jpg,Honge,Honge,whole_plant,train
C:\Users\hardi\Downloads\medicinal plants detection\dataset\Indian Medicinal Leaves Image Datasets\Datasets_Plant\Honge\3194.jpg,Honge,Honge,whole_plant,train
C:\Users\hardi\Downloads\medicinal plants detection\dataset\Indian Medicinal Leaves Image Datasets\Datasets_Plant\Honge\3195.jpg,Honge,Honge,whole_plant,train
C:\Users\hardi\Downloads\medicinal plants detection\dataset\Indian Medicinal Leaves Image Datasets\Datasets_Plant\Honge\3152.jpg,Honge,Honge,whole_plant,train
C:\Users\hardi\Downloads\medicinal plants detection\dataset\Indian Medicinal Leaves Image Datasets\Datasets_Plant\Honge\752.jpg,Honge,Honge,whole_plant,train
C:\Users\hardi\Downloads\medicinal plants detection\dataset\Indian Medicinal Leaves Image Datasets\Datasets_Plant\Honge\232.jpg,Honge,Honge,whole_plant,train
C:\Users\hardi\Downloads\medicinal plants detection\dataset\Indian Medicinal Leaves Image Datasets\Datasets_Plant\Honge\3243.jpg,Honge,Honge,whole_plant,train
C:\Users\hardi\Downloads\medicinal plants detection\dataset\Indian Medicinal Leaves Image Datasets\Datasets_Plant\Honge\3130.jpg,Honge,Honge,whole_plant,train
C:\Users\hardi\Downloads\medicinal plants detection\dataset\Indian Medicinal Leaves Image Datasets\Datasets_Plant\Honge\3183.jpg,Honge,Honge,whole_plant,train
C:\Users\hardi\Downloads\medicinal plants detection\dataset\Indian Medicinal Leaves Image Datasets\Datasets_Plant\Honge\3173.jpg,Honge,Honge,whole_plant,train
C:\Users\hardi\Downloads\medicinal plants detection\dataset\Indian Medicinal Leaves Image Datasets\Datasets_Plant\Honge\3208.jpg,Honge,Honge,whole_plant,train
C:\Users\hardi\Downloads\medicinal plants detection\dataset\Indian Medicinal Leaves Image Datasets\Datasets_Plant\Honge\227.jpg,Honge,Honge,whole_plant,train
C:\Users\hardi\Downloads\medicinal plants detection\dataset\Indian Medicinal Leaves Image Datasets\Datasets_Plant\Honge\3148.jpg,Honge,Honge,whole_plant,val
C:\Users\hardi\Downloads\medicinal plants detection\dataset\Indian Medicinal Leaves Image Datasets\Datasets_Plant\Honge\3192.jpg,Honge,Honge,whole_plant,val
C:\Users\hardi\Downloads\medicinal plants detection\dataset\Indian Medicinal Leaves Image Datasets\Datasets_Plant\Honge\3159.jpg,Honge,Honge,whole_plant,val
C:\Users\hardi\Downloads\medicinal plants detection\dataset\Indian Medicinal Leaves Image Datasets\Datasets_Plant\Honge\3160.jpg,Honge,Honge,whole_plant,val
C:\Users\hardi\Downloads\medicinal plants detection\dataset\Indian Medicinal Leaves Image Datasets\Datasets_Plant\Honge\234.jpg,Honge,Honge,whole_plant,val
C:\Users\hardi\Downloads\medicinal plants detection\dataset\Indian Medicinal Leaves Image Datasets\Datasets_Plant\Honge\3163.jpg,Honge,Honge,whole_plant,val
C:\Users\hardi\Downloads\medicinal plants detection\dataset\Indian Medicinal Leaves Image Datasets\Datasets_Plant\Honge\233.jpg,Honge,Honge,whole_plant,val
C:\Users\hardi\Downloads\medicinal plants detection\dataset\Indian Medicinal Leaves Image Datasets\Datasets_Plant\Honge\3128.jpg,Honge,Honge,whole_plant,val
C:\Users\hardi\Downloads\medicinal plants detection\dataset\Indian Medicinal Leaves Image Datasets\Datasets_Plant\Honge\3230.jpg,Honge,Honge,whole_plant,val
C:\Users\hardi\Downloads\medicinal plants detection\dataset\Indian Medicinal Leaves Image Datasets\Datasets_Plant\Honge\3235.jpg,Honge,Honge,whole_plant,val
C:\Users\hardi\Downloads\medicinal plants detection\dataset\Indian Medicinal Leaves Image Datasets\Datasets_Plant\Honge\3142.jpg,Honge,Honge,whole_plant,val
C:\Users\hardi\Downloads\medicinal plants detection\dataset\Indian Medicinal Leaves Image Datasets\Datasets_Plant\Honge\3134.jpg,Honge,Honge,whole_plant,val
C:\Users\hardi\Downloads\medicinal plants detection\dataset\Indian Medicinal Leaves Image Datasets\Datasets_Plant\Honge\3239.jpg,Honge,Honge,whole_plant,val
C:\Users\hardi\Downloads\medicinal plants detection\dataset\Indian Medicinal Leaves Image Datasets\Datasets_Plant\Honge\3158.jpg,Honge,Honge,whole_plant,val
C:\Users\hardi\Downloads\medicinal plants detection\dataset\Indian Medicinal Leaves Image Datasets\Datasets_Plant\Honge\3169.jpg,Honge,Honge,whole_plant,val
C:\Users\hardi\Downloads\medicinal plants detection\dataset\Indian Medicinal Leaves Image Datasets\Datasets_Plant\Honge\3204.jpg,Honge,Honge,whole_plant,val
C:\Users\hardi\Downloads\medicinal plants detection\dataset\Indian Medicinal Leaves Image Datasets\Datasets_Plant\Honge\3135.jpg,Honge,Honge,whole_plant,val
C:\Users\hardi\Downloads\medicinal plants detection\dataset\Indian Medicinal Leaves Image Datasets\Datasets_Plant\Honge\3238.jpg,Honge,Honge,whole_plant,val
C:\Users\hardi\Downloads\medicinal plants detection\dataset\Indian Medicinal Leaves Image Datasets\Datasets_Plant\Honge\3212.jpg,Honge,Honge,whole_plant,val
C:\Users\hardi\Downloads\medicinal plants detection\dataset\Indian Medicinal Leaves Image Datasets\Datasets_Plant\Honge\222.jpg,Honge,Honge,whole_plant,val
C:\Users\hardi\Downloads\medicinal plants detection\dataset\Indian Medicinal Leaves Image Datasets\Datasets_Plant\Honge\3226.jpg,Honge,Honge,whole_plant,val
C:\Users\hardi\Downloads\medicinal plants detection\dataset\Indian Medicinal Leaves Image Datasets\Datasets_Plant\Honge\3218.jpg,Honge,Honge,whole_plant,test
C:\Users\hardi\Downloads\medicinal plants detection\dataset\Indian Medicinal Leaves Image Datasets\Datasets_Plant\Honge\749.jpg,Honge,Honge,whole_plant,test
C:\Users\hardi\Downloads\medicinal plants detection\dataset\Indian Medicinal Leaves Image Datasets\Datasets_Plant\Honge\3190.jpg,Honge,Honge,whole_plant,test
C:\Users\hardi\Downloads\medicinal plants detection\dataset\Indian Medicinal Leaves Image Datasets\Datasets_Plant\Honge\750.jpg,Honge,Honge,whole_plant,test
C:\Users\hardi\Downloads\medicinal plants detection\dataset\Indian Medicinal Leaves Image Datasets\Datasets_Plant\Honge\3171.jpg,Honge,Honge,whole_plant,test
C:\Users\hardi\Downloads\medicinal plants detection\dataset\Indian Medicinal Leaves Image Datasets\Datasets_Plant\Honge\3222.jpg,Honge,Honge,whole_plant,test
C:\Users\hardi\Downloads\medicinal plants detection\dataset\Indian Medicinal Leaves Image Datasets\Datasets_Plant\Honge\3165.jpg,Honge,Honge,whole_plant,test
C:\Users\hardi\Downloads\medicinal plants detection\dataset\Indian Medicinal Leaves Image Datasets\Datasets_Plant\Honge\753.jpg,Honge,Honge,whole_plant,test
C:\Users\hardi\Downloads\medicinal plants detection\dataset\Indian Medicinal Leaves Image Datasets\Datasets_Plant\Honge\3244.jpg,Honge,Honge,whole_plant,test
C:\Users\hardi\Downloads\medicinal plants detection\dataset\Indian Medicinal Leaves Image Datasets\Datasets_Plant\Honge\3174.jpg,Honge,Honge,whole_plant,test
C:\Users\hardi\Downloads\medicinal plants detection\dataset\Indian Medicinal Leaves Image Datasets\Datasets_Plant\Honge\3170.jpg,Honge,Honge,whole_plant,test
C:\Users\hardi\Downloads\medicinal plants detection\dataset\Indian Medicinal Leaves Image Datasets\Datasets_Plant\Honge\3138.jpg,Honge,Honge,whole_plant,test
C:\Users\hardi\Downloads\medicinal plants detection\dataset\Indian Medicinal Leaves Image Datasets\Datasets_Plant\Honge\229.jpg,Honge,Honge,whole_plant,test
C:\Users\hardi\Downloads\medicinal plants detection\dataset\Indian Medicinal Leaves Image Datasets\Datasets_Plant\Honge\230.jpg,Honge,Honge,whole_plant,test
C:\Users\hardi\Downloads\medicinal plants detection\dataset\Indian Medicinal Leaves Image Datasets\Datasets_Plant\Honge\3223.jpg,Honge,Honge,whole_plant,test
C:\Users\hardi\Downloads\medicinal plants detection\dataset\Indian Medicinal Leaves Image Datasets\Datasets_Plant\Honge\3137.jpg,Honge,Honge,whole_plant,test
C:\Users\hardi\Downloads\medicinal plants detection\dataset\Indian Medicinal Leaves Image Datasets\Datasets_Plant\Honge\3141.jpg,Honge,Honge,whole_plant,test
C:\Users\hardi\Downloads\medicinal plants detection\dataset\Indian Medicinal Leaves Image Datasets\Datasets_Plant\Honge\3150.jpg,Honge,Honge,whole_plant,test
C:\Users\hardi\Downloads\medicinal plants detection\dataset\Indian Medicinal Leaves Image Datasets\Datasets_Plant\Honge\3172.jpg,Honge,Honge,whole_plant,test
C:\Users\hardi\Downloads\medicinal plants detection\dataset\Indian Medicinal Leaves Image Datasets\Datasets_Plant\Honge\3177.jpg,Honge,Honge,whole_plant,test
C:\Users\hardi\Downloads\medicinal plants detection\dataset\Indian Medicinal Leaves Image Datasets\Datasets_Plant\Honge\3185.jpg,Honge,Honge,whole_plant,test
C:\Users\hardi\Downloads\medicinal plants detection\dataset\Indian Medicinal Leaves Image Datasets\Datasets_Plant\Honge\228.jpg,Honge,Honge,whole_plant,test
C:\Users\hardi\Downloads\medicinal plants detection\dataset\Indian Medicinal Leaves Image Datasets\Datasets_Plant\Honge\3143.jpg,Honge,Honge,whole_plant,test
C:\Users\hardi\Downloads\medicinal plants detection\dataset\Indian Medicinal Leaves Image Datasets\Datasets_Plant\Insulin\5811.jpg,Insulin,Insulin,whole_plant,train
C:\Users\hardi\Downloads\medicinal plants detection\dataset\Indian Medicinal Leaves Image Datasets\Datasets_Plant\Insulin\5765.jpg,Insulin,Insulin,whole_plant,train
C:\Users\hardi\Downloads\medicinal plants detection\dataset\Indian Medicinal Leaves Image Datasets\Datasets_Plant\Insulin\5824.jpg,Insulin,Insulin,whole_plant,train
C:\Users\hardi\Downloads\medicinal plants detection\dataset\Indian Medicinal Leaves Image Datasets\Datasets_Plant\Insulin\1024.jpg,Insulin,Insulin,whole_plant,train
C:\Users\hardi\Downloads\medicinal plants detection\dataset\Indian Medicinal Leaves Image Datasets\Datasets_Plant\Insulin\5743.jpg,Insulin,Insulin,whole_plant,train
C:\Users\hardi\Downloads\medicinal plants detection\dataset\Indian Medicinal Leaves Image Datasets\Datasets_Plant\Insulin\498.jpg,Insulin,Insulin,whole_plant,train
C:\Users\hardi\Downloads\medicinal plants detection\dataset\Indian Medicinal Leaves Image Datasets\Datasets_Plant\Insulin\5757.jpg,Insulin,Insulin,whole_plant,train
C:\Users\hardi\Downloads\medicinal plants detection\dataset\Indian Medicinal Leaves Image Datasets\Datasets_Plant\Insulin\5782.jpg,Insulin,Insulin,whole_plant,train
C:\Users\hardi\Downloads\medicinal plants detection\dataset\Indian Medicinal Leaves Image Datasets\Datasets_Plant\Insulin\5729.jpg,Insulin,Insulin,whole_plant,train
C:\Users\hardi\Downloads\medicinal plants detection\dataset\Indian Medicinal Leaves Image Datasets\Datasets_Plant\Insulin\5792.jpg,Insulin,Insulin,whole_plant,train
C:\Users\hardi\Downloads\medicinal plants detection\dataset\Indian Medicinal Leaves Image Datasets\Datasets_Plant\Insulin\1016.jpg,Insulin,Insulin,whole_plant,train
C:\Users\hardi\Downloads\medicinal plants detection\dataset\Indian Medicinal Leaves Image Datasets\Datasets_Plant\Insulin\5816.jpg,Insulin,Insulin,whole_plant,train
C:\Users\hardi\Downloads\medicinal plants detection\dataset\Indian Medicinal Leaves Image Datasets\Datasets_Plant\Insulin\5784.jpg,Insulin,Insulin,whole_plant,train
C:\Users\hardi\Downloads\medicinal plants detection\dataset\Indian Medicinal Leaves Image Datasets\Datasets_Plant\Insulin\5810.jpg,Insulin,Insulin,whole_plant,train
C:\Users\hardi\Downloads\medicinal plants detection\dataset\Indian Medicinal Leaves Image Datasets\Datasets_Plant\Insulin\5808.jpg,Insulin,Insulin,whole_plant,train
C:\Users\hardi\Downloads\medicinal plants detection\dataset\Indian Medicinal Leaves Image Datasets\Datasets_Plant\Insulin\5781.jpg,Insulin,Insulin,whole_plant,train
C:\Users\hardi\Downloads\medicinal plants detection\dataset\Indian Medicinal Leaves Image Datasets\Datasets_Plant\Insulin\5797.jpg,Insulin,Insulin,whole_plant,train
C:\Users\hardi\Downloads\medicinal plants detection\dataset\Indian Medicinal Leaves Image Datasets\Datasets_Plant\Insulin\5711.jpg,Insulin,Insulin,whole_plant,train
C:\Users\hardi\Downloads\medicinal plants detection\dataset\Indian Medicinal Leaves Image Datasets\Datasets_Plant\Insulin\500.jpg,Insulin,Insulin,whole_plant,train
C:\Users\hardi\Downloads\medicinal plants detection\dataset\Indian Medicinal Leaves Image Datasets\Datasets_Plant\Insulin\5745.jpg,Insulin,Insulin,whole_plant,train
C:\Users\hardi\Downloads\medicinal plants detection\dataset\Indian Medicinal Leaves Image Datasets\Datasets_Plant\Insulin\503.jpg,Insulin,Insulin,whole_plant,train
C:\Users\hardi\Downloads\medicinal plants detection\dataset\Indian Medicinal Leaves Image Datasets\Datasets_Plant\Insulin\5769.jpg,Insulin,Insulin,whole_plant,train
C:\Users\hardi\Downloads\medicinal plants detection\dataset\Indian Medicinal Leaves Image Datasets\Datasets_Plant\Insulin\5812.jpg,Insulin,Insulin,whole_plant,train
C:\Users\hardi\Downloads\medicinal plants detection\dataset\Indian Medicinal Leaves Image Datasets\Datasets_Plant\Insulin\5716.jpg,Insulin,Insulin,whole_plant,train
C:\Users\hardi\Downloads\medicinal plants detection\dataset\Indian Medicinal Leaves Image Datasets\Datasets_Plant\Insulin\5773.jpg,Insulin,Insulin,whole_plant,train
C:\Users\hardi\Downloads\medicinal plants detection\dataset\Indian Medicinal Leaves Image Datasets\Datasets_Plant\Insulin\5732.jpg,Insulin,Insulin,whole_plant,train
C:\Users\hardi\Downloads\medicinal plants detection\dataset\Indian Medicinal Leaves Image Datasets\Datasets_Plant\Insulin\5719.jpg,Insulin,Insulin,whole_plant,train
C:\Users\hardi\Downloads\medicinal plants detection\dataset\Indian Medicinal Leaves Image Datasets\Datasets_Plant\Insulin\5710.jpg,Insulin,Insulin,whole_plant,train
C:\Users\hardi\Downloads\medicinal plants detection\dataset\Indian Medicinal Leaves Image Datasets\Datasets_Plant\Insulin\5805.jpg,Insulin,Insulin,whole_plant,train
C:\Users\hardi\Downloads\medicinal plants detection\dataset\Indian Medicinal Leaves Image Datasets\Datasets_Plant\Insulin\5730.jpg,Insulin,Insulin,whole_plant,train
C:\Users\hardi\Downloads\medicinal plants detection\dataset\Indian Medicinal Leaves Image Datasets\Datasets_Plant\Insulin\5712.jpg,Insulin,Insulin,whole_plant,train
C:\Users\hardi\Downloads\medicinal plants detection\dataset\Indian Medicinal Leaves Image Datasets\Datasets_Plant\Insulin\5803.jpg,Insulin,Insulin,whole_plant,train
C:\Users\hardi\Downloads\medicinal plants detection\dataset\Indian Medicinal Leaves Image Datasets\Datasets_Plant\Insulin\5754.jpg,Insulin,Insulin,whole_plant,train
C:\Users\hardi\Downloads\medicinal plants detection\dataset\Indian Medicinal Leaves Image Datasets\Datasets_Plant\Insulin\5779.jpg,Insulin,Insulin,whole_plant,train
C:\Users\hardi\Downloads\medicinal plants detection\dataset\Indian Medicinal Leaves Image Datasets\Datasets_Plant\Insulin\5736.jpg,Insulin,Insulin,whole_plant,train
C:\Users\hardi\Downloads\medicinal plants detection\dataset\Indian Medicinal Leaves Image Datasets\Datasets_Plant\Insulin\5731.jpg,Insulin,Insulin,whole_plant,train
C:\Users\hardi\Downloads\medicinal plants detection\dataset\Indian Medicinal Leaves Image Datasets\Datasets_Plant\Insulin\5804.jpg,Insulin,Insulin,whole_plant,train
C:\Users\hardi\Downloads\medicinal plants detection\dataset\Indian Medicinal Leaves Image Datasets\Datasets_Plant\Insulin\5796.jpg,Insulin,Insulin,whole_plant,train
C:\Users\hardi\Downloads\medicinal plants detection\dataset\Indian Medicinal Leaves Image Datasets\Datasets_Plant\Insulin\1017.jpg,Insulin,Insulin,whole_plant,train
C:\Users\hardi\Downloads\medicinal plants detection\dataset\Indian Medicinal Leaves Image Datasets\Datasets_Plant\Insulin\5822.jpg,Insulin,Insulin,whole_plant,train
C:\Users\hardi\Downloads\medicinal plants detection\dataset\Indian Medicinal Leaves Image Datasets\Datasets_Plant\Insulin\5806.jpg,Insulin,Insulin,whole_plant,train
C:\Users\hardi\Downloads\medicinal plants detection\dataset\Indian Medicinal Leaves Image Datasets\Datasets_Plant\Insulin\5746.jpg,Insulin,Insulin,whole_plant,train
C:\Users\hardi\Downloads\medicinal plants detection\dataset\Indian Medicinal Leaves Image Datasets\Datasets_Plant\Insulin\496.jpg,Insulin,Insulin,whole_plant,train
C:\Users\hardi\Downloads\medicinal plants detection\dataset\Indian Medicinal Leaves Image Datasets\Datasets_Plant\Insulin\5799.jpg,Insulin,Insulin,whole_plant,train
C:\Users\hardi\Downloads\medicinal plants detection\dataset\Indian Medicinal Leaves Image Datasets\Datasets_Plant\Insulin\5740.jpg,Insulin,Insulin,whole_plant,train
C:\Users\hardi\Downloads\medicinal plants detection\dataset\Indian Medicinal Leaves Image Datasets\Datasets_Plant\Insulin\5787.jpg,Insulin,Insulin,whole_plant,train
C:\Users\hardi\Downloads\medicinal plants detection\dataset\Indian Medicinal Leaves Image Datasets\Datasets_Plant\Insulin\5741.jpg,Insulin,Insulin,whole_plant,train
C:\Users\hardi\Downloads\medicinal plants detection\dataset\Indian Medicinal Leaves Image Datasets\Datasets_Plant\Insulin\5759.jpg,Insulin,Insulin,whole_plant,train
C:\Users\hardi\Downloads\medicinal plants detection\dataset\Indian Medicinal Leaves Image Datasets\Datasets_Plant\Insulin\5752.jpg,Insulin,Insulin,whole_plant,train
C:\Users\hardi\Downloads\medicinal plants detection\dataset\Indian Medicinal Leaves Image Datasets\Datasets_Plant\Insulin\5798.jpg,Insulin,Insulin,whole_plant,train
C:\Users\hardi\Downloads\medicinal plants detection\dataset\Indian Medicinal Leaves Image Datasets\Datasets_Plant\Insulin\5768.jpg,Insulin,Insulin,whole_plant,train
C:\Users\hardi\Downloads\medicinal plants detection\dataset\Indian Medicinal Leaves Image Datasets\Datasets_Plant\Insulin\5747.jpg,Insulin,Insulin,whole_plant,train
C:\Users\hardi\Downloads\medicinal plants detection\dataset\Indian Medicinal Leaves Image Datasets\Datasets_Plant\Insulin\5714.jpg,Insulin,Insulin,whole_plant,train
C:\Users\hardi\Downloads\medicinal plants detection\dataset\Indian Medicinal Leaves Image Datasets\Datasets_Plant\Insulin\5762.jpg,Insulin,Insulin,whole_plant,train
C:\Users\hardi\Downloads\medicinal plants detection\dataset\Indian Medicinal Leaves Image Datasets\Datasets_Plant\Insulin\5720.jpg,Insulin,Insulin,whole_plant,train
C:\Users\hardi\Downloads\medicinal plants detection\dataset\Indian Medicinal Leaves Image Datasets\Datasets_Plant\Insulin\5718.jpg,Insulin,Insulin,whole_plant,train
C:\Users\hardi\Downloads\medicinal plants detection\dataset\Indian Medicinal Leaves Image Datasets\Datasets_Plant\Insulin\1019.jpg,Insulin,Insulin,whole_plant,train
C:\Users\hardi\Downloads\medicinal plants detection\dataset\Indian Medicinal Leaves Image Datasets\Datasets_Plant\Insulin\5721.jpg,Insulin,Insulin,whole_plant,train
C:\Users\hardi\Downloads\medicinal plants detection\dataset\Indian Medicinal Leaves Image Datasets\Datasets_Plant\Insulin\5780.jpg,Insulin,Insulin,whole_plant,train
C:\Users\hardi\Downloads\medicinal plants detection\dataset\Indian Medicinal Leaves Image Datasets\Datasets_Plant\Insulin\5739.jpg,Insulin,Insulin,whole_plant,train
C:\Users\hardi\Downloads\medicinal plants detection\dataset\Indian Medicinal Leaves Image Datasets\Datasets_Plant\Insulin\5774.jpg,Insulin,Insulin,whole_plant,train
C:\Users\hardi\Downloads\medicinal plants detection\dataset\Indian Medicinal Leaves Image Datasets\Datasets_Plant\Insulin\499.jpg,Insulin,Insulin,whole_plant,train
C:\Users\hardi\Downloads\medicinal plants detection\dataset\Indian Medicinal Leaves Image Datasets\Datasets_Plant\Insulin\5722.jpg,Insulin,Insulin,whole_plant,train
C:\Users\hardi\Downloads\medicinal plants detection\dataset\Indian Medicinal Leaves Image Datasets\Datasets_Plant\Insulin\5817.jpg,Insulin,Insulin,whole_plant,train
C:\Users\hardi\Downloads\medicinal plants detection\dataset\Indian Medicinal Leaves Image Datasets\Datasets_Plant\Insulin\5775.jpg,Insulin,Insulin,whole_plant,train
C:\Users\hardi\Downloads\medicinal plants detection\dataset\Indian Medicinal Leaves Image Datasets\Datasets_Plant\Insulin\5727.jpg,Insulin,Insulin,whole_plant,train
C:\Users\hardi\Downloads\medicinal plants detection\dataset\Indian Medicinal Leaves Image Datasets\Datasets_Plant\Insulin\5789.jpg,Insulin,Insulin,whole_plant,train
C:\Users\hardi\Downloads\medicinal plants detection\dataset\Indian Medicinal Leaves Image Datasets\Datasets_Plant\Insulin\5763.jpg,Insulin,Insulin,whole_plant,train
C:\Users\hardi\Downloads\medicinal plants detection\dataset\Indian Medicinal Leaves Image Datasets\Datasets_Plant\Insulin\5788.jpg,Insulin,Insulin,whole_plant,train
C:\Users\hardi\Downloads\medicinal plants detection\dataset\Indian Medicinal Leaves Image Datasets\Datasets_Plant\Insulin\5815.jpg,Insulin,Insulin,whole_plant,train
C:\Users\hardi\Downloads\medicinal plants detection\dataset\Indian Medicinal Leaves Image Datasets\Datasets_Plant\Insulin\5767.jpg,Insulin,Insulin,whole_plant,train
C:\Users\hardi\Downloads\medicinal plants detection\dataset\Indian Medicinal Leaves Image Datasets\Datasets_Plant\Insulin\5776.jpg,Insulin,Insulin,whole_plant,train
C:\Users\hardi\Downloads\medicinal plants detection\dataset\Indian Medicinal Leaves Image Datasets\Datasets_Plant\Insulin\5795.jpg,Insulin,Insulin,whole_plant,train
C:\Users\hardi\Downloads\medicinal plants detection\dataset\Indian Medicinal Leaves Image Datasets\Datasets_Plant\Insulin\5766.jpg,Insulin,Insulin,whole_plant,train
C:\Users\hardi\Downloads\medicinal plants detection\dataset\Indian Medicinal Leaves Image Datasets\Datasets_Plant\Insulin\5801.jpg,Insulin,Insulin,whole_plant,train
C:\Users\hardi\Downloads\medicinal plants detection\dataset\Indian Medicinal Leaves Image Datasets\Datasets_Plant\Insulin\5809.jpg,Insulin,Insulin,whole_plant,train
C:\Users\hardi\Downloads\medicinal plants detection\dataset\Indian Medicinal Leaves Image Datasets\Datasets_Plant\Insulin\5771.jpg,Insulin,Insulin,whole_plant,train
C:\Users\hardi\Downloads\medicinal plants detection\dataset\Indian Medicinal Leaves Image Datasets\Datasets_Plant\Insulin\5814.jpg,Insulin,Insulin,whole_plant,train
C:\Users\hardi\Downloads\medicinal plants detection\dataset\Indian Medicinal Leaves Image Datasets\Datasets_Plant\Insulin\506.jpg,Insulin,Insulin,whole_plant,train
C:\Users\hardi\Downloads\medicinal plants detection\dataset\Indian Medicinal Leaves Image Datasets\Datasets_Plant\Insulin\5753.jpg,Insulin,Insulin,whole_plant,train
C:\Users\hardi\Downloads\medicinal plants detection\dataset\Indian Medicinal Leaves Image Datasets\Datasets_Plant\Insulin\5726.jpg,Insulin,Insulin,whole_plant,train
C:\Users\hardi\Downloads\medicinal plants detection\dataset\Indian Medicinal Leaves Image Datasets\Datasets_Plant\Insulin\5760.jpg,Insulin,Insulin,whole_plant,train
C:\Users\hardi\Downloads\medicinal plants detection\dataset\Indian Medicinal Leaves Image Datasets\Datasets_Plant\Insulin\5761.jpg,Insulin,Insulin,whole_plant,train
C:\Users\hardi\Downloads\medicinal plants detection\dataset\Indian Medicinal Leaves Image Datasets\Datasets_Plant\Insulin\5717.jpg,Insulin,Insulin,whole_plant,train
C:\Users\hardi\Downloads\medicinal plants detection\dataset\Indian Medicinal Leaves Image Datasets\Datasets_Plant\Insulin\5823.jpg,Insulin,Insulin,whole_plant,train
C:\Users\hardi\Downloads\medicinal plants detection\dataset\Indian Medicinal Leaves Image Datasets\Datasets_Plant\Insulin\1025.jpg,Insulin,Insulin,whole_plant,train
C:\Users\hardi\Downloads\medicinal plants detection\dataset\Indian Medicinal Leaves Image Datasets\Datasets_Plant\Insulin\5777.jpg,Insulin,Insulin,whole_plant,train
C:\Users\hardi\Downloads\medicinal plants detection\dataset\Indian Medicinal Leaves Image Datasets\Datasets_Plant\Insulin\497.jpg,Insulin,Insulin,whole_plant,train
C:\Users\hardi\Downloads\medicinal plants detection\dataset\Indian Medicinal Leaves Image Datasets\Datasets_Plant\Insulin\5748.jpg,Insulin,Insulin,whole_plant,train
C:\Users\hardi\Downloads\medicinal plants detection\dataset\Indian Medicinal Leaves Image Datasets\Datasets_Plant\Insulin\5738.jpg,Insulin,Insulin,whole_plant,train
C:\Users\hardi\Downloads\medicinal plants detection\dataset\Indian Medicinal Leaves Image Datasets\Datasets_Plant\Insulin\1020.jpg,Insulin,Insulin,whole_plant,train
C:\Users\hardi\Downloads\medicinal plants detection\dataset\Indian Medicinal Leaves Image Datasets\Datasets_Plant\Insulin\5713.jpg,Insulin,Insulin,whole_plant,train
C:\Users\hardi\Downloads\medicinal plants detection\dataset\Indian Medicinal Leaves Image Datasets\Datasets_Plant\Insulin\5807.jpg,Insulin,Insulin,whole_plant,train
C:\Users\hardi\Downloads\medicinal plants detection\dataset\Indian Medicinal Leaves Image Datasets\Datasets_Plant\Insulin\5724.jpg,Insulin,Insulin,whole_plant,train
C:\Users\hardi\Downloads\medicinal plants detection\dataset\Indian Medicinal Leaves Image Datasets\Datasets_Plant\Insulin\5725.jpg,Insulin,Insulin,whole_plant,train
C:\Users\hardi\Downloads\medicinal plants detection\dataset\Indian Medicinal Leaves Image Datasets\Datasets_Plant\Insulin\1027.jpg,Insulin,Insulin,whole_plant,train
C:\Users\hardi\Downloads\medicinal plants detection\dataset\Indian Medicinal Leaves Image Datasets\Datasets_Plant\Insulin\5728.jpg,Insulin,Insulin,whole_plant,train
C:\Users\hardi\Downloads\medicinal plants detection\dataset\Indian Medicinal Leaves Image Datasets\Datasets_Plant\Insulin\1026.jpg,Insulin,Insulin,whole_plant,train
C:\Users\hardi\Downloads\medicinal plants detection\dataset\Indian Medicinal Leaves Image Datasets\Datasets_Plant\Insulin\495.jpg,Insulin,Insulin,whole_plant,val
C:\Users\hardi\Downloads\medicinal plants detection\dataset\Indian Medicinal Leaves Image Datasets\Datasets_Plant\Insulin\5786.jpg,Insulin,Insulin,whole_plant,val
C:\Users\hardi\Downloads\medicinal plants detection\dataset\Indian Medicinal Leaves Image Datasets\Datasets_Plant\Insulin\5791.jpg,Insulin,Insulin,whole_plant,val
C:\Users\hardi\Downloads\medicinal plants detection\dataset\Indian Medicinal Leaves Image Datasets\Datasets_Plant\Insulin\5707.jpg,Insulin,Insulin,whole_plant,val
C:\Users\hardi\Downloads\medicinal plants detection\dataset\Indian Medicinal Leaves Image Datasets\Datasets_Plant\Insulin\501.jpg,Insulin,Insulin,whole_plant,val
C:\Users\hardi\Downloads\medicinal plants detection\dataset\Indian Medicinal Leaves Image Datasets\Datasets_Plant\Insulin\5794.jpg,Insulin,Insulin,whole_plant,val
C:\Users\hardi\Downloads\medicinal plants detection\dataset\Indian Medicinal Leaves Image Datasets\Datasets_Plant\Insulin\5723.jpg,Insulin,Insulin,whole_plant,val
C:\Users\hardi\Downloads\medicinal plants detection\dataset\Indian Medicinal Leaves Image Datasets\Datasets_Plant\Insulin\5734.jpg,Insulin,Insulin,whole_plant,val
C:\Users\hardi\Downloads\medicinal plants detection\dataset\Indian Medicinal Leaves Image Datasets\Datasets_Plant\Insulin\5800.jpg,Insulin,Insulin,whole_plant,val
C:\Users\hardi\Downloads\medicinal plants detection\dataset\Indian Medicinal Leaves Image Datasets\Datasets_Plant\Insulin\502.jpg,Insulin,Insulin,whole_plant,val
C:\Users\hardi\Downloads\medicinal plants detection\dataset\Indian Medicinal Leaves Image Datasets\Datasets_Plant\Insulin\5793.jpg,Insulin,Insulin,whole_plant,val
C:\Users\hardi\Downloads\medicinal plants detection\dataset\Indian Medicinal Leaves Image Datasets\Datasets_Plant\Insulin\5778.jpg,Insulin,Insulin,whole_plant,val
C:\Users\hardi\Downloads\medicinal plants detection\dataset\Indian Medicinal Leaves Image Datasets\Datasets_Plant\Insulin\1015.jpg,Insulin,Insulin,whole_plant,val
C:\Users\hardi\Downloads\medicinal plants detection\dataset\Indian Medicinal Leaves Image Datasets\Datasets_Plant\Insulin\5785.jpg,Insulin,Insulin,whole_plant,val
C:\Users\hardi\Downloads\medicinal plants detection\dataset\Indian Medicinal Leaves Image Datasets\Datasets_Plant\Insulin\5818.jpg,Insulin,Insulin,whole_plant,val
C:\Users\hardi\Downloads\medicinal plants detection\dataset\Indian Medicinal Leaves Image Datasets\Datasets_Plant\Insulin\5756.jpg,Insulin,Insulin,whole_plant,val
C:\Users\hardi\Downloads\medicinal plants detection\dataset\Indian Medicinal Leaves Image Datasets\Datasets_Plant\Insulin\5821.jpg,Insulin,Insulin,whole_plant,val
C:\Users\hardi\Downloads\medicinal plants detection\dataset\Indian Medicinal Leaves Image Datasets\Datasets_Plant\Insulin\5825.jpg,Insulin,Insulin,whole_plant,val
C:\Users\hardi\Downloads\medicinal plants detection\dataset\Indian Medicinal Leaves Image Datasets\Datasets_Plant\Insulin\5733.jpg,Insulin,Insulin,whole_plant,val
C:\Users\hardi\Downloads\medicinal plants detection\dataset\Indian Medicinal Leaves Image Datasets\Datasets_Plant\Insulin\5749.jpg,Insulin,Insulin,whole_plant,val
C:\Users\hardi\Downloads\medicinal plants detection\dataset\Indian Medicinal Leaves Image Datasets\Datasets_Plant\Insulin\5770.jpg,Insulin,Insulin,whole_plant,val
C:\Users\hardi\Downloads\medicinal plants detection\dataset\Indian Medicinal Leaves Image Datasets\Datasets_Plant\Insulin\5764.jpg,Insulin,Insulin,whole_plant,test
C:\Users\hardi\Downloads\medicinal plants detection\dataset\Indian Medicinal Leaves Image Datasets\Datasets_Plant\Insulin\5772.jpg,Insulin,Insulin,whole_plant,test
C:\Users\hardi\Downloads\medicinal plants detection\dataset\Indian Medicinal Leaves Image Datasets\Datasets_Plant\Insulin\507.jpg,Insulin,Insulin,whole_plant,test
C:\Users\hardi\Downloads\medicinal plants detection\dataset\Indian Medicinal Leaves Image Datasets\Datasets_Plant\Insulin\5751.jpg,Insulin,Insulin,whole_plant,test
C:\Users\hardi\Downloads\medicinal plants detection\dataset\Indian Medicinal Leaves Image Datasets\Datasets_Plant\Insulin\1018.jpg,Insulin,Insulin,whole_plant,test
C:\Users\hardi\Downloads\medicinal plants detection\dataset\Indian Medicinal Leaves Image Datasets\Datasets_Plant\Insulin\5758.jpg,Insulin,Insulin,whole_plant,test
C:\Users\hardi\Downloads\medicinal plants detection\dataset\Indian Medicinal Leaves Image Datasets\Datasets_Plant\Insulin\5744.jpg,Insulin,Insulin,whole_plant,test
C:\Users\hardi\Downloads\medicinal plants detection\dataset\Indian Medicinal Leaves Image Datasets\Datasets_Plant\Insulin\5709.jpg,Insulin,Insulin,whole_plant,test
C:\Users\hardi\Downloads\medicinal plants detection\dataset\Indian Medicinal Leaves Image Datasets\Datasets_Plant\Insulin\5735.jpg,Insulin,Insulin,whole_plant,test
C:\Users\hardi\Downloads\medicinal plants detection\dataset\Indian Medicinal Leaves Image Datasets\Datasets_Plant\Insulin\505.jpg,Insulin,Insulin,whole_plant,test
C:\Users\hardi\Downloads\medicinal plants detection\dataset\Indian Medicinal Leaves Image Datasets\Datasets_Plant\Insulin\1022.jpg,Insulin,Insulin,whole_plant,test
C:\Users\hardi\Downloads\medicinal plants detection\dataset\Indian Medicinal Leaves Image Datasets\Datasets_Plant\Insulin\1023.jpg,Insulin,Insulin,whole_plant,test
C:\Users\hardi\Downloads\medicinal plants detection\dataset\Indian Medicinal Leaves Image Datasets\Datasets_Plant\Insulin\5790.jpg,Insulin,Insulin,whole_plant,test
C:\Users\hardi\Downloads\medicinal plants detection\dataset\Indian Medicinal Leaves Image Datasets\Datasets_Plant\Insulin\504.jpg,Insulin,Insulin,whole_plant,test
C:\Users\hardi\Downloads\medicinal plants detection\dataset\Indian Medicinal Leaves Image Datasets\Datasets_Plant\Insulin\5706.jpg,Insulin,Insulin,whole_plant,test
C:\Users\hardi\Downloads\medicinal plants detection\dataset\Indian Medicinal Leaves Image Datasets\Datasets_Plant\Insulin\5715.jpg,Insulin,Insulin,whole_plant,test
C:\Users\hardi\Downloads\medicinal plants detection\dataset\Indian Medicinal Leaves Image Datasets\Datasets_Plant\Insulin\5737.jpg,Insulin,Insulin,whole_plant,test
C:\Users\hardi\Downloads\medicinal plants detection\dataset\Indian Medicinal Leaves Image Datasets\Datasets_Plant\Insulin\5742.jpg,Insulin,Insulin,whole_plant,test
C:\Users\hardi\Downloads\medicinal plants detection\dataset\Indian Medicinal Leaves Image Datasets\Datasets_Plant\Insulin\5750.jpg,Insulin,Insulin,whole_plant,test
C:\Users\hardi\Downloads\medicinal plants detection\dataset\Indian Medicinal Leaves Image Datasets\Datasets_Plant\Insulin\1021.jpg,Insulin,Insulin,whole_plant,test
C:\Users\hardi\Downloads\medicinal plants detection\dataset\Indian Medicinal Leaves Image Datasets\Datasets_Plant\Insulin\5708.jpg,Insulin,Insulin,whole_plant,test
C:\Users\hardi\Downloads\medicinal plants detection\dataset\Indian Medicinal Leaves Image Datasets\Datasets_Plant\Jasmine\250.jpg,Jasmine,Jasmine,whole_plant,train
C:\Users\hardi\Downloads\medicinal plants detection\dataset\Indian Medicinal Leaves Image Datasets\Datasets_Plant\Jasmine\3421.jpg,Jasmine,Jasmine,whole_plant,train
C:\Users\hardi\Downloads\medicinal plants detection\dataset\Indian Medicinal Leaves Image Datasets\Datasets_Plant\Jasmine\260.jpg,Jasmine,Jasmine,whole_plant,train
C:\Users\hardi\Downloads\medicinal plants detection\dataset\Indian Medicinal Leaves Image Datasets\Datasets_Plant\Jasmine\3416.jpg,Jasmine,Jasmine,whole_plant,train
C:\Users\hardi\Downloads\medicinal plants detection\dataset\Indian Medicinal Leaves Image Datasets\Datasets_Plant\Jasmine\3454.jpg,Jasmine,Jasmine,whole_plant,train
C:\Users\hardi\Downloads\medicinal plants detection\dataset\Indian Medicinal Leaves Image Datasets\Datasets_Plant\Jasmine\3391.jpg,Jasmine,Jasmine,whole_plant,train
C:\Users\hardi\Downloads\medicinal plants detection\dataset\Indian Medicinal Leaves Image Datasets\Datasets_Plant\Jasmine\770.jpg,Jasmine,Jasmine,whole_plant,train
C:\Users\hardi\Downloads\medicinal plants detection\dataset\Indian Medicinal Leaves Image Datasets\Datasets_Plant\Jasmine\3424.jpg,Jasmine,Jasmine,whole_plant,train
C:\Users\hardi\Downloads\medicinal plants detection\dataset\Indian Medicinal Leaves Image Datasets\Datasets_Plant\Jasmine\3408.jpg,Jasmine,Jasmine,whole_plant,train
C:\Users\hardi\Downloads\medicinal plants detection\dataset\Indian Medicinal Leaves Image Datasets\Datasets_Plant\Jasmine\3368.jpg,Jasmine,Jasmine,whole_plant,train
C:\Users\hardi\Downloads\medicinal plants detection\dataset\Indian Medicinal Leaves Image Datasets\Datasets_Plant\Jasmine\3512.jpg,Jasmine,Jasmine,whole_plant,train
C:\Users\hardi\Downloads\medicinal plants detection\dataset\Indian Medicinal Leaves Image Datasets\Datasets_Plant\Jasmine\3370.jpg,Jasmine,Jasmine,whole_plant,train
C:\Users\hardi\Downloads\medicinal plants detection\dataset\Indian Medicinal Leaves Image Datasets\Datasets_Plant\Jasmine\3507.jpg,Jasmine,Jasmine,whole_plant,train
C:\Users\hardi\Downloads\medicinal plants detection\dataset\Indian Medicinal Leaves Image Datasets\Datasets_Plant\Jasmine\3407.jpg,Jasmine,Jasmine,whole_plant,train
C:\Users\hardi\Downloads\medicinal plants detection\dataset\Indian Medicinal Leaves Image Datasets\Datasets_Plant\Jasmine\3482.jpg,Jasmine,Jasmine,whole_plant,train
C:\Users\hardi\Downloads\medicinal plants detection\dataset\Indian Medicinal Leaves Image Datasets\Datasets_Plant\Jasmine\3399.jpg,Jasmine,Jasmine,whole_plant,train
C:\Users\hardi\Downloads\medicinal plants detection\dataset\Indian Medicinal Leaves Image Datasets\Datasets_Plant\Jasmine\3503.jpg,Jasmine,Jasmine,whole_plant,train
C:\Users\hardi\Downloads\medicinal plants detection\dataset\Indian Medicinal Leaves Image Datasets\Datasets_Plant\Jasmine\3397.jpg,Jasmine,Jasmine,whole_plant,train
C:\Users\hardi\Downloads\medicinal plants detection\dataset\Indian Medicinal Leaves Image Datasets\Datasets_Plant\Jasmine\253.jpg,Jasmine,Jasmine,whole_plant,train
C:\Users\hardi\Downloads\medicinal plants detection\dataset\Indian Medicinal Leaves Image Datasets\Datasets_Plant\Jasmine\3431.jpg,Jasmine,Jasmine,whole_plant,train
C:\Users\hardi\Downloads\medicinal plants detection\dataset\Indian Medicinal Leaves Image Datasets\Datasets_Plant\Jasmine\769.jpg,Jasmine,Jasmine,whole_plant,train
C:\Users\hardi\Downloads\medicinal plants detection\dataset\Indian Medicinal Leaves Image Datasets\Datasets_Plant\Jasmine\3419.jpg,Jasmine,Jasmine,whole_plant,train
C:\Users\hardi\Downloads\medicinal plants detection\dataset\Indian Medicinal Leaves Image Datasets\Datasets_Plant\Jasmine\3374.jpg,Jasmine,Jasmine,whole_plant,train
C:\Users\hardi\Downloads\medicinal plants detection\dataset\Indian Medicinal Leaves Image Datasets\Datasets_Plant\Jasmine\3385.jpg,Jasmine,Jasmine,whole_plant,train
C:\Users\hardi\Downloads\medicinal plants detection\dataset\Indian Medicinal Leaves Image Datasets\Datasets_Plant\Jasmine\3496.jpg,Jasmine,Jasmine,whole_plant,train
C:\Users\hardi\Downloads\medicinal plants detection\dataset\Indian Medicinal Leaves Image Datasets\Datasets_Plant\Jasmine\776.jpg,Jasmine,Jasmine,whole_plant,train
C:\Users\hardi\Downloads\medicinal plants detection\dataset\Indian Medicinal Leaves Image Datasets\Datasets_Plant\Jasmine\3459.jpg,Jasmine,Jasmine,whole_plant,train
C:\Users\hardi\Downloads\medicinal plants detection\dataset\Indian Medicinal Leaves Image Datasets\Datasets_Plant\Jasmine\3392.jpg,Jasmine,Jasmine,whole_plant,train
C:\Users\hardi\Downloads\medicinal plants detection\dataset\Indian Medicinal Leaves Image Datasets\Datasets_Plant\Jasmine\251.jpg,Jasmine,Jasmine,whole_plant,train
C:\Users\hardi\Downloads\medicinal plants detection\dataset\Indian Medicinal Leaves Image Datasets\Datasets_Plant\Jasmine\3457.jpg,Jasmine,Jasmine,whole_plant,train
C:\Users\hardi\Downloads\medicinal plants detection\dataset\Indian Medicinal Leaves Image Datasets\Datasets_Plant\Jasmine\3458.jpg,Jasmine,Jasmine,whole_plant,train
C:\Users\hardi\Downloads\medicinal plants detection\dataset\Indian Medicinal Leaves Image Datasets\Datasets_Plant\Jasmine\3520.jpg,Jasmine,Jasmine,whole_plant,train
C:\Users\hardi\Downloads\medicinal plants detection\dataset\Indian Medicinal Leaves Image Datasets\Datasets_Plant\Jasmine\3387.jpg,Jasmine,Jasmine,whole_plant,train
C:\Users\hardi\Downloads\medicinal plants detection\dataset\Indian Medicinal Leaves Image Datasets\Datasets_Plant\Jasmine\3489.jpg,Jasmine,Jasmine,whole_plant,train
C:\Users\hardi\Downloads\medicinal plants detection\dataset\Indian Medicinal Leaves Image Datasets\Datasets_Plant\Jasmine\3474.jpg,Jasmine,Jasmine,whole_plant,train
C:\Users\hardi\Downloads\medicinal plants detection\dataset\Indian Medicinal Leaves Image Datasets\Datasets_Plant\Jasmine\3491.jpg,Jasmine,Jasmine,whole_plant,train
C:\Users\hardi\Downloads\medicinal plants detection\dataset\Indian Medicinal Leaves Image Datasets\Datasets_Plant\Jasmine\3415.jpg,Jasmine,Jasmine,whole_plant,train
C:\Users\hardi\Downloads\medicinal plants detection\dataset\Indian Medicinal Leaves Image Datasets\Datasets_Plant\Jasmine\775.jpg,Jasmine,Jasmine,whole_plant,train
C:\Users\hardi\Downloads\medicinal plants detection\dataset\Indian Medicinal Leaves Image Datasets\Datasets_Plant\Jasmine\3434.jpg,Jasmine,Jasmine,whole_plant,train
C:\Users\hardi\Downloads\medicinal plants detection\dataset\Indian Medicinal Leaves Image Datasets\Datasets_Plant\Jasmine\3473.jpg,Jasmine,Jasmine,whole_plant,train
C:\Users\hardi\Downloads\medicinal plants detection\dataset\Indian Medicinal Leaves Image Datasets\Datasets_Plant\Jasmine\3510.jpg,Jasmine,Jasmine,whole_plant,train
C:\Users\hardi\Downloads\medicinal plants detection\dataset\Indian Medicinal Leaves Image Datasets\Datasets_Plant\Jasmine\3450.jpg,Jasmine,Jasmine,whole_plant,train
C:\Users\hardi\Downloads\medicinal plants detection\dataset\Indian Medicinal Leaves Image Datasets\Datasets_Plant\Jasmine\3485.jpg,Jasmine,Jasmine,whole_plant,train
C:\Users\hardi\Downloads\medicinal plants detection\dataset\Indian Medicinal Leaves Image Datasets\Datasets_Plant\Jasmine\3515.jpg,Jasmine,Jasmine,whole_plant,train
C:\Users\hardi\Downloads\medicinal plants detection\dataset\Indian Medicinal Leaves Image Datasets\Datasets_Plant\Jasmine\777.jpg,Jasmine,Jasmine,whole_plant,train
C:\Users\hardi\Downloads\medicinal plants detection\dataset\Indian Medicinal Leaves Image Datasets\Datasets_Plant\Jasmine\3449.jpg,Jasmine,Jasmine,whole_plant,train
C:\Users\hardi\Downloads\medicinal plants detection\dataset\Indian Medicinal Leaves Image Datasets\Datasets_Plant\Jasmine\3435.jpg,Jasmine,Jasmine,whole_plant,train
C:\Users\hardi\Downloads\medicinal plants detection\dataset\Indian Medicinal Leaves Image Datasets\Datasets_Plant\Jasmine\248.jpg,Jasmine,Jasmine,whole_plant,train
C:\Users\hardi\Downloads\medicinal plants detection\dataset\Indian Medicinal Leaves Image Datasets\Datasets_Plant\Jasmine\3480.jpg,Jasmine,Jasmine,whole_plant,train
C:\Users\hardi\Downloads\medicinal plants detection\dataset\Indian Medicinal Leaves Image Datasets\Datasets_Plant\Jasmine\3371.jpg,Jasmine,Jasmine,whole_plant,train
C:\Users\hardi\Downloads\medicinal plants detection\dataset\Indian Medicinal Leaves Image Datasets\Datasets_Plant\Jasmine\3428.jpg,Jasmine,Jasmine,whole_plant,train
C:\Users\hardi\Downloads\medicinal plants detection\dataset\Indian Medicinal Leaves Image Datasets\Datasets_Plant\Jasmine\3477.jpg,Jasmine,Jasmine,whole_plant,train
C:\Users\hardi\Downloads\medicinal plants detection\dataset\Indian Medicinal Leaves Image Datasets\Datasets_Plant\Jasmine\3516.jpg,Jasmine,Jasmine,whole_plant,train
C:\Users\hardi\Downloads\medicinal plants detection\dataset\Indian Medicinal Leaves Image Datasets\Datasets_Plant\Jasmine\3514.jpg,Jasmine,Jasmine,whole_plant,train
C:\Users\hardi\Downloads\medicinal plants detection\dataset\Indian Medicinal Leaves Image Datasets\Datasets_Plant\Jasmine\3501.jpg,Jasmine,Jasmine,whole_plant,train
C:\Users\hardi\Downloads\medicinal plants detection\dataset\Indian Medicinal Leaves Image Datasets\Datasets_Plant\Jasmine\3490.jpg,Jasmine,Jasmine,whole_plant,train
C:\Users\hardi\Downloads\medicinal plants detection\dataset\Indian Medicinal Leaves Image Datasets\Datasets_Plant\Jasmine\3393.jpg,Jasmine,Jasmine,whole_plant,train
C:\Users\hardi\Downloads\medicinal plants detection\dataset\Indian Medicinal Leaves Image Datasets\Datasets_Plant\Jasmine\3439.jpg,Jasmine,Jasmine,whole_plant,train
C:\Users\hardi\Downloads\medicinal plants detection\dataset\Indian Medicinal Leaves Image Datasets\Datasets_Plant\Jasmine\3398.jpg,Jasmine,Jasmine,whole_plant,train
C:\Users\hardi\Downloads\medicinal plants detection\dataset\Indian Medicinal Leaves Image Datasets\Datasets_Plant\Jasmine\3455.jpg,Jasmine,Jasmine,whole_plant,train
C:\Users\hardi\Downloads\medicinal plants detection\dataset\Indian Medicinal Leaves Image Datasets\Datasets_Plant\Jasmine\258.jpg,Jasmine,Jasmine,whole_plant,train
C:\Users\hardi\Downloads\medicinal plants detection\dataset\Indian Medicinal Leaves Image Datasets\Datasets_Plant\Jasmine\3471.jpg,Jasmine,Jasmine,whole_plant,train
C:\Users\hardi\Downloads\medicinal plants detection\dataset\Indian Medicinal Leaves Image Datasets\Datasets_Plant\Jasmine\3466.jpg,Jasmine,Jasmine,whole_plant,train
C:\Users\hardi\Downloads\medicinal plants detection\dataset\Indian Medicinal Leaves Image Datasets\Datasets_Plant\Jasmine\3369.jpg,Jasmine,Jasmine,whole_plant,train
C:\Users\hardi\Downloads\medicinal plants detection\dataset\Indian Medicinal Leaves Image Datasets\Datasets_Plant\Jasmine\3521.jpg,Jasmine,Jasmine,whole_plant,train
C:\Users\hardi\Downloads\medicinal plants detection\dataset\Indian Medicinal Leaves Image Datasets\Datasets_Plant\Jasmine\3487.jpg,Jasmine,Jasmine,whole_plant,train
C:\Users\hardi\Downloads\medicinal plants detection\dataset\Indian Medicinal Leaves Image Datasets\Datasets_Plant\Jasmine\3467.jpg,Jasmine,Jasmine,whole_plant,train
C:\Users\hardi\Downloads\medicinal plants detection\dataset\Indian Medicinal Leaves Image Datasets\Datasets_Plant\Jasmine\3420.jpg,Jasmine,Jasmine,whole_plant,train
C:\Users\hardi\Downloads\medicinal plants detection\dataset\Indian Medicinal Leaves Image Datasets\Datasets_Plant\Jasmine\3465.jpg,Jasmine,Jasmine,whole_plant,train
C:\Users\hardi\Downloads\medicinal plants detection\dataset\Indian Medicinal Leaves Image Datasets\Datasets_Plant\Jasmine\3502.jpg,Jasmine,Jasmine,whole_plant,train
C:\Users\hardi\Downloads\medicinal plants detection\dataset\Indian Medicinal Leaves Image Datasets\Datasets_Plant\Jasmine\3476.jpg,Jasmine,Jasmine,whole_plant,train
C:\Users\hardi\Downloads\medicinal plants detection\dataset\Indian Medicinal Leaves Image Datasets\Datasets_Plant\Jasmine\3445.jpg,Jasmine,Jasmine,whole_plant,train
C:\Users\hardi\Downloads\medicinal plants detection\dataset\Indian Medicinal Leaves Image Datasets\Datasets_Plant\Jasmine\3409.jpg,Jasmine,Jasmine,whole_plant,train
C:\Users\hardi\Downloads\medicinal plants detection\dataset\Indian Medicinal Leaves Image Datasets\Datasets_Plant\Jasmine\3433.jpg,Jasmine,Jasmine,whole_plant,train
C:\Users\hardi\Downloads\medicinal plants detection\dataset\Indian Medicinal Leaves Image Datasets\Datasets_Plant\Jasmine\3517.jpg,Jasmine,Jasmine,whole_plant,train
C:\Users\hardi\Downloads\medicinal plants detection\dataset\Indian Medicinal Leaves Image Datasets\Datasets_Plant\Jasmine\3453.jpg,Jasmine,Jasmine,whole_plant,train
C:\Users\hardi\Downloads\medicinal plants detection\dataset\Indian Medicinal Leaves Image Datasets\Datasets_Plant\Jasmine\3460.jpg,Jasmine,Jasmine,whole_plant,train
C:\Users\hardi\Downloads\medicinal plants detection\dataset\Indian Medicinal Leaves Image Datasets\Datasets_Plant\Jasmine\3488.jpg,Jasmine,Jasmine,whole_plant,train
C:\Users\hardi\Downloads\medicinal plants detection\dataset\Indian Medicinal Leaves Image Datasets\Datasets_Plant\Jasmine\3388.jpg,Jasmine,Jasmine,whole_plant,train
C:\Users\hardi\Downloads\medicinal plants detection\dataset\Indian Medicinal Leaves Image Datasets\Datasets_Plant\Jasmine\3373.jpg,Jasmine,Jasmine,whole_plant,train
C:\Users\hardi\Downloads\medicinal plants detection\dataset\Indian Medicinal Leaves Image Datasets\Datasets_Plant\Jasmine\3479.jpg,Jasmine,Jasmine,whole_plant,train
C:\Users\hardi\Downloads\medicinal plants detection\dataset\Indian Medicinal Leaves Image Datasets\Datasets_Plant\Jasmine\3519.jpg,Jasmine,Jasmine,whole_plant,train
C:\Users\hardi\Downloads\medicinal plants detection\dataset\Indian Medicinal Leaves Image Datasets\Datasets_Plant\Jasmine\3418.jpg,Jasmine,Jasmine,whole_plant,train
C:\Users\hardi\Downloads\medicinal plants detection\dataset\Indian Medicinal Leaves Image Datasets\Datasets_Plant\Jasmine\3438.jpg,Jasmine,Jasmine,whole_plant,train
C:\Users\hardi\Downloads\medicinal plants detection\dataset\Indian Medicinal Leaves Image Datasets\Datasets_Plant\Jasmine\3493.jpg,Jasmine,Jasmine,whole_plant,train
C:\Users\hardi\Downloads\medicinal plants detection\dataset\Indian Medicinal Leaves Image Datasets\Datasets_Plant\Jasmine\3500.jpg,Jasmine,Jasmine,whole_plant,train
C:\Users\hardi\Downloads\medicinal plants detection\dataset\Indian Medicinal Leaves Image Datasets\Datasets_Plant\Jasmine\3427.jpg,Jasmine,Jasmine,whole_plant,train
C:\Users\hardi\Downloads\medicinal plants detection\dataset\Indian Medicinal Leaves Image Datasets\Datasets_Plant\Jasmine\3382.jpg,Jasmine,Jasmine,whole_plant,train
C:\Users\hardi\Downloads\medicinal plants detection\dataset\Indian Medicinal Leaves Image Datasets\Datasets_Plant\Jasmine\772.jpg,Jasmine,Jasmine,whole_plant,train
C:\Users\hardi\Downloads\medicinal plants detection\dataset\Indian Medicinal Leaves Image Datasets\Datasets_Plant\Jasmine\3456.jpg,Jasmine,Jasmine,whole_plant,train
C:\Users\hardi\Downloads\medicinal plants detection\dataset\Indian Medicinal Leaves Image Datasets\Datasets_Plant\Jasmine\3406.jpg,Jasmine,Jasmine,whole_plant,train
C:\Users\hardi\Downloads\medicinal plants detection\dataset\Indian Medicinal Leaves Image Datasets\Datasets_Plant\Jasmine\3511.jpg,Jasmine,Jasmine,whole_plant,train
C:\Users\hardi\Downloads\medicinal plants detection\dataset\Indian Medicinal Leaves Image Datasets\Datasets_Plant\Jasmine\252.jpg,Jasmine,Jasmine,whole_plant,train
C:\Users\hardi\Downloads\medicinal plants detection\dataset\Indian Medicinal Leaves Image Datasets\Datasets_Plant\Jasmine\3384.jpg,Jasmine,Jasmine,whole_plant,train
C:\Users\hardi\Downloads\medicinal plants detection\dataset\Indian Medicinal Leaves Image Datasets\Datasets_Plant\Jasmine\3527.jpg,Jasmine,Jasmine,whole_plant,train
C:\Users\hardi\Downloads\medicinal plants detection\dataset\Indian Medicinal Leaves Image Datasets\Datasets_Plant\Jasmine\3396.jpg,Jasmine,Jasmine,whole_plant,train
C:\Users\hardi\Downloads\medicinal plants detection\dataset\Indian Medicinal Leaves Image Datasets\Datasets_Plant\Jasmine\3468.jpg,Jasmine,Jasmine,whole_plant,train
C:\Users\hardi\Downloads\medicinal plants detection\dataset\Indian Medicinal Leaves Image Datasets\Datasets_Plant\Jasmine\779.jpg,Jasmine,Jasmine,whole_plant,train
C:\Users\hardi\Downloads\medicinal plants detection\dataset\Indian Medicinal Leaves Image Datasets\Datasets_Plant\Jasmine\3508.jpg,Jasmine,Jasmine,whole_plant,train
C:\Users\hardi\Downloads\medicinal plants detection\dataset\Indian Medicinal Leaves Image Datasets\Datasets_Plant\Jasmine\3499.jpg,Jasmine,Jasmine,whole_plant,train
C:\Users\hardi\Downloads\medicinal plants detection\dataset\Indian Medicinal Leaves Image Datasets\Datasets_Plant\Jasmine\3464.jpg,Jasmine,Jasmine,whole_plant,train
C:\Users\hardi\Downloads\medicinal plants detection\dataset\Indian Medicinal Leaves Image Datasets\Datasets_Plant\Jasmine\3470.jpg,Jasmine,Jasmine,whole_plant,train
C:\Users\hardi\Downloads\medicinal plants detection\dataset\Indian Medicinal Leaves Image Datasets\Datasets_Plant\Jasmine\3481.jpg,Jasmine,Jasmine,whole_plant,train
C:\Users\hardi\Downloads\medicinal plants detection\dataset\Indian Medicinal Leaves Image Datasets\Datasets_Plant\Jasmine\3483.jpg,Jasmine,Jasmine,whole_plant,train
C:\Users\hardi\Downloads\medicinal plants detection\dataset\Indian Medicinal Leaves Image Datasets\Datasets_Plant\Jasmine\3475.jpg,Jasmine,Jasmine,whole_plant,train
C:\Users\hardi\Downloads\medicinal plants detection\dataset\Indian Medicinal Leaves Image Datasets\Datasets_Plant\Jasmine\780.jpg,Jasmine,Jasmine,whole_plant,train
C:\Users\hardi\Downloads\medicinal plants detection\dataset\Indian Medicinal Leaves Image Datasets\Datasets_Plant\Jasmine\3448.jpg,Jasmine,Jasmine,whole_plant,train
C:\Users\hardi\Downloads\medicinal plants detection\dataset\Indian Medicinal Leaves Image Datasets\Datasets_Plant\Jasmine\3423.jpg,Jasmine,Jasmine,whole_plant,train
C:\Users\hardi\Downloads\medicinal plants detection\dataset\Indian Medicinal Leaves Image Datasets\Datasets_Plant\Jasmine\3376.jpg,Jasmine,Jasmine,whole_plant,train
C:\Users\hardi\Downloads\medicinal plants detection\dataset\Indian Medicinal Leaves Image Datasets\Datasets_Plant\Jasmine\3478.jpg,Jasmine,Jasmine,whole_plant,train
C:\Users\hardi\Downloads\medicinal plants detection\dataset\Indian Medicinal Leaves Image Datasets\Datasets_Plant\Jasmine\3432.jpg,Jasmine,Jasmine,whole_plant,train
C:\Users\hardi\Downloads\medicinal plants detection\dataset\Indian Medicinal Leaves Image Datasets\Datasets_Plant\Jasmine\257.jpg,Jasmine,Jasmine,whole_plant,train
C:\Users\hardi\Downloads\medicinal plants detection\dataset\Indian Medicinal Leaves Image Datasets\Datasets_Plant\Jasmine\3437.jpg,Jasmine,Jasmine,whole_plant,train
C:\Users\hardi\Downloads\medicinal plants detection\dataset\Indian Medicinal Leaves Image Datasets\Datasets_Plant\Jasmine\3522.jpg,Jasmine,Jasmine,whole_plant,train
C:\Users\hardi\Downloads\medicinal plants detection\dataset\Indian Medicinal Leaves Image Datasets\Datasets_Plant\Jasmine\3444.jpg,Jasmine,Jasmine,whole_plant,train
C:\Users\hardi\Downloads\medicinal plants detection\dataset\Indian Medicinal Leaves Image Datasets\Datasets_Plant\Jasmine\3389.jpg,Jasmine,Jasmine,whole_plant,train
C:\Users\hardi\Downloads\medicinal plants detection\dataset\Indian Medicinal Leaves Image Datasets\Datasets_Plant\Jasmine\3440.jpg,Jasmine,Jasmine,whole_plant,train
C:\Users\hardi\Downloads\medicinal plants detection\dataset\Indian Medicinal Leaves Image Datasets\Datasets_Plant\Jasmine\3504.jpg,Jasmine,Jasmine,whole_plant,train
C:\Users\hardi\Downloads\medicinal plants detection\dataset\Indian Medicinal Leaves Image Datasets\Datasets_Plant\Jasmine\3400.jpg,Jasmine,Jasmine,whole_plant,train
C:\Users\hardi\Downloads\medicinal plants detection\dataset\Indian Medicinal Leaves Image Datasets\Datasets_Plant\Jasmine\3402.jpg,Jasmine,Jasmine,whole_plant,train
C:\Users\hardi\Downloads\medicinal plants detection\dataset\Indian Medicinal Leaves Image Datasets\Datasets_Plant\Jasmine\3523.jpg,Jasmine,Jasmine,whole_plant,train
C:\Users\hardi\Downloads\medicinal plants detection\dataset\Indian Medicinal Leaves Image Datasets\Datasets_Plant\Jasmine\3401.jpg,Jasmine,Jasmine,whole_plant,train
C:\Users\hardi\Downloads\medicinal plants detection\dataset\Indian Medicinal Leaves Image Datasets\Datasets_Plant\Jasmine\3461.jpg,Jasmine,Jasmine,whole_plant,train
C:\Users\hardi\Downloads\medicinal plants detection\dataset\Indian Medicinal Leaves Image Datasets\Datasets_Plant\Jasmine\3436.jpg,Jasmine,Jasmine,whole_plant,train
C:\Users\hardi\Downloads\medicinal plants detection\dataset\Indian Medicinal Leaves Image Datasets\Datasets_Plant\Jasmine\3486.jpg,Jasmine,Jasmine,whole_plant,train
C:\Users\hardi\Downloads\medicinal plants detection\dataset\Indian Medicinal Leaves Image Datasets\Datasets_Plant\Jasmine\774.jpg,Jasmine,Jasmine,whole_plant,train
C:\Users\hardi\Downloads\medicinal plants detection\dataset\Indian Medicinal Leaves Image Datasets\Datasets_Plant\Jasmine\3403.jpg,Jasmine,Jasmine,whole_plant,train
C:\Users\hardi\Downloads\medicinal plants detection\dataset\Indian Medicinal Leaves Image Datasets\Datasets_Plant\Jasmine\3380.jpg,Jasmine,Jasmine,whole_plant,train
C:\Users\hardi\Downloads\medicinal plants detection\dataset\Indian Medicinal Leaves Image Datasets\Datasets_Plant\Jasmine\3524.jpg,Jasmine,Jasmine,whole_plant,train
C:\Users\hardi\Downloads\medicinal plants detection\dataset\Indian Medicinal Leaves Image Datasets\Datasets_Plant\Jasmine\3495.jpg,Jasmine,Jasmine,whole_plant,train
C:\Users\hardi\Downloads\medicinal plants detection\dataset\Indian Medicinal Leaves Image Datasets\Datasets_Plant\Jasmine\3429.jpg,Jasmine,Jasmine,whole_plant,val
C:\Users\hardi\Downloads\medicinal plants detection\dataset\Indian Medicinal Leaves Image Datasets\Datasets_Plant\Jasmine\3413.jpg,Jasmine,Jasmine,whole_plant,val
C:\Users\hardi\Downloads\medicinal plants detection\dataset\Indian Medicinal Leaves Image Datasets\Datasets_Plant\Jasmine\3497.jpg,Jasmine,Jasmine,whole_plant,val
C:\Users\hardi\Downloads\medicinal plants detection\dataset\Indian Medicinal Leaves Image Datasets\Datasets_Plant\Jasmine\3372.jpg,Jasmine,Jasmine,whole_plant,val
C:\Users\hardi\Downloads\medicinal plants detection\dataset\Indian Medicinal Leaves Image Datasets\Datasets_Plant\Jasmine\3404.jpg,Jasmine,Jasmine,whole_plant,val
C:\Users\hardi\Downloads\medicinal plants detection\dataset\Indian Medicinal Leaves Image Datasets\Datasets_Plant\Jasmine\3447.jpg,Jasmine,Jasmine,whole_plant,val
C:\Users\hardi\Downloads\medicinal plants detection\dataset\Indian Medicinal Leaves Image Datasets\Datasets_Plant\Jasmine\3430.jpg,Jasmine,Jasmine,whole_plant,val
C:\Users\hardi\Downloads\medicinal plants detection\dataset\Indian Medicinal Leaves Image Datasets\Datasets_Plant\Jasmine\3375.jpg,Jasmine,Jasmine,whole_plant,val
C:\Users\hardi\Downloads\medicinal plants detection\dataset\Indian Medicinal Leaves Image Datasets\Datasets_Plant\Jasmine\3451.jpg,Jasmine,Jasmine,whole_plant,val
C:\Users\hardi\Downloads\medicinal plants detection\dataset\Indian Medicinal Leaves Image Datasets\Datasets_Plant\Jasmine\3386.jpg,Jasmine,Jasmine,whole_plant,val
C:\Users\hardi\Downloads\medicinal plants detection\dataset\Indian Medicinal Leaves Image Datasets\Datasets_Plant\Jasmine\3492.jpg,Jasmine,Jasmine,whole_plant,val
C:\Users\hardi\Downloads\medicinal plants detection\dataset\Indian Medicinal Leaves Image Datasets\Datasets_Plant\Jasmine\3472.jpg,Jasmine,Jasmine,whole_plant,val
C:\Users\hardi\Downloads\medicinal plants detection\dataset\Indian Medicinal Leaves Image Datasets\Datasets_Plant\Jasmine\259.jpg,Jasmine,Jasmine,whole_plant,val
C:\Users\hardi\Downloads\medicinal plants detection\dataset\Indian Medicinal Leaves Image Datasets\Datasets_Plant\Jasmine\3422.jpg,Jasmine,Jasmine,whole_plant,val
C:\Users\hardi\Downloads\medicinal plants detection\dataset\Indian Medicinal Leaves Image Datasets\Datasets_Plant\Jasmine\3443.jpg,Jasmine,Jasmine,whole_plant,val
C:\Users\hardi\Downloads\medicinal plants detection\dataset\Indian Medicinal Leaves Image Datasets\Datasets_Plant\Jasmine\3446.jpg,Jasmine,Jasmine,whole_plant,val
C:\Users\hardi\Downloads\medicinal plants detection\dataset\Indian Medicinal Leaves Image Datasets\Datasets_Plant\Jasmine\3379.jpg,Jasmine,Jasmine,whole_plant,val
C:\Users\hardi\Downloads\medicinal plants detection\dataset\Indian Medicinal Leaves Image Datasets\Datasets_Plant\Jasmine\3452.jpg,Jasmine,Jasmine,whole_plant,val
C:\Users\hardi\Downloads\medicinal plants detection\dataset\Indian Medicinal Leaves Image Datasets\Datasets_Plant\Jasmine\3526.jpg,Jasmine,Jasmine,whole_plant,val
C:\Users\hardi\Downloads\medicinal plants detection\dataset\Indian Medicinal Leaves Image Datasets\Datasets_Plant\Jasmine\773.jpg,Jasmine,Jasmine,whole_plant,val
C:\Users\hardi\Downloads\medicinal plants detection\dataset\Indian Medicinal Leaves Image Datasets\Datasets_Plant\Jasmine\3441.jpg,Jasmine,Jasmine,whole_plant,val
C:\Users\hardi\Downloads\medicinal plants detection\dataset\Indian Medicinal Leaves Image Datasets\Datasets_Plant\Jasmine\3525.jpg,Jasmine,Jasmine,whole_plant,val
C:\Users\hardi\Downloads\medicinal plants detection\dataset\Indian Medicinal Leaves Image Datasets\Datasets_Plant\Jasmine\3394.jpg,Jasmine,Jasmine,whole_plant,val
C:\Users\hardi\Downloads\medicinal plants detection\dataset\Indian Medicinal Leaves Image Datasets\Datasets_Plant\Jasmine\3513.jpg,Jasmine,Jasmine,whole_plant,val
C:\Users\hardi\Downloads\medicinal plants detection\dataset\Indian Medicinal Leaves Image Datasets\Datasets_Plant\Jasmine\3442.jpg,Jasmine,Jasmine,whole_plant,val
C:\Users\hardi\Downloads\medicinal plants detection\dataset\Indian Medicinal Leaves Image Datasets\Datasets_Plant\Jasmine\768.jpg,Jasmine,Jasmine,whole_plant,val
C:\Users\hardi\Downloads\medicinal plants detection\dataset\Indian Medicinal Leaves Image Datasets\Datasets_Plant\Jasmine\3395.jpg,Jasmine,Jasmine,whole_plant,val
C:\Users\hardi\Downloads\medicinal plants detection\dataset\Indian Medicinal Leaves Image Datasets\Datasets_Plant\Jasmine\249.jpg,Jasmine,Jasmine,whole_plant,val
C:\Users\hardi\Downloads\medicinal plants detection\dataset\Indian Medicinal Leaves Image Datasets\Datasets_Plant\Jasmine\3426.jpg,Jasmine,Jasmine,whole_plant,test
C:\Users\hardi\Downloads\medicinal plants detection\dataset\Indian Medicinal Leaves Image Datasets\Datasets_Plant\Jasmine\3505.jpg,Jasmine,Jasmine,whole_plant,test
C:\Users\hardi\Downloads\medicinal plants detection\dataset\Indian Medicinal Leaves Image Datasets\Datasets_Plant\Jasmine\3469.jpg,Jasmine,Jasmine,whole_plant,test
C:\Users\hardi\Downloads\medicinal plants detection\dataset\Indian Medicinal Leaves Image Datasets\Datasets_Plant\Jasmine\3411.jpg,Jasmine,Jasmine,whole_plant,test
C:\Users\hardi\Downloads\medicinal plants detection\dataset\Indian Medicinal Leaves Image Datasets\Datasets_Plant\Jasmine\3462.jpg,Jasmine,Jasmine,whole_plant,test
C:\Users\hardi\Downloads\medicinal plants detection\dataset\Indian Medicinal Leaves Image Datasets\Datasets_Plant\Jasmine\771.jpg,Jasmine,Jasmine,whole_plant,test
C:\Users\hardi\Downloads\medicinal plants detection\dataset\Indian Medicinal Leaves Image Datasets\Datasets_Plant\Jasmine\3405.jpg,Jasmine,Jasmine,whole_plant,test
C:\Users\hardi\Downloads\medicinal plants detection\dataset\Indian Medicinal Leaves Image Datasets\Datasets_Plant\Jasmine\3498.jpg,Jasmine,Jasmine,whole_plant,test
C:\Users\hardi\Downloads\medicinal plants detection\dataset\Indian Medicinal Leaves Image Datasets\Datasets_Plant\Jasmine\778.jpg,Jasmine,Jasmine,whole_plant,test
C:\Users\hardi\Downloads\medicinal plants detection\dataset\Indian Medicinal Leaves Image Datasets\Datasets_Plant\Jasmine\3509.jpg,Jasmine,Jasmine,whole_plant,test
C:\Users\hardi\Downloads\medicinal plants detection\dataset\Indian Medicinal Leaves Image Datasets\Datasets_Plant\Jasmine\3484.jpg,Jasmine,Jasmine,whole_plant,test
C:\Users\hardi\Downloads\medicinal plants detection\dataset\Indian Medicinal Leaves Image Datasets\Datasets_Plant\Jasmine\3414.jpg,Jasmine,Jasmine,whole_plant,test
C:\Users\hardi\Downloads\medicinal plants detection\dataset\Indian Medicinal Leaves Image Datasets\Datasets_Plant\Jasmine\3410.jpg,Jasmine,Jasmine,whole_plant,test
C:\Users\hardi\Downloads\medicinal plants detection\dataset\Indian Medicinal Leaves Image Datasets\Datasets_Plant\Jasmine\3378.jpg,Jasmine,Jasmine,whole_plant,test
C:\Users\hardi\Downloads\medicinal plants detection\dataset\Indian Medicinal Leaves Image Datasets\Datasets_Plant\Jasmine\255.jpg,Jasmine,Jasmine,whole_plant,test
C:\Users\hardi\Downloads\medicinal plants detection\dataset\Indian Medicinal Leaves Image Datasets\Datasets_Plant\Jasmine\256.jpg,Jasmine,Jasmine,whole_plant,test
C:\Users\hardi\Downloads\medicinal plants detection\dataset\Indian Medicinal Leaves Image Datasets\Datasets_Plant\Jasmine\3463.jpg,Jasmine,Jasmine,whole_plant,test
C:\Users\hardi\Downloads\medicinal plants detection\dataset\Indian Medicinal Leaves Image Datasets\Datasets_Plant\Jasmine\3506.jpg,Jasmine,Jasmine,whole_plant,test
C:\Users\hardi\Downloads\medicinal plants detection\dataset\Indian Medicinal Leaves Image Datasets\Datasets_Plant\Jasmine\3377.jpg,Jasmine,Jasmine,whole_plant,test
C:\Users\hardi\Downloads\medicinal plants detection\dataset\Indian Medicinal Leaves Image Datasets\Datasets_Plant\Jasmine\3494.jpg,Jasmine,Jasmine,whole_plant,test
C:\Users\hardi\Downloads\medicinal plants detection\dataset\Indian Medicinal Leaves Image Datasets\Datasets_Plant\Jasmine\3528.jpg,Jasmine,Jasmine,whole_plant,test
C:\Users\hardi\Downloads\medicinal plants detection\dataset\Indian Medicinal Leaves Image Datasets\Datasets_Plant\Jasmine\3381.jpg,Jasmine,Jasmine,whole_plant,test
C:\Users\hardi\Downloads\medicinal plants detection\dataset\Indian Medicinal Leaves Image Datasets\Datasets_Plant\Jasmine\3390.jpg,Jasmine,Jasmine,whole_plant,test
C:\Users\hardi\Downloads\medicinal plants detection\dataset\Indian Medicinal Leaves Image Datasets\Datasets_Plant\Jasmine\3412.jpg,Jasmine,Jasmine,whole_plant,test
C:\Users\hardi\Downloads\medicinal plants detection\dataset\Indian Medicinal Leaves Image Datasets\Datasets_Plant\Jasmine\3417.jpg,Jasmine,Jasmine,whole_plant,test
C:\Users\hardi\Downloads\medicinal plants detection\dataset\Indian Medicinal Leaves Image Datasets\Datasets_Plant\Jasmine\3425.jpg,Jasmine,Jasmine,whole_plant,test
C:\Users\hardi\Downloads\medicinal plants detection\dataset\Indian Medicinal Leaves Image Datasets\Datasets_Plant\Jasmine\254.jpg,Jasmine,Jasmine,whole_plant,test
C:\Users\hardi\Downloads\medicinal plants detection\dataset\Indian Medicinal Leaves Image Datasets\Datasets_Plant\Jasmine\3383.jpg,Jasmine,Jasmine,whole_plant,test
C:\Users\hardi\Downloads\medicinal plants detection\dataset\Indian Medicinal Leaves Image Datasets\Datasets_Plant\Jasmine\3518.jpg,Jasmine,Jasmine,whole_plant,test
C:\Users\hardi\Downloads\medicinal plants detection\dataset\Indian Medicinal Leaves Image Datasets\Datasets_Plant\Lemon\955.jpg,Lemon,Lemon,whole_plant,train
C:\Users\hardi\Downloads\medicinal plants detection\dataset\Indian Medicinal Leaves Image Datasets\Datasets_Plant\Lemon\5111.jpg,Lemon,Lemon,whole_plant,train
C:\Users\hardi\Downloads\medicinal plants detection\dataset\Indian Medicinal Leaves Image Datasets\Datasets_Plant\Lemon\5175.jpg,Lemon,Lemon,whole_plant,train
C:\Users\hardi\Downloads\medicinal plants detection\dataset\Indian Medicinal Leaves Image Datasets\Datasets_Plant\Lemon\5144.jpg,Lemon,Lemon,whole_plant,train
C:\Users\hardi\Downloads\medicinal plants detection\dataset\Indian Medicinal Leaves Image Datasets\Datasets_Plant\Lemon\5167.jpg,Lemon,Lemon,whole_plant,train
C:\Users\hardi\Downloads\medicinal plants detection\dataset\Indian Medicinal Leaves Image Datasets\Datasets_Plant\Lemon\5206.jpg,Lemon,Lemon,whole_plant,train
C:\Users\hardi\Downloads\medicinal plants detection\dataset\Indian Medicinal Leaves Image Datasets\Datasets_Plant\Lemon\5223.jpg,Lemon,Lemon,whole_plant,train
C:\Users\hardi\Downloads\medicinal plants detection\dataset\Indian Medicinal Leaves Image Datasets\Datasets_Plant\Lemon\5123.jpg,Lemon,Lemon,whole_plant,train
C:\Users\hardi\Downloads\medicinal plants detection\dataset\Indian Medicinal Leaves Image Datasets\Datasets_Plant\Lemon\951.jpg,Lemon,Lemon,whole_plant,train
C:\Users\hardi\Downloads\medicinal plants detection\dataset\Indian Medicinal Leaves Image Datasets\Datasets_Plant\Lemon\5214.jpg,Lemon,Lemon,whole_plant,train
C:\Users\hardi\Downloads\medicinal plants detection\dataset\Indian Medicinal Leaves Image Datasets\Datasets_Plant\Lemon\5165.jpg,Lemon,Lemon,whole_plant,train
C:\Users\hardi\Downloads\medicinal plants detection\dataset\Indian Medicinal Leaves Image Datasets\Datasets_Plant\Lemon\5162.jpg,Lemon,Lemon,whole_plant,train
C:\Users\hardi\Downloads\medicinal plants detection\dataset\Indian Medicinal Leaves Image Datasets\Datasets_Plant\Lemon\959.jpg,Lemon,Lemon,whole_plant,train
C:\Users\hardi\Downloads\medicinal plants detection\dataset\Indian Medicinal Leaves Image Datasets\Datasets_Plant\Lemon\5131.jpg,Lemon,Lemon,whole_plant,train
C:\Users\hardi\Downloads\medicinal plants detection\dataset\Indian Medicinal Leaves Image Datasets\Datasets_Plant\Lemon\5176.jpg,Lemon,Lemon,whole_plant,train
C:\Users\hardi\Downloads\medicinal plants detection\dataset\Indian Medicinal Leaves Image Datasets\Datasets_Plant\Lemon\5125.jpg,Lemon,Lemon,whole_plant,train
C:\Users\hardi\Downloads\medicinal plants detection\dataset\Indian Medicinal Leaves Image Datasets\Datasets_Plant\Lemon\5185.jpg,Lemon,Lemon,whole_plant,train
C:\Users\hardi\Downloads\medicinal plants detection\dataset\Indian Medicinal Leaves Image Datasets\Datasets_Plant\Lemon\5154.jpg,Lemon,Lemon,whole_plant,train
C:\Users\hardi\Downloads\medicinal plants detection\dataset\Indian Medicinal Leaves Image Datasets\Datasets_Plant\Lemon\5135.jpg,Lemon,Lemon,whole_plant,train
C:\Users\hardi\Downloads\medicinal plants detection\dataset\Indian Medicinal Leaves Image Datasets\Datasets_Plant\Lemon\5179.jpg,Lemon,Lemon,whole_plant,train
C:\Users\hardi\Downloads\medicinal plants detection\dataset\Indian Medicinal Leaves Image Datasets\Datasets_Plant\Lemon\5219.jpg,Lemon,Lemon,whole_plant,train
C:\Users\hardi\Downloads\medicinal plants detection\dataset\Indian Medicinal Leaves Image Datasets\Datasets_Plant\Lemon\962.jpg,Lemon,Lemon,whole_plant,train
C:\Users\hardi\Downloads\medicinal plants detection\dataset\Indian Medicinal Leaves Image Datasets\Datasets_Plant\Lemon\5145.jpg,Lemon,Lemon,whole_plant,train
C:\Users\hardi\Downloads\medicinal plants detection\dataset\Indian Medicinal Leaves Image Datasets\Datasets_Plant\Lemon\431.jpg,Lemon,Lemon,whole_plant,train
C:\Users\hardi\Downloads\medicinal plants detection\dataset\Indian Medicinal Leaves Image Datasets\Datasets_Plant\Lemon\5181.jpg,Lemon,Lemon,whole_plant,train
C:\Users\hardi\Downloads\medicinal plants detection\dataset\Indian Medicinal Leaves Image Datasets\Datasets_Plant\Lemon\5224.jpg,Lemon,Lemon,whole_plant,train
C:\Users\hardi\Downloads\medicinal plants detection\dataset\Indian Medicinal Leaves Image Datasets\Datasets_Plant\Lemon\5156.jpg,Lemon,Lemon,whole_plant,train
C:\Users\hardi\Downloads\medicinal plants detection\dataset\Indian Medicinal Leaves Image Datasets\Datasets_Plant\Lemon\5195.jpg,Lemon,Lemon,whole_plant,train
C:\Users\hardi\Downloads\medicinal plants detection\dataset\Indian Medicinal Leaves Image Datasets\Datasets_Plant\Lemon\5169.jpg,Lemon,Lemon,whole_plant,train
C:\Users\hardi\Downloads\medicinal plants detection\dataset\Indian Medicinal Leaves Image Datasets\Datasets_Plant\Lemon\952.jpg,Lemon,Lemon,whole_plant,train
C:\Users\hardi\Downloads\medicinal plants detection\dataset\Indian Medicinal Leaves Image Datasets\Datasets_Plant\Lemon\954.jpg,Lemon,Lemon,whole_plant,train
C:\Users\hardi\Downloads\medicinal plants detection\dataset\Indian Medicinal Leaves Image Datasets\Datasets_Plant\Lemon\5132.jpg,Lemon,Lemon,whole_plant,train
C:\Users\hardi\Downloads\medicinal plants detection\dataset\Indian Medicinal Leaves Image Datasets\Datasets_Plant\Lemon\5205.jpg,Lemon,Lemon,whole_plant,train
C:\Users\hardi\Downloads\medicinal plants detection\dataset\Indian Medicinal Leaves Image Datasets\Datasets_Plant\Lemon\5153.jpg,Lemon,Lemon,whole_plant,train
C:\Users\hardi\Downloads\medicinal plants detection\dataset\Indian Medicinal Leaves Image Datasets\Datasets_Plant\Lemon\5215.jpg,Lemon,Lemon,whole_plant,train
C:\Users\hardi\Downloads\medicinal plants detection\dataset\Indian Medicinal Leaves Image Datasets\Datasets_Plant\Lemon\5180.jpg,Lemon,Lemon,whole_plant,train
C:\Users\hardi\Downloads\medicinal plants detection\dataset\Indian Medicinal Leaves Image Datasets\Datasets_Plant\Lemon\5109.jpg,Lemon,Lemon,whole_plant,train
C:\Users\hardi\Downloads\medicinal plants detection\dataset\Indian Medicinal Leaves Image Datasets\Datasets_Plant\Lemon\5187.jpg,Lemon,Lemon,whole_plant,train
C:\Users\hardi\Downloads\medicinal plants detection\dataset\Indian Medicinal Leaves Image Datasets\Datasets_Plant\Lemon\5174.jpg,Lemon,Lemon,whole_plant,train
C:\Users\hardi\Downloads\medicinal plants detection\dataset\Indian Medicinal Leaves Image Datasets\Datasets_Plant\Lemon\5157.jpg,Lemon,Lemon,whole_plant,train
C:\Users\hardi\Downloads\medicinal plants detection\dataset\Indian Medicinal Leaves Image Datasets\Datasets_Plant\Lemon\5160.jpg,Lemon,Lemon,whole_plant,train
C:\Users\hardi\Downloads\medicinal plants detection\dataset\Indian Medicinal Leaves Image Datasets\Datasets_Plant\Lemon\5134.jpg,Lemon,Lemon,whole_plant,train
C:\Users\hardi\Downloads\medicinal plants detection\dataset\Indian Medicinal Leaves Image Datasets\Datasets_Plant\Lemon\5210.jpg,Lemon,Lemon,whole_plant,train
C:\Users\hardi\Downloads\medicinal plants detection\dataset\Indian Medicinal Leaves Image Datasets\Datasets_Plant\Lemon\950.jpg,Lemon,Lemon,whole_plant,train
C:\Users\hardi\Downloads\medicinal plants detection\dataset\Indian Medicinal Leaves Image Datasets\Datasets_Plant\Lemon\5129.jpg,Lemon,Lemon,whole_plant,train
C:\Users\hardi\Downloads\medicinal plants detection\dataset\Indian Medicinal Leaves Image Datasets\Datasets_Plant\Lemon\5202.jpg,Lemon,Lemon,whole_plant,train
C:\Users\hardi\Downloads\medicinal plants detection\dataset\Indian Medicinal Leaves Image Datasets\Datasets_Plant\Lemon\434.jpg,Lemon,Lemon,whole_plant,train
C:\Users\hardi\Downloads\medicinal plants detection\dataset\Indian Medicinal Leaves Image Datasets\Datasets_Plant\Lemon\5110.jpg,Lemon,Lemon,whole_plant,train
C:\Users\hardi\Downloads\medicinal plants detection\dataset\Indian Medicinal Leaves Image Datasets\Datasets_Plant\Lemon\5118.jpg,Lemon,Lemon,whole_plant,train
C:\Users\hardi\Downloads\medicinal plants detection\dataset\Indian Medicinal Leaves Image Datasets\Datasets_Plant\Lemon\5220.jpg,Lemon,Lemon,whole_plant,train
C:\Users\hardi\Downloads\medicinal plants detection\dataset\Indian Medicinal Leaves Image Datasets\Datasets_Plant\Lemon\432.jpg,Lemon,Lemon,whole_plant,train
C:\Users\hardi\Downloads\medicinal plants detection\dataset\Indian Medicinal Leaves Image Datasets\Datasets_Plant\Lemon\5212.jpg,Lemon,Lemon,whole_plant,train
C:\Users\hardi\Downloads\medicinal plants detection\dataset\Indian Medicinal Leaves Image Datasets\Datasets_Plant\Lemon\433.jpg,Lemon,Lemon,whole_plant,train
C:\Users\hardi\Downloads\medicinal plants detection\dataset\Indian Medicinal Leaves Image Datasets\Datasets_Plant\Lemon\5209.jpg,Lemon,Lemon,whole_plant,train
C:\Users\hardi\Downloads\medicinal plants detection\dataset\Indian Medicinal Leaves Image Datasets\Datasets_Plant\Lemon\5142.jpg,Lemon,Lemon,whole_plant,train
C:\Users\hardi\Downloads\medicinal plants detection\dataset\Indian Medicinal Leaves Image Datasets\Datasets_Plant\Lemon\5146.jpg,Lemon,Lemon,whole_plant,train
C:\Users\hardi\Downloads\medicinal plants detection\dataset\Indian Medicinal Leaves Image Datasets\Datasets_Plant\Lemon\5159.jpg,Lemon,Lemon,whole_plant,train
C:\Users\hardi\Downloads\medicinal plants detection\dataset\Indian Medicinal Leaves Image Datasets\Datasets_Plant\Lemon\5203.jpg,Lemon,Lemon,whole_plant,train
C:\Users\hardi\Downloads\medicinal plants detection\dataset\Indian Medicinal Leaves Image Datasets\Datasets_Plant\Lemon\5107.jpg,Lemon,Lemon,whole_plant,train
C:\Users\hardi\Downloads\medicinal plants detection\dataset\Indian Medicinal Leaves Image Datasets\Datasets_Plant\Lemon\5171.jpg,Lemon,Lemon,whole_plant,train
C:\Users\hardi\Downloads\medicinal plants detection\dataset\Indian Medicinal Leaves Image Datasets\Datasets_Plant\Lemon\5197.jpg,Lemon,Lemon,whole_plant,train
C:\Users\hardi\Downloads\medicinal plants detection\dataset\Indian Medicinal Leaves Image Datasets\Datasets_Plant\Lemon\5133.jpg,Lemon,Lemon,whole_plant,train
C:\Users\hardi\Downloads\medicinal plants detection\dataset\Indian Medicinal Leaves Image Datasets\Datasets_Plant\Lemon\5158.jpg,Lemon,Lemon,whole_plant,train
C:\Users\hardi\Downloads\medicinal plants detection\dataset\Indian Medicinal Leaves Image Datasets\Datasets_Plant\Lemon\5164.jpg,Lemon,Lemon,whole_plant,train
C:\Users\hardi\Downloads\medicinal plants detection\dataset\Indian Medicinal Leaves Image Datasets\Datasets_Plant\Lemon\5184.jpg,Lemon,Lemon,whole_plant,train
C:\Users\hardi\Downloads\medicinal plants detection\dataset\Indian Medicinal Leaves Image Datasets\Datasets_Plant\Lemon\5225.jpg,Lemon,Lemon,whole_plant,train
C:\Users\hardi\Downloads\medicinal plants detection\dataset\Indian Medicinal Leaves Image Datasets\Datasets_Plant\Lemon\5218.jpg,Lemon,Lemon,whole_plant,train
C:\Users\hardi\Downloads\medicinal plants detection\dataset\Indian Medicinal Leaves Image Datasets\Datasets_Plant\Lemon\5124.jpg,Lemon,Lemon,whole_plant,train
C:\Users\hardi\Downloads\medicinal plants detection\dataset\Indian Medicinal Leaves Image Datasets\Datasets_Plant\Lemon\5191.jpg,Lemon,Lemon,whole_plant,train
C:\Users\hardi\Downloads\medicinal plants detection\dataset\Indian Medicinal Leaves Image Datasets\Datasets_Plant\Lemon\5114.jpg,Lemon,Lemon,whole_plant,train
C:\Users\hardi\Downloads\medicinal plants detection\dataset\Indian Medicinal Leaves Image Datasets\Datasets_Plant\Lemon\439.jpg,Lemon,Lemon,whole_plant,train
C:\Users\hardi\Downloads\medicinal plants detection\dataset\Indian Medicinal Leaves Image Datasets\Datasets_Plant\Lemon\5127.jpg,Lemon,Lemon,whole_plant,train
C:\Users\hardi\Downloads\medicinal plants detection\dataset\Indian Medicinal Leaves Image Datasets\Datasets_Plant\Lemon\956.jpg,Lemon,Lemon,whole_plant,train
C:\Users\hardi\Downloads\medicinal plants detection\dataset\Indian Medicinal Leaves Image Datasets\Datasets_Plant\Lemon\5198.jpg,Lemon,Lemon,whole_plant,train
C:\Users\hardi\Downloads\medicinal plants detection\dataset\Indian Medicinal Leaves Image Datasets\Datasets_Plant\Lemon\5140.jpg,Lemon,Lemon,whole_plant,train
C:\Users\hardi\Downloads\medicinal plants detection\dataset\Indian Medicinal Leaves Image Datasets\Datasets_Plant\Lemon\5211.jpg,Lemon,Lemon,whole_plant,train
C:\Users\hardi\Downloads\medicinal plants detection\dataset\Indian Medicinal Leaves Image Datasets\Datasets_Plant\Lemon\5183.jpg,Lemon,Lemon,whole_plant,train
C:\Users\hardi\Downloads\medicinal plants detection\dataset\Indian Medicinal Leaves Image Datasets\Datasets_Plant\Lemon\5192.jpg,Lemon,Lemon,whole_plant,train
C:\Users\hardi\Downloads\medicinal plants detection\dataset\Indian Medicinal Leaves Image Datasets\Datasets_Plant\Lemon\5207.jpg,Lemon,Lemon,whole_plant,train
C:\Users\hardi\Downloads\medicinal plants detection\dataset\Indian Medicinal Leaves Image Datasets\Datasets_Plant\Lemon\5189.jpg,Lemon,Lemon,whole_plant,train
C:\Users\hardi\Downloads\medicinal plants detection\dataset\Indian Medicinal Leaves Image Datasets\Datasets_Plant\Lemon\5199.jpg,Lemon,Lemon,whole_plant,train
C:\Users\hardi\Downloads\medicinal plants detection\dataset\Indian Medicinal Leaves Image Datasets\Datasets_Plant\Lemon\5178.jpg,Lemon,Lemon,whole_plant,train
C:\Users\hardi\Downloads\medicinal plants detection\dataset\Indian Medicinal Leaves Image Datasets\Datasets_Plant\Lemon\5188.jpg,Lemon,Lemon,whole_plant,train
C:\Users\hardi\Downloads\medicinal plants detection\dataset\Indian Medicinal Leaves Image Datasets\Datasets_Plant\Lemon\5193.jpg,Lemon,Lemon,whole_plant,train
C:\Users\hardi\Downloads\medicinal plants detection\dataset\Indian Medicinal Leaves Image Datasets\Datasets_Plant\Lemon\5122.jpg,Lemon,Lemon,whole_plant,train
C:\Users\hardi\Downloads\medicinal plants detection\dataset\Indian Medicinal Leaves Image Datasets\Datasets_Plant\Lemon\5177.jpg,Lemon,Lemon,whole_plant,train
C:\Users\hardi\Downloads\medicinal plants detection\dataset\Indian Medicinal Leaves Image Datasets\Datasets_Plant\Lemon\5194.jpg,Lemon,Lemon,whole_plant,train
C:\Users\hardi\Downloads\medicinal plants detection\dataset\Indian Medicinal Leaves Image Datasets\Datasets_Plant\Lemon\953.jpg,Lemon,Lemon,whole_plant,train
C:\Users\hardi\Downloads\medicinal plants detection\dataset\Indian Medicinal Leaves Image Datasets\Datasets_Plant\Lemon\5117.jpg,Lemon,Lemon,whole_plant,train
C:\Users\hardi\Downloads\medicinal plants detection\dataset\Indian Medicinal Leaves Image Datasets\Datasets_Plant\Lemon\5166.jpg,Lemon,Lemon,whole_plant,train
C:\Users\hardi\Downloads\medicinal plants detection\dataset\Indian Medicinal Leaves Image Datasets\Datasets_Plant\Lemon\5139.jpg,Lemon,Lemon,whole_plant,train
C:\Users\hardi\Downloads\medicinal plants detection\dataset\Indian Medicinal Leaves Image Datasets\Datasets_Plant\Lemon\5172.jpg,Lemon,Lemon,whole_plant,train
C:\Users\hardi\Downloads\medicinal plants detection\dataset\Indian Medicinal Leaves Image Datasets\Datasets_Plant\Lemon\5173.jpg,Lemon,Lemon,whole_plant,train
C:\Users\hardi\Downloads\medicinal plants detection\dataset\Indian Medicinal Leaves Image Datasets\Datasets_Plant\Lemon\5130.jpg,Lemon,Lemon,whole_plant,train
C:\Users\hardi\Downloads\medicinal plants detection\dataset\Indian Medicinal Leaves Image Datasets\Datasets_Plant\Lemon\960.jpg,Lemon,Lemon,whole_plant,train
C:\Users\hardi\Downloads\medicinal plants detection\dataset\Indian Medicinal Leaves Image Datasets\Datasets_Plant\Lemon\440.jpg,Lemon,Lemon,whole_plant,train
C:\Users\hardi\Downloads\medicinal plants detection\dataset\Indian Medicinal Leaves Image Datasets\Datasets_Plant\Lemon\5221.jpg,Lemon,Lemon,whole_plant,train
C:\Users\hardi\Downloads\medicinal plants detection\dataset\Indian Medicinal Leaves Image Datasets\Datasets_Plant\Lemon\5108.jpg,Lemon,Lemon,whole_plant,train
C:\Users\hardi\Downloads\medicinal plants detection\dataset\Indian Medicinal Leaves Image Datasets\Datasets_Plant\Lemon\5161.jpg,Lemon,Lemon,whole_plant,train
C:\Users\hardi\Downloads\medicinal plants detection\dataset\Indian Medicinal Leaves Image Datasets\Datasets_Plant\Lemon\5151.jpg,Lemon,Lemon,whole_plant,train
C:\Users\hardi\Downloads\medicinal plants detection\dataset\Indian Medicinal Leaves Image Datasets\Datasets_Plant\Lemon\5186.jpg,Lemon,Lemon,whole_plant,train
C:\Users\hardi\Downloads\medicinal plants detection\dataset\Indian Medicinal Leaves Image Datasets\Datasets_Plant\Lemon\435.jpg,Lemon,Lemon,whole_plant,train
C:\Users\hardi\Downloads\medicinal plants detection\dataset\Indian Medicinal Leaves Image Datasets\Datasets_Plant\Lemon\5126.jpg,Lemon,Lemon,whole_plant,val
C:\Users\hardi\Downloads\medicinal plants detection\dataset\Indian Medicinal Leaves Image Datasets\Datasets_Plant\Lemon\5170.jpg,Lemon,Lemon,whole_plant,val
C:\Users\hardi\Downloads\medicinal plants detection\dataset\Indian Medicinal Leaves Image Datasets\Datasets_Plant\Lemon\5137.jpg,Lemon,Lemon,whole_plant,val
C:\Users\hardi\Downloads\medicinal plants detection\dataset\Indian Medicinal Leaves Image Datasets\Datasets_Plant\Lemon\5138.jpg,Lemon,Lemon,whole_plant,val
C:\Users\hardi\Downloads\medicinal plants detection\dataset\Indian Medicinal Leaves Image Datasets\Datasets_Plant\Lemon\442.jpg,Lemon,Lemon,whole_plant,val
C:\Users\hardi\Downloads\medicinal plants detection\dataset\Indian Medicinal Leaves Image Datasets\Datasets_Plant\Lemon\5141.jpg,Lemon,Lemon,whole_plant,val
C:\Users\hardi\Downloads\medicinal plants detection\dataset\Indian Medicinal Leaves Image Datasets\Datasets_Plant\Lemon\441.jpg,Lemon,Lemon,whole_plant,val
C:\Users\hardi\Downloads\medicinal plants detection\dataset\Indian Medicinal Leaves Image Datasets\Datasets_Plant\Lemon\5106.jpg,Lemon,Lemon,whole_plant,val
C:\Users\hardi\Downloads\medicinal plants detection\dataset\Indian Medicinal Leaves Image Datasets\Datasets_Plant\Lemon\5208.jpg,Lemon,Lemon,whole_plant,val
C:\Users\hardi\Downloads\medicinal plants detection\dataset\Indian Medicinal Leaves Image Datasets\Datasets_Plant\Lemon\5213.jpg,Lemon,Lemon,whole_plant,val
C:\Users\hardi\Downloads\medicinal plants detection\dataset\Indian Medicinal Leaves Image Datasets\Datasets_Plant\Lemon\5120.jpg,Lemon,Lemon,whole_plant,val
C:\Users\hardi\Downloads\medicinal plants detection\dataset\Indian Medicinal Leaves Image Datasets\Datasets_Plant\Lemon\5112.jpg,Lemon,Lemon,whole_plant,val
C:\Users\hardi\Downloads\medicinal plants detection\dataset\Indian Medicinal Leaves Image Datasets\Datasets_Plant\Lemon\5217.jpg,Lemon,Lemon,whole_plant,val
C:\Users\hardi\Downloads\medicinal plants detection\dataset\Indian Medicinal Leaves Image Datasets\Datasets_Plant\Lemon\5136.jpg,Lemon,Lemon,whole_plant,val
C:\Users\hardi\Downloads\medicinal plants detection\dataset\Indian Medicinal Leaves Image Datasets\Datasets_Plant\Lemon\5147.jpg,Lemon,Lemon,whole_plant,val
C:\Users\hardi\Downloads\medicinal plants detection\dataset\Indian Medicinal Leaves Image Datasets\Datasets_Plant\Lemon\5182.jpg,Lemon,Lemon,whole_plant,val
C:\Users\hardi\Downloads\medicinal plants detection\dataset\Indian Medicinal Leaves Image Datasets\Datasets_Plant\Lemon\5113.jpg,Lemon,Lemon,whole_plant,val
C:\Users\hardi\Downloads\medicinal plants detection\dataset\Indian Medicinal Leaves Image Datasets\Datasets_Plant\Lemon\5216.jpg,Lemon,Lemon,whole_plant,val
C:\Users\hardi\Downloads\medicinal plants detection\dataset\Indian Medicinal Leaves Image Datasets\Datasets_Plant\Lemon\5190.jpg,Lemon,Lemon,whole_plant,val
C:\Users\hardi\Downloads\medicinal plants detection\dataset\Indian Medicinal Leaves Image Datasets\Datasets_Plant\Lemon\430.jpg,Lemon,Lemon,whole_plant,val
C:\Users\hardi\Downloads\medicinal plants detection\dataset\Indian Medicinal Leaves Image Datasets\Datasets_Plant\Lemon\5204.jpg,Lemon,Lemon,whole_plant,val
C:\Users\hardi\Downloads\medicinal plants detection\dataset\Indian Medicinal Leaves Image Datasets\Datasets_Plant\Lemon\5196.jpg,Lemon,Lemon,whole_plant,test
C:\Users\hardi\Downloads\medicinal plants detection\dataset\Indian Medicinal Leaves Image Datasets\Datasets_Plant\Lemon\957.jpg,Lemon,Lemon,whole_plant,test
C:\Users\hardi\Downloads\medicinal plants detection\dataset\Indian Medicinal Leaves Image Datasets\Datasets_Plant\Lemon\5168.jpg,Lemon,Lemon,whole_plant,test
C:\Users\hardi\Downloads\medicinal plants detection\dataset\Indian Medicinal Leaves Image Datasets\Datasets_Plant\Lemon\958.jpg,Lemon,Lemon,whole_plant,test
C:\Users\hardi\Downloads\medicinal plants detection\dataset\Indian Medicinal Leaves Image Datasets\Datasets_Plant\Lemon\5149.jpg,Lemon,Lemon,whole_plant,test
C:\Users\hardi\Downloads\medicinal plants detection\dataset\Indian Medicinal Leaves Image Datasets\Datasets_Plant\Lemon\5200.jpg,Lemon,Lemon,whole_plant,test
C:\Users\hardi\Downloads\medicinal plants detection\dataset\Indian Medicinal Leaves Image Datasets\Datasets_Plant\Lemon\5143.jpg,Lemon,Lemon,whole_plant,test
C:\Users\hardi\Downloads\medicinal plants detection\dataset\Indian Medicinal Leaves Image Datasets\Datasets_Plant\Lemon\961.jpg,Lemon,Lemon,whole_plant,test
C:\Users\hardi\Downloads\medicinal plants detection\dataset\Indian Medicinal Leaves Image Datasets\Datasets_Plant\Lemon\5222.jpg,Lemon,Lemon,whole_plant,test
C:\Users\hardi\Downloads\medicinal plants detection\dataset\Indian Medicinal Leaves Image Datasets\Datasets_Plant\Lemon\5152.jpg,Lemon,Lemon,whole_plant,test
C:\Users\hardi\Downloads\medicinal plants detection\dataset\Indian Medicinal Leaves Image Datasets\Datasets_Plant\Lemon\5148.jpg,Lemon,Lemon,whole_plant,test
C:\Users\hardi\Downloads\medicinal plants detection\dataset\Indian Medicinal Leaves Image Datasets\Datasets_Plant\Lemon\5116.jpg,Lemon,Lemon,whole_plant,test
C:\Users\hardi\Downloads\medicinal plants detection\dataset\Indian Medicinal Leaves Image Datasets\Datasets_Plant\Lemon\437.jpg,Lemon,Lemon,whole_plant,test
C:\Users\hardi\Downloads\medicinal plants detection\dataset\Indian Medicinal Leaves Image Datasets\Datasets_Plant\Lemon\438.jpg,Lemon,Lemon,whole_plant,test
C:\Users\hardi\Downloads\medicinal plants detection\dataset\Indian Medicinal Leaves Image Datasets\Datasets_Plant\Lemon\5201.jpg,Lemon,Lemon,whole_plant,test
C:\Users\hardi\Downloads\medicinal plants detection\dataset\Indian Medicinal Leaves Image Datasets\Datasets_Plant\Lemon\5115.jpg,Lemon,Lemon,whole_plant,test
C:\Users\hardi\Downloads\medicinal plants detection\dataset\Indian Medicinal Leaves Image Datasets\Datasets_Plant\Lemon\5119.jpg,Lemon,Lemon,whole_plant,test
C:\Users\hardi\Downloads\medicinal plants detection\dataset\Indian Medicinal Leaves Image Datasets\Datasets_Plant\Lemon\5128.jpg,Lemon,Lemon,whole_plant,test
C:\Users\hardi\Downloads\medicinal plants detection\dataset\Indian Medicinal Leaves Image Datasets\Datasets_Plant\Lemon\5150.jpg,Lemon,Lemon,whole_plant,test
C:\Users\hardi\Downloads\medicinal plants detection\dataset\Indian Medicinal Leaves Image Datasets\Datasets_Plant\Lemon\5155.jpg,Lemon,Lemon,whole_plant,test
C:\Users\hardi\Downloads\medicinal plants detection\dataset\Indian Medicinal Leaves Image Datasets\Datasets_Plant\Lemon\5163.jpg,Lemon,Lemon,whole_plant,test
C:\Users\hardi\Downloads\medicinal plants detection\dataset\Indian Medicinal Leaves Image Datasets\Datasets_Plant\Lemon\436.jpg,Lemon,Lemon,whole_plant,test
C:\Users\hardi\Downloads\medicinal plants detection\dataset\Indian Medicinal Leaves Image Datasets\Datasets_Plant\Lemon\5121.jpg,Lemon,Lemon,whole_plant,test
C:\Users\hardi\Downloads\medicinal plants detection\dataset\Indian Medicinal Leaves Image Datasets\Datasets_Plant\Lemon_grass\5474.jpg,Lemon_grass,Lemongrass,whole_plant,train
C:\Users\hardi\Downloads\medicinal plants detection\dataset\Indian Medicinal Leaves Image Datasets\Datasets_Plant\Lemon_grass\5515.jpg,Lemon_grass,Lemongrass,whole_plant,train
C:\Users\hardi\Downloads\medicinal plants detection\dataset\Indian Medicinal Leaves Image Datasets\Datasets_Plant\Lemon_grass\998.jpg,Lemon_grass,Lemongrass,whole_plant,train
C:\Users\hardi\Downloads\medicinal plants detection\dataset\Indian Medicinal Leaves Image Datasets\Datasets_Plant\Lemon_grass\476.jpg,Lemon_grass,Lemongrass,whole_plant,train
C:\Users\hardi\Downloads\medicinal plants detection\dataset\Indian Medicinal Leaves Image Datasets\Datasets_Plant\Lemon_grass\993.jpg,Lemon_grass,Lemongrass,whole_plant,train
C:\Users\hardi\Downloads\medicinal plants detection\dataset\Indian Medicinal Leaves Image Datasets\Datasets_Plant\Lemon_grass\5467.jpg,Lemon_grass,Lemongrass,whole_plant,train
C:\Users\hardi\Downloads\medicinal plants detection\dataset\Indian Medicinal Leaves Image Datasets\Datasets_Plant\Lemon_grass\5526.jpg,Lemon_grass,Lemongrass,whole_plant,train
C:\Users\hardi\Downloads\medicinal plants detection\dataset\Indian Medicinal Leaves Image Datasets\Datasets_Plant\Lemon_grass\5552.jpg,Lemon_grass,Lemongrass,whole_plant,train
C:\Users\hardi\Downloads\medicinal plants detection\dataset\Indian Medicinal Leaves Image Datasets\Datasets_Plant\Lemon_grass\5538.jpg,Lemon_grass,Lemongrass,whole_plant,train
C:\Users\hardi\Downloads\medicinal plants detection\dataset\Indian Medicinal Leaves Image Datasets\Datasets_Plant\Lemon_grass\991.jpg,Lemon_grass,Lemongrass,whole_plant,train
C:\Users\hardi\Downloads\medicinal plants detection\dataset\Indian Medicinal Leaves Image Datasets\Datasets_Plant\Lemon_grass\1001.jpg,Lemon_grass,Lemongrass,whole_plant,train
C:\Users\hardi\Downloads\medicinal plants detection\dataset\Indian Medicinal Leaves Image Datasets\Datasets_Plant\Lemon_grass\996.jpg,Lemon_grass,Lemongrass,whole_plant,train
C:\Users\hardi\Downloads\medicinal plants detection\dataset\Indian Medicinal Leaves Image Datasets\Datasets_Plant\Lemon_grass\5553.jpg,Lemon_grass,Lemongrass,whole_plant,train
C:\Users\hardi\Downloads\medicinal plants detection\dataset\Indian Medicinal Leaves Image Datasets\Datasets_Plant\Lemon_grass\5560.jpg,Lemon_grass,Lemongrass,whole_plant,train
C:\Users\hardi\Downloads\medicinal plants detection\dataset\Indian Medicinal Leaves Image Datasets\Datasets_Plant\Lemon_grass\5518.jpg,Lemon_grass,Lemongrass,whole_plant,train
C:\Users\hardi\Downloads\medicinal plants detection\dataset\Indian Medicinal Leaves Image Datasets\Datasets_Plant\Lemon_grass\5548.jpg,Lemon_grass,Lemongrass,whole_plant,train
C:\Users\hardi\Downloads\medicinal plants detection\dataset\Indian Medicinal Leaves Image Datasets\Datasets_Plant\Lemon_grass\5569.jpg,Lemon_grass,Lemongrass,whole_plant,train
C:\Users\hardi\Downloads\medicinal plants detection\dataset\Indian Medicinal Leaves Image Datasets\Datasets_Plant\Lemon_grass\5482.jpg,Lemon_grass,Lemongrass,whole_plant,train
C:\Users\hardi\Downloads\medicinal plants detection\dataset\Indian Medicinal Leaves Image Datasets\Datasets_Plant\Lemon_grass\5469.jpg,Lemon_grass,Lemongrass,whole_plant,train
C:\Users\hardi\Downloads\medicinal plants detection\dataset\Indian Medicinal Leaves Image Datasets\Datasets_Plant\Lemon_grass\5502.jpg,Lemon_grass,Lemongrass,whole_plant,train
C:\Users\hardi\Downloads\medicinal plants detection\dataset\Indian Medicinal Leaves Image Datasets\Datasets_Plant\Lemon_grass\5472.jpg,Lemon_grass,Lemongrass,whole_plant,train
C:\Users\hardi\Downloads\medicinal plants detection\dataset\Indian Medicinal Leaves Image Datasets\Datasets_Plant\Lemon_grass\5568.jpg,Lemon_grass,Lemongrass,whole_plant,train
C:\Users\hardi\Downloads\medicinal plants detection\dataset\Indian Medicinal Leaves Image Datasets\Datasets_Plant\Lemon_grass\989.jpg,Lemon_grass,Lemongrass,whole_plant,train
C:\Users\hardi\Downloads\medicinal plants detection\dataset\Indian Medicinal Leaves Image Datasets\Datasets_Plant\Lemon_grass\5487.jpg,Lemon_grass,Lemongrass,whole_plant,train
C:\Users\hardi\Downloads\medicinal plants detection\dataset\Indian Medicinal Leaves Image Datasets\Datasets_Plant\Lemon_grass\5567.jpg,Lemon_grass,Lemongrass,whole_plant,train
C:\Users\hardi\Downloads\medicinal plants detection\dataset\Indian Medicinal Leaves Image Datasets\Datasets_Plant\Lemon_grass\5503.jpg,Lemon_grass,Lemongrass,whole_plant,train
C:\Users\hardi\Downloads\medicinal plants detection\dataset\Indian Medicinal Leaves Image Datasets\Datasets_Plant\Lemon_grass\5490.jpg,Lemon_grass,Lemongrass,whole_plant,train
C:\Users\hardi\Downloads\medicinal plants detection\dataset\Indian Medicinal Leaves Image Datasets\Datasets_Plant\Lemon_grass\5481.jpg,Lemon_grass,Lemongrass,whole_plant,train
C:\Users\hardi\Downloads\medicinal plants detection\dataset\Indian Medicinal Leaves Image Datasets\Datasets_Plant\Lemon_grass\5571.jpg,Lemon_grass,Lemongrass,whole_plant,train
C:\Users\hardi\Downloads\medicinal plants detection\dataset\Indian Medicinal Leaves Image Datasets\Datasets_Plant\Lemon_grass\5501.jpg,Lemon_grass,Lemongrass,whole_plant,train
C:\Users\hardi\Downloads\medicinal plants detection\dataset\Indian Medicinal Leaves Image Datasets\Datasets_Plant\Lemon_grass\5483.jpg,Lemon_grass,Lemongrass,whole_plant,train
C:\Users\hardi\Downloads\medicinal plants detection\dataset\Indian Medicinal Leaves Image Datasets\Datasets_Plant\Lemon_grass\5557.jpg,Lemon_grass,Lemongrass,whole_plant,train
C:\Users\hardi\Downloads\medicinal plants detection\dataset\Indian Medicinal Leaves Image Datasets\Datasets_Plant\Lemon_grass\5524.jpg,Lemon_grass,Lemongrass,whole_plant,train
C:\Users\hardi\Downloads\medicinal plants detection\dataset\Indian Medicinal Leaves Image Datasets\Datasets_Plant\Lemon_grass\5513.jpg,Lemon_grass,Lemongrass,whole_plant,train
C:\Users\hardi\Downloads\medicinal plants detection\dataset\Indian Medicinal Leaves Image Datasets\Datasets_Plant\Lemon_grass\5507.jpg,Lemon_grass,Lemongrass,whole_plant,train
C:\Users\hardi\Downloads\medicinal plants detection\dataset\Indian Medicinal Leaves Image Datasets\Datasets_Plant\Lemon_grass\5545.jpg,Lemon_grass,Lemongrass,whole_plant,train
C:\Users\hardi\Downloads\medicinal plants detection\dataset\Indian Medicinal Leaves Image Datasets\Datasets_Plant\Lemon_grass\5576.jpg,Lemon_grass,Lemongrass,whole_plant,train
C:\Users\hardi\Downloads\medicinal plants detection\dataset\Indian Medicinal Leaves Image Datasets\Datasets_Plant\Lemon_grass\5508.jpg,Lemon_grass,Lemongrass,whole_plant,train
C:\Users\hardi\Downloads\medicinal plants detection\dataset\Indian Medicinal Leaves Image Datasets\Datasets_Plant\Lemon_grass\469.jpg,Lemon_grass,Lemongrass,whole_plant,train
C:\Users\hardi\Downloads\medicinal plants detection\dataset\Indian Medicinal Leaves Image Datasets\Datasets_Plant\Lemon_grass\5512.jpg,Lemon_grass,Lemongrass,whole_plant,train
C:\Users\hardi\Downloads\medicinal plants detection\dataset\Indian Medicinal Leaves Image Datasets\Datasets_Plant\Lemon_grass\5579.jpg,Lemon_grass,Lemongrass,whole_plant,train
C:\Users\hardi\Downloads\medicinal plants detection\dataset\Indian Medicinal Leaves Image Datasets\Datasets_Plant\Lemon_grass\5581.jpg,Lemon_grass,Lemongrass,whole_plant,train
C:\Users\hardi\Downloads\medicinal plants detection\dataset\Indian Medicinal Leaves Image Datasets\Datasets_Plant\Lemon_grass\481.jpg,Lemon_grass,Lemongrass,whole_plant,train
C:\Users\hardi\Downloads\medicinal plants detection\dataset\Indian Medicinal Leaves Image Datasets\Datasets_Plant\Lemon_grass\5519.jpg,Lemon_grass,Lemongrass,whole_plant,train
C:\Users\hardi\Downloads\medicinal plants detection\dataset\Indian Medicinal Leaves Image Datasets\Datasets_Plant\Lemon_grass\5570.jpg,Lemon_grass,Lemongrass,whole_plant,train
C:\Users\hardi\Downloads\medicinal plants detection\dataset\Indian Medicinal Leaves Image Datasets\Datasets_Plant\Lemon_grass\5511.jpg,Lemon_grass,Lemongrass,whole_plant,train
C:\Users\hardi\Downloads\medicinal plants detection\dataset\Indian Medicinal Leaves Image Datasets\Datasets_Plant\Lemon_grass\5528.jpg,Lemon_grass,Lemongrass,whole_plant,train
C:\Users\hardi\Downloads\medicinal plants detection\dataset\Indian Medicinal Leaves Image Datasets\Datasets_Plant\Lemon_grass\5534.jpg,Lemon_grass,Lemongrass,whole_plant,train
C:\Users\hardi\Downloads\medicinal plants detection\dataset\Indian Medicinal Leaves Image Datasets\Datasets_Plant\Lemon_grass\5504.jpg,Lemon_grass,Lemongrass,whole_plant,train
C:\Users\hardi\Downloads\medicinal plants detection\dataset\Indian Medicinal Leaves Image Datasets\Datasets_Plant\Lemon_grass\5537.jpg,Lemon_grass,Lemongrass,whole_plant,train
C:\Users\hardi\Downloads\medicinal plants detection\dataset\Indian Medicinal Leaves Image Datasets\Datasets_Plant\Lemon_grass\5517.jpg,Lemon_grass,Lemongrass,whole_plant,train
C:\Users\hardi\Downloads\medicinal plants detection\dataset\Indian Medicinal Leaves Image Datasets\Datasets_Plant\Lemon_grass\5485.jpg,Lemon_grass,Lemongrass,whole_plant,train
C:\Users\hardi\Downloads\medicinal plants detection\dataset\Indian Medicinal Leaves Image Datasets\Datasets_Plant\Lemon_grass\5578.jpg,Lemon_grass,Lemongrass,whole_plant,train
C:\Users\hardi\Downloads\medicinal plants detection\dataset\Indian Medicinal Leaves Image Datasets\Datasets_Plant\Lemon_grass\5491.jpg,Lemon_grass,Lemongrass,whole_plant,train
C:\Users\hardi\Downloads\medicinal plants detection\dataset\Indian Medicinal Leaves Image Datasets\Datasets_Plant\Lemon_grass\5489.jpg,Lemon_grass,Lemongrass,whole_plant,train
C:\Users\hardi\Downloads\medicinal plants detection\dataset\Indian Medicinal Leaves Image Datasets\Datasets_Plant\Lemon_grass\471.jpg,Lemon_grass,Lemongrass,whole_plant,train
C:\Users\hardi\Downloads\medicinal plants detection\dataset\Indian Medicinal Leaves Image Datasets\Datasets_Plant\Lemon_grass\5492.jpg,Lemon_grass,Lemongrass,whole_plant,train
C:\Users\hardi\Downloads\medicinal plants detection\dataset\Indian Medicinal Leaves Image Datasets\Datasets_Plant\Lemon_grass\5551.jpg,Lemon_grass,Lemongrass,whole_plant,train
C:\Users\hardi\Downloads\medicinal plants detection\dataset\Indian Medicinal Leaves Image Datasets\Datasets_Plant\Lemon_grass\5575.jpg,Lemon_grass,Lemongrass,whole_plant,train
C:\Users\hardi\Downloads\medicinal plants detection\dataset\Indian Medicinal Leaves Image Datasets\Datasets_Plant\Lemon_grass\5468.jpg,Lemon_grass,Lemongrass,whole_plant,train
C:\Users\hardi\Downloads\medicinal plants detection\dataset\Indian Medicinal Leaves Image Datasets\Datasets_Plant\Lemon_grass\5493.jpg,Lemon_grass,Lemongrass,whole_plant,train
C:\Users\hardi\Downloads\medicinal plants detection\dataset\Indian Medicinal Leaves Image Datasets\Datasets_Plant\Lemon_grass\5549.jpg,Lemon_grass,Lemongrass,whole_plant,train
C:\Users\hardi\Downloads\medicinal plants detection\dataset\Indian Medicinal Leaves Image Datasets\Datasets_Plant\Lemon_grass\992.jpg,Lemon_grass,Lemongrass,whole_plant,train
C:\Users\hardi\Downloads\medicinal plants detection\dataset\Indian Medicinal Leaves Image Datasets\Datasets_Plant\Lemon_grass\5499.jpg,Lemon_grass,Lemongrass,whole_plant,train
C:\Users\hardi\Downloads\medicinal plants detection\dataset\Indian Medicinal Leaves Image Datasets\Datasets_Plant\Lemon_grass\5559.jpg,Lemon_grass,Lemongrass,whole_plant,train
C:\Users\hardi\Downloads\medicinal plants detection\dataset\Indian Medicinal Leaves Image Datasets\Datasets_Plant\Lemon_grass\5530.jpg,Lemon_grass,Lemongrass,whole_plant,train
C:\Users\hardi\Downloads\medicinal plants detection\dataset\Indian Medicinal Leaves Image Datasets\Datasets_Plant\Lemon_grass\5539.jpg,Lemon_grass,Lemongrass,whole_plant,train
C:\Users\hardi\Downloads\medicinal plants detection\dataset\Indian Medicinal Leaves Image Datasets\Datasets_Plant\Lemon_grass\5554.jpg,Lemon_grass,Lemongrass,whole_plant,train
C:\Users\hardi\Downloads\medicinal plants detection\dataset\Indian Medicinal Leaves Image Datasets\Datasets_Plant\Lemon_grass\5536.jpg,Lemon_grass,Lemongrass,whole_plant,train
C:\Users\hardi\Downloads\medicinal plants detection\dataset\Indian Medicinal Leaves Image Datasets\Datasets_Plant\Lemon_grass\5546.jpg,Lemon_grass,Lemongrass,whole_plant,train
C:\Users\hardi\Downloads\medicinal plants detection\dataset\Indian Medicinal Leaves Image Datasets\Datasets_Plant\Lemon_grass\5543.jpg,Lemon_grass,Lemongrass,whole_plant,train
C:\Users\hardi\Downloads\medicinal plants detection\dataset\Indian Medicinal Leaves Image Datasets\Datasets_Plant\Lemon_grass\5573.jpg,Lemon_grass,Lemongrass,whole_plant,train
C:\Users\hardi\Downloads\medicinal plants detection\dataset\Indian Medicinal Leaves Image Datasets\Datasets_Plant\Lemon_grass\5533.jpg,Lemon_grass,Lemongrass,whole_plant,train
C:\Users\hardi\Downloads\medicinal plants detection\dataset\Indian Medicinal Leaves Image Datasets\Datasets_Plant\Lemon_grass\5582.jpg,Lemon_grass,Lemongrass,whole_plant,train
C:\Users\hardi\Downloads\medicinal plants detection\dataset\Indian Medicinal Leaves Image Datasets\Datasets_Plant\Lemon_grass\5540.jpg,Lemon_grass,Lemongrass,whole_plant,train
C:\Users\hardi\Downloads\medicinal plants detection\dataset\Indian Medicinal Leaves Image Datasets\Datasets_Plant\Lemon_grass\990.jpg,Lemon_grass,Lemongrass,whole_plant,train
C:\Users\hardi\Downloads\medicinal plants detection\dataset\Indian Medicinal Leaves Image Datasets\Datasets_Plant\Lemon_grass\5475.jpg,Lemon_grass,Lemongrass,whole_plant,train
C:\Users\hardi\Downloads\medicinal plants detection\dataset\Indian Medicinal Leaves Image Datasets\Datasets_Plant\Lemon_grass\5525.jpg,Lemon_grass,Lemongrass,whole_plant,train
C:\Users\hardi\Downloads\medicinal plants detection\dataset\Indian Medicinal Leaves Image Datasets\Datasets_Plant\Lemon_grass\5498.jpg,Lemon_grass,Lemongrass,whole_plant,train
C:\Users\hardi\Downloads\medicinal plants detection\dataset\Indian Medicinal Leaves Image Datasets\Datasets_Plant\Lemon_grass\5531.jpg,Lemon_grass,Lemongrass,whole_plant,train
C:\Users\hardi\Downloads\medicinal plants detection\dataset\Indian Medicinal Leaves Image Datasets\Datasets_Plant\Lemon_grass\5532.jpg,Lemon_grass,Lemongrass,whole_plant,train
C:\Users\hardi\Downloads\medicinal plants detection\dataset\Indian Medicinal Leaves Image Datasets\Datasets_Plant\Lemon_grass\5488.jpg,Lemon_grass,Lemongrass,whole_plant,train
C:\Users\hardi\Downloads\medicinal plants detection\dataset\Indian Medicinal Leaves Image Datasets\Datasets_Plant\Lemon_grass\997.jpg,Lemon_grass,Lemongrass,whole_plant,train
C:\Users\hardi\Downloads\medicinal plants detection\dataset\Indian Medicinal Leaves Image Datasets\Datasets_Plant\Lemon_grass\477.jpg,Lemon_grass,Lemongrass,whole_plant,train
C:\Users\hardi\Downloads\medicinal plants detection\dataset\Indian Medicinal Leaves Image Datasets\Datasets_Plant\Lemon_grass\5547.jpg,Lemon_grass,Lemongrass,whole_plant,train
C:\Users\hardi\Downloads\medicinal plants detection\dataset\Indian Medicinal Leaves Image Datasets\Datasets_Plant\Lemon_grass\5466.jpg,Lemon_grass,Lemongrass,whole_plant,train
C:\Users\hardi\Downloads\medicinal plants detection\dataset\Indian Medicinal Leaves Image Datasets\Datasets_Plant\Lemon_grass\5520.jpg,Lemon_grass,Lemongrass,whole_plant,train
C:\Users\hardi\Downloads\medicinal plants detection\dataset\Indian Medicinal Leaves Image Datasets\Datasets_Plant\Lemon_grass\5510.jpg,Lemon_grass,Lemongrass,whole_plant,train
C:\Users\hardi\Downloads\medicinal plants detection\dataset\Indian Medicinal Leaves Image Datasets\Datasets_Plant\Lemon_grass\472.jpg,Lemon_grass,Lemongrass,whole_plant,train
C:\Users\hardi\Downloads\medicinal plants detection\dataset\Indian Medicinal Leaves Image Datasets\Datasets_Plant\Lemon_grass\5484.jpg,Lemon_grass,Lemongrass,whole_plant,train
C:\Users\hardi\Downloads\medicinal plants detection\dataset\Indian Medicinal Leaves Image Datasets\Datasets_Plant\Lemon_grass\5580.jpg,Lemon_grass,Lemongrass,whole_plant,train
C:\Users\hardi\Downloads\medicinal plants detection\dataset\Indian Medicinal Leaves Image Datasets\Datasets_Plant\Lemon_grass\5496.jpg,Lemon_grass,Lemongrass,whole_plant,train
C:\Users\hardi\Downloads\medicinal plants detection\dataset\Indian Medicinal Leaves Image Datasets\Datasets_Plant\Lemon_grass\5497.jpg,Lemon_grass,Lemongrass,whole_plant,train
C:\Users\hardi\Downloads\medicinal plants detection\dataset\Indian Medicinal Leaves Image Datasets\Datasets_Plant\Lemon_grass\479.jpg,Lemon_grass,Lemongrass,whole_plant,train
C:\Users\hardi\Downloads\medicinal plants detection\dataset\Indian Medicinal Leaves Image Datasets\Datasets_Plant\Lemon_grass\5500.jpg,Lemon_grass,Lemongrass,whole_plant,train
C:\Users\hardi\Downloads\medicinal plants detection\dataset\Indian Medicinal Leaves Image Datasets\Datasets_Plant\Lemon_grass\5585.jpg,Lemon_grass,Lemongrass,whole_plant,train
C:\Users\hardi\Downloads\medicinal plants detection\dataset\Indian Medicinal Leaves Image Datasets\Datasets_Plant\Lemon_grass\480.jpg,Lemon_grass,Lemongrass,whole_plant,val
C:\Users\hardi\Downloads\medicinal plants detection\dataset\Indian Medicinal Leaves Image Datasets\Datasets_Plant\Lemon_grass\5555.jpg,Lemon_grass,Lemongrass,whole_plant,val
C:\Users\hardi\Downloads\medicinal plants detection\dataset\Indian Medicinal Leaves Image Datasets\Datasets_Plant\Lemon_grass\5562.jpg,Lemon_grass,Lemongrass,whole_plant,val
C:\Users\hardi\Downloads\medicinal plants detection\dataset\Indian Medicinal Leaves Image Datasets\Datasets_Plant\Lemon_grass\5583.jpg,Lemon_grass,Lemongrass,whole_plant,val
C:\Users\hardi\Downloads\medicinal plants detection\dataset\Indian Medicinal Leaves Image Datasets\Datasets_Plant\Lemon_grass\5470.jpg,Lemon_grass,Lemongrass,whole_plant,val
C:\Users\hardi\Downloads\medicinal plants detection\dataset\Indian Medicinal Leaves Image Datasets\Datasets_Plant\Lemon_grass\5566.jpg,Lemon_grass,Lemongrass,whole_plant,val
C:\Users\hardi\Downloads\medicinal plants detection\dataset\Indian Medicinal Leaves Image Datasets\Datasets_Plant\Lemon_grass\5494.jpg,Lemon_grass,Lemongrass,whole_plant,val
C:\Users\hardi\Downloads\medicinal plants detection\dataset\Indian Medicinal Leaves Image Datasets\Datasets_Plant\Lemon_grass\5506.jpg,Lemon_grass,Lemongrass,whole_plant,val
C:\Users\hardi\Downloads\medicinal plants detection\dataset\Indian Medicinal Leaves Image Datasets\Datasets_Plant\Lemon_grass\5572.jpg,Lemon_grass,Lemongrass,whole_plant,val
C:\Users\hardi\Downloads\medicinal plants detection\dataset\Indian Medicinal Leaves Image Datasets\Datasets_Plant\Lemon_grass\5471.jpg,Lemon_grass,Lemongrass,whole_plant,val
C:\Users\hardi\Downloads\medicinal plants detection\dataset\Indian Medicinal Leaves Image Datasets\Datasets_Plant\Lemon_grass\5565.jpg,Lemon_grass,Lemongrass,whole_plant,val
C:\Users\hardi\Downloads\medicinal plants detection\dataset\Indian Medicinal Leaves Image Datasets\Datasets_Plant\Lemon_grass\5550.jpg,Lemon_grass,Lemongrass,whole_plant,val
C:\Users\hardi\Downloads\medicinal plants detection\dataset\Indian Medicinal Leaves Image Datasets\Datasets_Plant\Lemon_grass\1000.jpg,Lemon_grass,Lemongrass,whole_plant,val
C:\Users\hardi\Downloads\medicinal plants detection\dataset\Indian Medicinal Leaves Image Datasets\Datasets_Plant\Lemon_grass\5556.jpg,Lemon_grass,Lemongrass,whole_plant,val
C:\Users\hardi\Downloads\medicinal plants detection\dataset\Indian Medicinal Leaves Image Datasets\Datasets_Plant\Lemon_grass\994.jpg,Lemon_grass,Lemongrass,whole_plant,val
C:\Users\hardi\Downloads\medicinal plants detection\dataset\Indian Medicinal Leaves Image Datasets\Datasets_Plant\Lemon_grass\5527.jpg,Lemon_grass,Lemongrass,whole_plant,val
C:\Users\hardi\Downloads\medicinal plants detection\dataset\Indian Medicinal Leaves Image Datasets\Datasets_Plant\Lemon_grass\995.jpg,Lemon_grass,Lemongrass,whole_plant,val
C:\Users\hardi\Downloads\medicinal plants detection\dataset\Indian Medicinal Leaves Image Datasets\Datasets_Plant\Lemon_grass\999.jpg,Lemon_grass,Lemongrass,whole_plant,val
C:\Users\hardi\Downloads\medicinal plants detection\dataset\Indian Medicinal Leaves Image Datasets\Datasets_Plant\Lemon_grass\5505.jpg,Lemon_grass,Lemongrass,whole_plant,val
C:\Users\hardi\Downloads\medicinal plants detection\dataset\Indian Medicinal Leaves Image Datasets\Datasets_Plant\Lemon_grass\5521.jpg,Lemon_grass,Lemongrass,whole_plant,val
C:\Users\hardi\Downloads\medicinal plants detection\dataset\Indian Medicinal Leaves Image Datasets\Datasets_Plant\Lemon_grass\5541.jpg,Lemon_grass,Lemongrass,whole_plant,test
C:\Users\hardi\Downloads\medicinal plants detection\dataset\Indian Medicinal Leaves Image Datasets\Datasets_Plant\Lemon_grass\5535.jpg,Lemon_grass,Lemongrass,whole_plant,test
C:\Users\hardi\Downloads\medicinal plants detection\dataset\Indian Medicinal Leaves Image Datasets\Datasets_Plant\Lemon_grass\5544.jpg,Lemon_grass,Lemongrass,whole_plant,test
C:\Users\hardi\Downloads\medicinal plants detection\dataset\Indian Medicinal Leaves Image Datasets\Datasets_Plant\Lemon_grass\5476.jpg,Lemon_grass,Lemongrass,whole_plant,test
C:\Users\hardi\Downloads\medicinal plants detection\dataset\Indian Medicinal Leaves Image Datasets\Datasets_Plant\Lemon_grass\5523.jpg,Lemon_grass,Lemongrass,whole_plant,test
C:\Users\hardi\Downloads\medicinal plants detection\dataset\Indian Medicinal Leaves Image Datasets\Datasets_Plant\Lemon_grass\470.jpg,Lemon_grass,Lemongrass,whole_plant,test
C:\Users\hardi\Downloads\medicinal plants detection\dataset\Indian Medicinal Leaves Image Datasets\Datasets_Plant\Lemon_grass\5529.jpg,Lemon_grass,Lemongrass,whole_plant,test
C:\Users\hardi\Downloads\medicinal plants detection\dataset\Indian Medicinal Leaves Image Datasets\Datasets_Plant\Lemon_grass\5516.jpg,Lemon_grass,Lemongrass,whole_plant,test
C:\Users\hardi\Downloads\medicinal plants detection\dataset\Indian Medicinal Leaves Image Datasets\Datasets_Plant\Lemon_grass\5480.jpg,Lemon_grass,Lemongrass,whole_plant,test
C:\Users\hardi\Downloads\medicinal plants detection\dataset\Indian Medicinal Leaves Image Datasets\Datasets_Plant\Lemon_grass\5478.jpg,Lemon_grass,Lemongrass,whole_plant,test
C:\Users\hardi\Downloads\medicinal plants detection\dataset\Indian Medicinal Leaves Image Datasets\Datasets_Plant\Lemon_grass\478.jpg,Lemon_grass,Lemongrass,whole_plant,test
C:\Users\hardi\Downloads\medicinal plants detection\dataset\Indian Medicinal Leaves Image Datasets\Datasets_Plant\Lemon_grass\474.jpg,Lemon_grass,Lemongrass,whole_plant,test
C:\Users\hardi\Downloads\medicinal plants detection\dataset\Indian Medicinal Leaves Image Datasets\Datasets_Plant\Lemon_grass\475.jpg,Lemon_grass,Lemongrass,whole_plant,test
C:\Users\hardi\Downloads\medicinal plants detection\dataset\Indian Medicinal Leaves Image Datasets\Datasets_Plant\Lemon_grass\5564.jpg,Lemon_grass,Lemongrass,whole_plant,test
C:\Users\hardi\Downloads\medicinal plants detection\dataset\Indian Medicinal Leaves Image Datasets\Datasets_Plant\Lemon_grass\5473.jpg,Lemon_grass,Lemongrass,whole_plant,test
C:\Users\hardi\Downloads\medicinal plants detection\dataset\Indian Medicinal Leaves Image Datasets\Datasets_Plant\Lemon_grass\5477.jpg,Lemon_grass,Lemongrass,whole_plant,test
C:\Users\hardi\Downloads\medicinal plants detection\dataset\Indian Medicinal Leaves Image Datasets\Datasets_Plant\Lemon_grass\5486.jpg,Lemon_grass,Lemongrass,whole_plant,test
C:\Users\hardi\Downloads\medicinal plants detection\dataset\Indian Medicinal Leaves Image Datasets\Datasets_Plant\Lemon_grass\5509.jpg,Lemon_grass,Lemongrass,whole_plant,test
C:\Users\hardi\Downloads\medicinal plants detection\dataset\Indian Medicinal Leaves Image Datasets\Datasets_Plant\Lemon_grass\5514.jpg,Lemon_grass,Lemongrass,whole_plant,test
C:\Users\hardi\Downloads\medicinal plants detection\dataset\Indian Medicinal Leaves Image Datasets\Datasets_Plant\Lemon_grass\5522.jpg,Lemon_grass,Lemongrass,whole_plant,test
C:\Users\hardi\Downloads\medicinal plants detection\dataset\Indian Medicinal Leaves Image Datasets\Datasets_Plant\Lemon_grass\473.jpg,Lemon_grass,Lemongrass,whole_plant,test
C:\Users\hardi\Downloads\medicinal plants detection\dataset\Indian Medicinal Leaves Image Datasets\Datasets_Plant\Lemon_grass\5479.jpg,Lemon_grass,Lemongrass,whole_plant,test
C:\Users\hardi\Downloads\medicinal plants detection\dataset\Indian Medicinal Leaves Image Datasets\Datasets_Plant\Mango\942.jpg,Mango,Mango,whole_plant,train
C:\Users\hardi\Downloads\medicinal plants detection\dataset\Indian Medicinal Leaves Image Datasets\Datasets_Plant\Mango\4991.jpg,Mango,Mango,whole_plant,train
C:\Users\hardi\Downloads\medicinal plants detection\dataset\Indian Medicinal Leaves Image Datasets\Datasets_Plant\Mango\5055.jpg,Mango,Mango,whole_plant,train
C:\Users\hardi\Downloads\medicinal plants detection\dataset\Indian Medicinal Leaves Image Datasets\Datasets_Plant\Mango\5024.jpg,Mango,Mango,whole_plant,train
C:\Users\hardi\Downloads\medicinal plants detection\dataset\Indian Medicinal Leaves Image Datasets\Datasets_Plant\Mango\5047.jpg,Mango,Mango,whole_plant,train
C:\Users\hardi\Downloads\medicinal plants detection\dataset\Indian Medicinal Leaves Image Datasets\Datasets_Plant\Mango\5086.jpg,Mango,Mango,whole_plant,train
C:\Users\hardi\Downloads\medicinal plants detection\dataset\Indian Medicinal Leaves Image Datasets\Datasets_Plant\Mango\5103.jpg,Mango,Mango,whole_plant,train
C:\Users\hardi\Downloads\medicinal plants detection\dataset\Indian Medicinal Leaves Image Datasets\Datasets_Plant\Mango\5003.jpg,Mango,Mango,whole_plant,train
C:\Users\hardi\Downloads\medicinal plants detection\dataset\Indian Medicinal Leaves Image Datasets\Datasets_Plant\Mango\938.jpg,Mango,Mango,whole_plant,train
C:\Users\hardi\Downloads\medicinal plants detection\dataset\Indian Medicinal Leaves Image Datasets\Datasets_Plant\Mango\5094.jpg,Mango,Mango,whole_plant,train
C:\Users\hardi\Downloads\medicinal plants detection\dataset\Indian Medicinal Leaves Image Datasets\Datasets_Plant\Mango\5045.jpg,Mango,Mango,whole_plant,train
C:\Users\hardi\Downloads\medicinal plants detection\dataset\Indian Medicinal Leaves Image Datasets\Datasets_Plant\Mango\5042.jpg,Mango,Mango,whole_plant,train
C:\Users\hardi\Downloads\medicinal plants detection\dataset\Indian Medicinal Leaves Image Datasets\Datasets_Plant\Mango\946.jpg,Mango,Mango,whole_plant,train
C:\Users\hardi\Downloads\medicinal plants detection\dataset\Indian Medicinal Leaves Image Datasets\Datasets_Plant\Mango\5011.jpg,Mango,Mango,whole_plant,train
C:\Users\hardi\Downloads\medicinal plants detection\dataset\Indian Medicinal Leaves Image Datasets\Datasets_Plant\Mango\5056.jpg,Mango,Mango,whole_plant,train
C:\Users\hardi\Downloads\medicinal plants detection\dataset\Indian Medicinal Leaves Image Datasets\Datasets_Plant\Mango\5005.jpg,Mango,Mango,whole_plant,train
C:\Users\hardi\Downloads\medicinal plants detection\dataset\Indian Medicinal Leaves Image Datasets\Datasets_Plant\Mango\5065.jpg,Mango,Mango,whole_plant,train
C:\Users\hardi\Downloads\medicinal plants detection\dataset\Indian Medicinal Leaves Image Datasets\Datasets_Plant\Mango\5034.jpg,Mango,Mango,whole_plant,train
C:\Users\hardi\Downloads\medicinal plants detection\dataset\Indian Medicinal Leaves Image Datasets\Datasets_Plant\Mango\5015.jpg,Mango,Mango,whole_plant,train
C:\Users\hardi\Downloads\medicinal plants detection\dataset\Indian Medicinal Leaves Image Datasets\Datasets_Plant\Mango\5059.jpg,Mango,Mango,whole_plant,train
C:\Users\hardi\Downloads\medicinal plants detection\dataset\Indian Medicinal Leaves Image Datasets\Datasets_Plant\Mango\5099.jpg,Mango,Mango,whole_plant,train
C:\Users\hardi\Downloads\medicinal plants detection\dataset\Indian Medicinal Leaves Image Datasets\Datasets_Plant\Mango\949.jpg,Mango,Mango,whole_plant,train
C:\Users\hardi\Downloads\medicinal plants detection\dataset\Indian Medicinal Leaves Image Datasets\Datasets_Plant\Mango\5025.jpg,Mango,Mango,whole_plant,train
C:\Users\hardi\Downloads\medicinal plants detection\dataset\Indian Medicinal Leaves Image Datasets\Datasets_Plant\Mango\418.jpg,Mango,Mango,whole_plant,train
C:\Users\hardi\Downloads\medicinal plants detection\dataset\Indian Medicinal Leaves Image Datasets\Datasets_Plant\Mango\5061.jpg,Mango,Mango,whole_plant,train
C:\Users\hardi\Downloads\medicinal plants detection\dataset\Indian Medicinal Leaves Image Datasets\Datasets_Plant\Mango\5104.jpg,Mango,Mango,whole_plant,train
C:\Users\hardi\Downloads\medicinal plants detection\dataset\Indian Medicinal Leaves Image Datasets\Datasets_Plant\Mango\5036.jpg,Mango,Mango,whole_plant,train
C:\Users\hardi\Downloads\medicinal plants detection\dataset\Indian Medicinal Leaves Image Datasets\Datasets_Plant\Mango\5075.jpg,Mango,Mango,whole_plant,train
C:\Users\hardi\Downloads\medicinal plants detection\dataset\Indian Medicinal Leaves Image Datasets\Datasets_Plant\Mango\5049.jpg,Mango,Mango,whole_plant,train
C:\Users\hardi\Downloads\medicinal plants detection\dataset\Indian Medicinal Leaves Image Datasets\Datasets_Plant\Mango\939.jpg,Mango,Mango,whole_plant,train
C:\Users\hardi\Downloads\medicinal plants detection\dataset\Indian Medicinal Leaves Image Datasets\Datasets_Plant\Mango\941.jpg,Mango,Mango,whole_plant,train
C:\Users\hardi\Downloads\medicinal plants detection\dataset\Indian Medicinal Leaves Image Datasets\Datasets_Plant\Mango\5012.jpg,Mango,Mango,whole_plant,train
C:\Users\hardi\Downloads\medicinal plants detection\dataset\Indian Medicinal Leaves Image Datasets\Datasets_Plant\Mango\5085.jpg,Mango,Mango,whole_plant,train
C:\Users\hardi\Downloads\medicinal plants detection\dataset\Indian Medicinal Leaves Image Datasets\Datasets_Plant\Mango\5033.jpg,Mango,Mango,whole_plant,train
C:\Users\hardi\Downloads\medicinal plants detection\dataset\Indian Medicinal Leaves Image Datasets\Datasets_Plant\Mango\5095.jpg,Mango,Mango,whole_plant,train
C:\Users\hardi\Downloads\medicinal plants detection\dataset\Indian Medicinal Leaves Image Datasets\Datasets_Plant\Mango\5060.jpg,Mango,Mango,whole_plant,train
C:\Users\hardi\Downloads\medicinal plants detection\dataset\Indian Medicinal Leaves Image Datasets\Datasets_Plant\Mango\4989.jpg,Mango,Mango,whole_plant,train
C:\Users\hardi\Downloads\medicinal plants detection\dataset\Indian Medicinal Leaves Image Datasets\Datasets_Plant\Mango\5067.jpg,Mango,Mango,whole_plant,train
C:\Users\hardi\Downloads\medicinal plants detection\dataset\Indian Medicinal Leaves Image Datasets\Datasets_Plant\Mango\5054.jpg,Mango,Mango,whole_plant,train
C:\Users\hardi\Downloads\medicinal plants detection\dataset\Indian Medicinal Leaves Image Datasets\Datasets_Plant\Mango\5037.jpg,Mango,Mango,whole_plant,train
C:\Users\hardi\Downloads\medicinal plants detection\dataset\Indian Medicinal Leaves Image Datasets\Datasets_Plant\Mango\5040.jpg,Mango,Mango,whole_plant,train
C:\Users\hardi\Downloads\medicinal plants detection\dataset\Indian Medicinal Leaves Image Datasets\Datasets_Plant\Mango\5014.jpg,Mango,Mango,whole_plant,train
C:\Users\hardi\Downloads\medicinal plants detection\dataset\Indian Medicinal Leaves Image Datasets\Datasets_Plant\Mango\5090.jpg,Mango,Mango,whole_plant,train
C:\Users\hardi\Downloads\medicinal plants detection\dataset\Indian Medicinal Leaves Image Datasets\Datasets_Plant\Mango\937.jpg,Mango,Mango,whole_plant,train
C:\Users\hardi\Downloads\medicinal plants detection\dataset\Indian Medicinal Leaves Image Datasets\Datasets_Plant\Mango\5009.jpg,Mango,Mango,whole_plant,train
C:\Users\hardi\Downloads\medicinal plants detection\dataset\Indian Medicinal Leaves Image Datasets\Datasets_Plant\Mango\5082.jpg,Mango,Mango,whole_plant,train
C:\Users\hardi\Downloads\medicinal plants detection\dataset\Indian Medicinal Leaves Image Datasets\Datasets_Plant\Mango\421.jpg,Mango,Mango,whole_plant,train
C:\Users\hardi\Downloads\medicinal plants detection\dataset\Indian Medicinal Leaves Image Datasets\Datasets_Plant\Mango\4990.jpg,Mango,Mango,whole_plant,train
C:\Users\hardi\Downloads\medicinal plants detection\dataset\Indian Medicinal Leaves Image Datasets\Datasets_Plant\Mango\4998.jpg,Mango,Mango,whole_plant,train
C:\Users\hardi\Downloads\medicinal plants detection\dataset\Indian Medicinal Leaves Image Datasets\Datasets_Plant\Mango\5100.jpg,Mango,Mango,whole_plant,train
C:\Users\hardi\Downloads\medicinal plants detection\dataset\Indian Medicinal Leaves Image Datasets\Datasets_Plant\Mango\419.jpg,Mango,Mango,whole_plant,train
C:\Users\hardi\Downloads\medicinal plants detection\dataset\Indian Medicinal Leaves Image Datasets\Datasets_Plant\Mango\5092.jpg,Mango,Mango,whole_plant,train
C:\Users\hardi\Downloads\medicinal plants detection\dataset\Indian Medicinal Leaves Image Datasets\Datasets_Plant\Mango\420.jpg,Mango,Mango,whole_plant,train
C:\Users\hardi\Downloads\medicinal plants detection\dataset\Indian Medicinal Leaves Image Datasets\Datasets_Plant\Mango\5089.jpg,Mango,Mango,whole_plant,train
C:\Users\hardi\Downloads\medicinal plants detection\dataset\Indian Medicinal Leaves Image Datasets\Datasets_Plant\Mango\5022.jpg,Mango,Mango,whole_plant,train
C:\Users\hardi\Downloads\medicinal plants detection\dataset\Indian Medicinal Leaves Image Datasets\Datasets_Plant\Mango\5026.jpg,Mango,Mango,whole_plant,train
C:\Users\hardi\Downloads\medicinal plants detection\dataset\Indian Medicinal Leaves Image Datasets\Datasets_Plant\Mango\5039.jpg,Mango,Mango,whole_plant,train
C:\Users\hardi\Downloads\medicinal plants detection\dataset\Indian Medicinal Leaves Image Datasets\Datasets_Plant\Mango\5083.jpg,Mango,Mango,whole_plant,train
C:\Users\hardi\Downloads\medicinal plants detection\dataset\Indian Medicinal Leaves Image Datasets\Datasets_Plant\Mango\4987.jpg,Mango,Mango,whole_plant,train
C:\Users\hardi\Downloads\medicinal plants detection\dataset\Indian Medicinal Leaves Image Datasets\Datasets_Plant\Mango\5051.jpg,Mango,Mango,whole_plant,train
C:\Users\hardi\Downloads\medicinal plants detection\dataset\Indian Medicinal Leaves Image Datasets\Datasets_Plant\Mango\5077.jpg,Mango,Mango,whole_plant,train
C:\Users\hardi\Downloads\medicinal plants detection\dataset\Indian Medicinal Leaves Image Datasets\Datasets_Plant\Mango\5013.jpg,Mango,Mango,whole_plant,train
C:\Users\hardi\Downloads\medicinal plants detection\dataset\Indian Medicinal Leaves Image Datasets\Datasets_Plant\Mango\5038.jpg,Mango,Mango,whole_plant,train
C:\Users\hardi\Downloads\medicinal plants detection\dataset\Indian Medicinal Leaves Image Datasets\Datasets_Plant\Mango\5044.jpg,Mango,Mango,whole_plant,train
C:\Users\hardi\Downloads\medicinal plants detection\dataset\Indian Medicinal Leaves Image Datasets\Datasets_Plant\Mango\5064.jpg,Mango,Mango,whole_plant,train
C:\Users\hardi\Downloads\medicinal plants detection\dataset\Indian Medicinal Leaves Image Datasets\Datasets_Plant\Mango\5105.jpg,Mango,Mango,whole_plant,train
C:\Users\hardi\Downloads\medicinal plants detection\dataset\Indian Medicinal Leaves Image Datasets\Datasets_Plant\Mango\5098.jpg,Mango,Mango,whole_plant,train
C:\Users\hardi\Downloads\medicinal plants detection\dataset\Indian Medicinal Leaves Image Datasets\Datasets_Plant\Mango\5004.jpg,Mango,Mango,whole_plant,train
C:\Users\hardi\Downloads\medicinal plants detection\dataset\Indian Medicinal Leaves Image Datasets\Datasets_Plant\Mango\5071.jpg,Mango,Mango,whole_plant,train
C:\Users\hardi\Downloads\medicinal plants detection\dataset\Indian Medicinal Leaves Image Datasets\Datasets_Plant\Mango\4994.jpg,Mango,Mango,whole_plant,train
C:\Users\hardi\Downloads\medicinal plants detection\dataset\Indian Medicinal Leaves Image Datasets\Datasets_Plant\Mango\426.jpg,Mango,Mango,whole_plant,train
C:\Users\hardi\Downloads\medicinal plants detection\dataset\Indian Medicinal Leaves Image Datasets\Datasets_Plant\Mango\5007.jpg,Mango,Mango,whole_plant,train
C:\Users\hardi\Downloads\medicinal plants detection\dataset\Indian Medicinal Leaves Image Datasets\Datasets_Plant\Mango\943.jpg,Mango,Mango,whole_plant,train
C:\Users\hardi\Downloads\medicinal plants detection\dataset\Indian Medicinal Leaves Image Datasets\Datasets_Plant\Mango\5078.jpg,Mango,Mango,whole_plant,train
C:\Users\hardi\Downloads\medicinal plants detection\dataset\Indian Medicinal Leaves Image Datasets\Datasets_Plant\Mango\5020.jpg,Mango,Mango,whole_plant,train
C:\Users\hardi\Downloads\medicinal plants detection\dataset\Indian Medicinal Leaves Image Datasets\Datasets_Plant\Mango\5091.jpg,Mango,Mango,whole_plant,train
C:\Users\hardi\Downloads\medicinal plants detection\dataset\Indian Medicinal Leaves Image Datasets\Datasets_Plant\Mango\5063.jpg,Mango,Mango,whole_plant,train
C:\Users\hardi\Downloads\medicinal plants detection\dataset\Indian Medicinal Leaves Image Datasets\Datasets_Plant\Mango\5072.jpg,Mango,Mango,whole_plant,train
C:\Users\hardi\Downloads\medicinal plants detection\dataset\Indian Medicinal Leaves Image Datasets\Datasets_Plant\Mango\5087.jpg,Mango,Mango,whole_plant,train
C:\Users\hardi\Downloads\medicinal plants detection\dataset\Indian Medicinal Leaves Image Datasets\Datasets_Plant\Mango\5069.jpg,Mango,Mango,whole_plant,train
C:\Users\hardi\Downloads\medicinal plants detection\dataset\Indian Medicinal Leaves Image Datasets\Datasets_Plant\Mango\5079.jpg,Mango,Mango,whole_plant,train
C:\Users\hardi\Downloads\medicinal plants detection\dataset\Indian Medicinal Leaves Image Datasets\Datasets_Plant\Mango\5058.jpg,Mango,Mango,whole_plant,train
C:\Users\hardi\Downloads\medicinal plants detection\dataset\Indian Medicinal Leaves Image Datasets\Datasets_Plant\Mango\5068.jpg,Mango,Mango,whole_plant,train
C:\Users\hardi\Downloads\medicinal plants detection\dataset\Indian Medicinal Leaves Image Datasets\Datasets_Plant\Mango\5073.jpg,Mango,Mango,whole_plant,train
C:\Users\hardi\Downloads\medicinal plants detection\dataset\Indian Medicinal Leaves Image Datasets\Datasets_Plant\Mango\5002.jpg,Mango,Mango,whole_plant,train
C:\Users\hardi\Downloads\medicinal plants detection\dataset\Indian Medicinal Leaves Image Datasets\Datasets_Plant\Mango\5057.jpg,Mango,Mango,whole_plant,train
C:\Users\hardi\Downloads\medicinal plants detection\dataset\Indian Medicinal Leaves Image Datasets\Datasets_Plant\Mango\5074.jpg,Mango,Mango,whole_plant,train
C:\Users\hardi\Downloads\medicinal plants detection\dataset\Indian Medicinal Leaves Image Datasets\Datasets_Plant\Mango\940.jpg,Mango,Mango,whole_plant,train
C:\Users\hardi\Downloads\medicinal plants detection\dataset\Indian Medicinal Leaves Image Datasets\Datasets_Plant\Mango\4997.jpg,Mango,Mango,whole_plant,train
C:\Users\hardi\Downloads\medicinal plants detection\dataset\Indian Medicinal Leaves Image Datasets\Datasets_Plant\Mango\5046.jpg,Mango,Mango,whole_plant,train
C:\Users\hardi\Downloads\medicinal plants detection\dataset\Indian Medicinal Leaves Image Datasets\Datasets_Plant\Mango\5019.jpg,Mango,Mango,whole_plant,train
C:\Users\hardi\Downloads\medicinal plants detection\dataset\Indian Medicinal Leaves Image Datasets\Datasets_Plant\Mango\5052.jpg,Mango,Mango,whole_plant,train
C:\Users\hardi\Downloads\medicinal plants detection\dataset\Indian Medicinal Leaves Image Datasets\Datasets_Plant\Mango\5053.jpg,Mango,Mango,whole_plant,train
C:\Users\hardi\Downloads\medicinal plants detection\dataset\Indian Medicinal Leaves Image Datasets\Datasets_Plant\Mango\5010.jpg,Mango,Mango,whole_plant,train
C:\Users\hardi\Downloads\medicinal plants detection\dataset\Indian Medicinal Leaves Image Datasets\Datasets_Plant\Mango\947.jpg,Mango,Mango,whole_plant,train
C:\Users\hardi\Downloads\medicinal plants detection\dataset\Indian Medicinal Leaves Image Datasets\Datasets_Plant\Mango\427.jpg,Mango,Mango,whole_plant,train
C:\Users\hardi\Downloads\medicinal plants detection\dataset\Indian Medicinal Leaves Image Datasets\Datasets_Plant\Mango\5101.jpg,Mango,Mango,whole_plant,train
C:\Users\hardi\Downloads\medicinal plants detection\dataset\Indian Medicinal Leaves Image Datasets\Datasets_Plant\Mango\4988.jpg,Mango,Mango,whole_plant,train
C:\Users\hardi\Downloads\medicinal plants detection\dataset\Indian Medicinal Leaves Image Datasets\Datasets_Plant\Mango\5041.jpg,Mango,Mango,whole_plant,train
C:\Users\hardi\Downloads\medicinal plants detection\dataset\Indian Medicinal Leaves Image Datasets\Datasets_Plant\Mango\5031.jpg,Mango,Mango,whole_plant,train
C:\Users\hardi\Downloads\medicinal plants detection\dataset\Indian Medicinal Leaves Image Datasets\Datasets_Plant\Mango\5066.jpg,Mango,Mango,whole_plant,train
C:\Users\hardi\Downloads\medicinal plants detection\dataset\Indian Medicinal Leaves Image Datasets\Datasets_Plant\Mango\422.jpg,Mango,Mango,whole_plant,train
C:\Users\hardi\Downloads\medicinal plants detection\dataset\Indian Medicinal Leaves Image Datasets\Datasets_Plant\Mango\5006.jpg,Mango,Mango,whole_plant,val
C:\Users\hardi\Downloads\medicinal plants detection\dataset\Indian Medicinal Leaves Image Datasets\Datasets_Plant\Mango\5050.jpg,Mango,Mango,whole_plant,val
C:\Users\hardi\Downloads\medicinal plants detection\dataset\Indian Medicinal Leaves Image Datasets\Datasets_Plant\Mango\5017.jpg,Mango,Mango,whole_plant,val
C:\Users\hardi\Downloads\medicinal plants detection\dataset\Indian Medicinal Leaves Image Datasets\Datasets_Plant\Mango\5018.jpg,Mango,Mango,whole_plant,val
C:\Users\hardi\Downloads\medicinal plants detection\dataset\Indian Medicinal Leaves Image Datasets\Datasets_Plant\Mango\429.jpg,Mango,Mango,whole_plant,val
C:\Users\hardi\Downloads\medicinal plants detection\dataset\Indian Medicinal Leaves Image Datasets\Datasets_Plant\Mango\5021.jpg,Mango,Mango,whole_plant,val
C:\Users\hardi\Downloads\medicinal plants detection\dataset\Indian Medicinal Leaves Image Datasets\Datasets_Plant\Mango\428.jpg,Mango,Mango,whole_plant,val
C:\Users\hardi\Downloads\medicinal plants detection\dataset\Indian Medicinal Leaves Image Datasets\Datasets_Plant\Mango\4986.jpg,Mango,Mango,whole_plant,val
C:\Users\hardi\Downloads\medicinal plants detection\dataset\Indian Medicinal Leaves Image Datasets\Datasets_Plant\Mango\5088.jpg,Mango,Mango,whole_plant,val
C:\Users\hardi\Downloads\medicinal plants detection\dataset\Indian Medicinal Leaves Image Datasets\Datasets_Plant\Mango\5093.jpg,Mango,Mango,whole_plant,val
C:\Users\hardi\Downloads\medicinal plants detection\dataset\Indian Medicinal Leaves Image Datasets\Datasets_Plant\Mango\5000.jpg,Mango,Mango,whole_plant,val
C:\Users\hardi\Downloads\medicinal plants detection\dataset\Indian Medicinal Leaves Image Datasets\Datasets_Plant\Mango\4992.jpg,Mango,Mango,whole_plant,val
C:\Users\hardi\Downloads\medicinal plants detection\dataset\Indian Medicinal Leaves Image Datasets\Datasets_Plant\Mango\5097.jpg,Mango,Mango,whole_plant,val
C:\Users\hardi\Downloads\medicinal plants detection\dataset\Indian Medicinal Leaves Image Datasets\Datasets_Plant\Mango\5016.jpg,Mango,Mango,whole_plant,val
C:\Users\hardi\Downloads\medicinal plants detection\dataset\Indian Medicinal Leaves Image Datasets\Datasets_Plant\Mango\5027.jpg,Mango,Mango,whole_plant,val
C:\Users\hardi\Downloads\medicinal plants detection\dataset\Indian Medicinal Leaves Image Datasets\Datasets_Plant\Mango\5062.jpg,Mango,Mango,whole_plant,val
C:\Users\hardi\Downloads\medicinal plants detection\dataset\Indian Medicinal Leaves Image Datasets\Datasets_Plant\Mango\4993.jpg,Mango,Mango,whole_plant,val
C:\Users\hardi\Downloads\medicinal plants detection\dataset\Indian Medicinal Leaves Image Datasets\Datasets_Plant\Mango\5096.jpg,Mango,Mango,whole_plant,val
C:\Users\hardi\Downloads\medicinal plants detection\dataset\Indian Medicinal Leaves Image Datasets\Datasets_Plant\Mango\5070.jpg,Mango,Mango,whole_plant,val
C:\Users\hardi\Downloads\medicinal plants detection\dataset\Indian Medicinal Leaves Image Datasets\Datasets_Plant\Mango\417.jpg,Mango,Mango,whole_plant,val
C:\Users\hardi\Downloads\medicinal plants detection\dataset\Indian Medicinal Leaves Image Datasets\Datasets_Plant\Mango\5084.jpg,Mango,Mango,whole_plant,val
C:\Users\hardi\Downloads\medicinal plants detection\dataset\Indian Medicinal Leaves Image Datasets\Datasets_Plant\Mango\5076.jpg,Mango,Mango,whole_plant,test
C:\Users\hardi\Downloads\medicinal plants detection\dataset\Indian Medicinal Leaves Image Datasets\Datasets_Plant\Mango\944.jpg,Mango,Mango,whole_plant,test
C:\Users\hardi\Downloads\medicinal plants detection\dataset\Indian Medicinal Leaves Image Datasets\Datasets_Plant\Mango\5048.jpg,Mango,Mango,whole_plant,test
C:\Users\hardi\Downloads\medicinal plants detection\dataset\Indian Medicinal Leaves Image Datasets\Datasets_Plant\Mango\945.jpg,Mango,Mango,whole_plant,test
C:\Users\hardi\Downloads\medicinal plants detection\dataset\Indian Medicinal Leaves Image Datasets\Datasets_Plant\Mango\5029.jpg,Mango,Mango,whole_plant,test
C:\Users\hardi\Downloads\medicinal plants detection\dataset\Indian Medicinal Leaves Image Datasets\Datasets_Plant\Mango\5080.jpg,Mango,Mango,whole_plant,test
C:\Users\hardi\Downloads\medicinal plants detection\dataset\Indian Medicinal Leaves Image Datasets\Datasets_Plant\Mango\5023.jpg,Mango,Mango,whole_plant,test
C:\Users\hardi\Downloads\medicinal plants detection\dataset\Indian Medicinal Leaves Image Datasets\Datasets_Plant\Mango\948.jpg,Mango,Mango,whole_plant,test
C:\Users\hardi\Downloads\medicinal plants detection\dataset\Indian Medicinal Leaves Image Datasets\Datasets_Plant\Mango\5102.jpg,Mango,Mango,whole_plant,test
C:\Users\hardi\Downloads\medicinal plants detection\dataset\Indian Medicinal Leaves Image Datasets\Datasets_Plant\Mango\5032.jpg,Mango,Mango,whole_plant,test
C:\Users\hardi\Downloads\medicinal plants detection\dataset\Indian Medicinal Leaves Image Datasets\Datasets_Plant\Mango\5028.jpg,Mango,Mango,whole_plant,test
C:\Users\hardi\Downloads\medicinal plants detection\dataset\Indian Medicinal Leaves Image Datasets\Datasets_Plant\Mango\4996.jpg,Mango,Mango,whole_plant,test
C:\Users\hardi\Downloads\medicinal plants detection\dataset\Indian Medicinal Leaves Image Datasets\Datasets_Plant\Mango\424.jpg,Mango,Mango,whole_plant,test
C:\Users\hardi\Downloads\medicinal plants detection\dataset\Indian Medicinal Leaves Image Datasets\Datasets_Plant\Mango\425.jpg,Mango,Mango,whole_plant,test
C:\Users\hardi\Downloads\medicinal plants detection\dataset\Indian Medicinal Leaves Image Datasets\Datasets_Plant\Mango\5081.jpg,Mango,Mango,whole_plant,test
C:\Users\hardi\Downloads\medicinal plants detection\dataset\Indian Medicinal Leaves Image Datasets\Datasets_Plant\Mango\4995.jpg,Mango,Mango,whole_plant,test
C:\Users\hardi\Downloads\medicinal plants detection\dataset\Indian Medicinal Leaves Image Datasets\Datasets_Plant\Mango\4999.jpg,Mango,Mango,whole_plant,test
C:\Users\hardi\Downloads\medicinal plants detection\dataset\Indian Medicinal Leaves Image Datasets\Datasets_Plant\Mango\5008.jpg,Mango,Mango,whole_plant,test
C:\Users\hardi\Downloads\medicinal plants detection\dataset\Indian Medicinal Leaves Image Datasets\Datasets_Plant\Mango\5030.jpg,Mango,Mango,whole_plant,test
C:\Users\hardi\Downloads\medicinal plants detection\dataset\Indian Medicinal Leaves Image Datasets\Datasets_Plant\Mango\5035.jpg,Mango,Mango,whole_plant,test
C:\Users\hardi\Downloads\medicinal plants detection\dataset\Indian Medicinal Leaves Image Datasets\Datasets_Plant\Mango\5043.jpg,Mango,Mango,whole_plant,test
C:\Users\hardi\Downloads\medicinal plants detection\dataset\Indian Medicinal Leaves Image Datasets\Datasets_Plant\Mango\423.jpg,Mango,Mango,whole_plant,test
C:\Users\hardi\Downloads\medicinal plants detection\dataset\Indian Medicinal Leaves Image Datasets\Datasets_Plant\Mango\5001.jpg,Mango,Mango,whole_plant,test
C:\Users\hardi\Downloads\medicinal plants detection\dataset\Indian Medicinal Leaves Image Datasets\Datasets_Plant\Mint\4101.jpg,Mint,Mint,whole_plant,train
C:\Users\hardi\Downloads\medicinal plants detection\dataset\Indian Medicinal Leaves Image Datasets\Datasets_Plant\Mint\4096.jpg,Mint,Mint,whole_plant,train
C:\Users\hardi\Downloads\medicinal plants detection\dataset\Indian Medicinal Leaves Image Datasets\Datasets_Plant\Mint\841.jpg,Mint,Mint,whole_plant,train
C:\Users\hardi\Downloads\medicinal plants detection\dataset\Indian Medicinal Leaves Image Datasets\Datasets_Plant\Mint\4004.jpg,Mint,Mint,whole_plant,train
C:\Users\hardi\Downloads\medicinal plants detection\dataset\Indian Medicinal Leaves Image Datasets\Datasets_Plant\Mint\4032.jpg,Mint,Mint,whole_plant,train
C:\Users\hardi\Downloads\medicinal plants detection\dataset\Indian Medicinal Leaves Image Datasets\Datasets_Plant\Mint\4014.jpg,Mint,Mint,whole_plant,train
C:\Users\hardi\Downloads\medicinal plants detection\dataset\Indian Medicinal Leaves Image Datasets\Datasets_Plant\Mint\4088.jpg,Mint,Mint,whole_plant,train
C:\Users\hardi\Downloads\medicinal plants detection\dataset\Indian Medicinal Leaves Image Datasets\Datasets_Plant\Mint\837.jpg,Mint,Mint,whole_plant,train
C:\Users\hardi\Downloads\medicinal plants detection\dataset\Indian Medicinal Leaves Image Datasets\Datasets_Plant\Mint\4065.jpg,Mint,Mint,whole_plant,train
C:\Users\hardi\Downloads\medicinal plants detection\dataset\Indian Medicinal Leaves Image Datasets\Datasets_Plant\Mint\4034.jpg,Mint,Mint,whole_plant,train
C:\Users\hardi\Downloads\medicinal plants detection\dataset\Indian Medicinal Leaves Image Datasets\Datasets_Plant\Mint\842.jpg,Mint,Mint,whole_plant,train
C:\Users\hardi\Downloads\medicinal plants detection\dataset\Indian Medicinal Leaves Image Datasets\Datasets_Plant\Mint\3983.jpg,Mint,Mint,whole_plant,train
C:\Users\hardi\Downloads\medicinal plants detection\dataset\Indian Medicinal Leaves Image Datasets\Datasets_Plant\Mint\4095.jpg,Mint,Mint,whole_plant,train
C:\Users\hardi\Downloads\medicinal plants detection\dataset\Indian Medicinal Leaves Image Datasets\Datasets_Plant\Mint\4084.jpg,Mint,Mint,whole_plant,train
C:\Users\hardi\Downloads\medicinal plants detection\dataset\Indian Medicinal Leaves Image Datasets\Datasets_Plant\Mint\4061.jpg,Mint,Mint,whole_plant,train
C:\Users\hardi\Downloads\medicinal plants detection\dataset\Indian Medicinal Leaves Image Datasets\Datasets_Plant\Mint\313.jpg,Mint,Mint,whole_plant,train
C:\Users\hardi\Downloads\medicinal plants detection\dataset\Indian Medicinal Leaves Image Datasets\Datasets_Plant\Mint\4097.jpg,Mint,Mint,whole_plant,train
C:\Users\hardi\Downloads\medicinal plants detection\dataset\Indian Medicinal Leaves Image Datasets\Datasets_Plant\Mint\4007.jpg,Mint,Mint,whole_plant,train
C:\Users\hardi\Downloads\medicinal plants detection\dataset\Indian Medicinal Leaves Image Datasets\Datasets_Plant\Mint\4037.jpg,Mint,Mint,whole_plant,train
C:\Users\hardi\Downloads\medicinal plants detection\dataset\Indian Medicinal Leaves Image Datasets\Datasets_Plant\Mint\3995.jpg,Mint,Mint,whole_plant,train
C:\Users\hardi\Downloads\medicinal plants detection\dataset\Indian Medicinal Leaves Image Datasets\Datasets_Plant\Mint\4053.jpg,Mint,Mint,whole_plant,train
C:\Users\hardi\Downloads\medicinal plants detection\dataset\Indian Medicinal Leaves Image Datasets\Datasets_Plant\Mint\315.jpg,Mint,Mint,whole_plant,train
C:\Users\hardi\Downloads\medicinal plants detection\dataset\Indian Medicinal Leaves Image Datasets\Datasets_Plant\Mint\4090.jpg,Mint,Mint,whole_plant,train
C:\Users\hardi\Downloads\medicinal plants detection\dataset\Indian Medicinal Leaves Image Datasets\Datasets_Plant\Mint\4019.jpg,Mint,Mint,whole_plant,train
C:\Users\hardi\Downloads\medicinal plants detection\dataset\Indian Medicinal Leaves Image Datasets\Datasets_Plant\Mint\4041.jpg,Mint,Mint,whole_plant,train
C:\Users\hardi\Downloads\medicinal plants detection\dataset\Indian Medicinal Leaves Image Datasets\Datasets_Plant\Mint\4003.jpg,Mint,Mint,whole_plant,train
C:\Users\hardi\Downloads\medicinal plants detection\dataset\Indian Medicinal Leaves Image Datasets\Datasets_Plant\Mint\4086.jpg,Mint,Mint,whole_plant,train
C:\Users\hardi\Downloads\medicinal plants detection\dataset\Indian Medicinal Leaves Image Datasets\Datasets_Plant\Mint\838.jpg,Mint,Mint,whole_plant,train
C:\Users\hardi\Downloads\medicinal plants detection\dataset\Indian Medicinal Leaves Image Datasets\Datasets_Plant\Mint\4026.jpg,Mint,Mint,whole_plant,train
C:\Users\hardi\Downloads\medicinal plants detection\dataset\Indian Medicinal Leaves Image Datasets\Datasets_Plant\Mint\4077.jpg,Mint,Mint,whole_plant,train
C:\Users\hardi\Downloads\medicinal plants detection\dataset\Indian Medicinal Leaves Image Datasets\Datasets_Plant\Mint\4029.jpg,Mint,Mint,whole_plant,train
C:\Users\hardi\Downloads\medicinal plants detection\dataset\Indian Medicinal Leaves Image Datasets\Datasets_Plant\Mint\316.jpg,Mint,Mint,whole_plant,train
C:\Users\hardi\Downloads\medicinal plants detection\dataset\Indian Medicinal Leaves Image Datasets\Datasets_Plant\Mint\4059.jpg,Mint,Mint,whole_plant,train
C:\Users\hardi\Downloads\medicinal plants detection\dataset\Indian Medicinal Leaves Image Datasets\Datasets_Plant\Mint\4017.jpg,Mint,Mint,whole_plant,train
C:\Users\hardi\Downloads\medicinal plants detection\dataset\Indian Medicinal Leaves Image Datasets\Datasets_Plant\Mint\3997.jpg,Mint,Mint,whole_plant,train
C:\Users\hardi\Downloads\medicinal plants detection\dataset\Indian Medicinal Leaves Image Datasets\Datasets_Plant\Mint\4048.jpg,Mint,Mint,whole_plant,train
C:\Users\hardi\Downloads\medicinal plants detection\dataset\Indian Medicinal Leaves Image Datasets\Datasets_Plant\Mint\3979.jpg,Mint,Mint,whole_plant,train
C:\Users\hardi\Downloads\medicinal plants detection\dataset\Indian Medicinal Leaves Image Datasets\Datasets_Plant\Mint\833.jpg,Mint,Mint,whole_plant,train
C:\Users\hardi\Downloads\medicinal plants detection\dataset\Indian Medicinal Leaves Image Datasets\Datasets_Plant\Mint\4028.jpg,Mint,Mint,whole_plant,train
C:\Users\hardi\Downloads\medicinal plants detection\dataset\Indian Medicinal Leaves Image Datasets\Datasets_Plant\Mint\4100.jpg,Mint,Mint,whole_plant,train
C:\Users\hardi\Downloads\medicinal plants detection\dataset\Indian Medicinal Leaves Image Datasets\Datasets_Plant\Mint\4089.jpg,Mint,Mint,whole_plant,train
C:\Users\hardi\Downloads\medicinal plants detection\dataset\Indian Medicinal Leaves Image Datasets\Datasets_Plant\Mint\4056.jpg,Mint,Mint,whole_plant,train
C:\Users\hardi\Downloads\medicinal plants detection\dataset\Indian Medicinal Leaves Image Datasets\Datasets_Plant\Mint\4074.jpg,Mint,Mint,whole_plant,train
C:\Users\hardi\Downloads\medicinal plants detection\dataset\Indian Medicinal Leaves Image Datasets\Datasets_Plant\Mint\4076.jpg,Mint,Mint,whole_plant,train
C:\Users\hardi\Downloads\medicinal plants detection\dataset\Indian Medicinal Leaves Image Datasets\Datasets_Plant\Mint\4051.jpg,Mint,Mint,whole_plant,train
C:\Users\hardi\Downloads\medicinal plants detection\dataset\Indian Medicinal Leaves Image Datasets\Datasets_Plant\Mint\4071.jpg,Mint,Mint,whole_plant,train
C:\Users\hardi\Downloads\medicinal plants detection\dataset\Indian Medicinal Leaves Image Datasets\Datasets_Plant\Mint\4060.jpg,Mint,Mint,whole_plant,train
C:\Users\hardi\Downloads\medicinal plants detection\dataset\Indian Medicinal Leaves Image Datasets\Datasets_Plant\Mint\3981.jpg,Mint,Mint,whole_plant,train
C:\Users\hardi\Downloads\medicinal plants detection\dataset\Indian Medicinal Leaves Image Datasets\Datasets_Plant\Mint\4078.jpg,Mint,Mint,whole_plant,train
C:\Users\hardi\Downloads\medicinal plants detection\dataset\Indian Medicinal Leaves Image Datasets\Datasets_Plant\Mint\4031.jpg,Mint,Mint,whole_plant,train
C:\Users\hardi\Downloads\medicinal plants detection\dataset\Indian Medicinal Leaves Image Datasets\Datasets_Plant\Mint\4018.jpg,Mint,Mint,whole_plant,train
C:\Users\hardi\Downloads\medicinal plants detection\dataset\Indian Medicinal Leaves Image Datasets\Datasets_Plant\Mint\3990.jpg,Mint,Mint,whole_plant,train
C:\Users\hardi\Downloads\medicinal plants detection\dataset\Indian Medicinal Leaves Image Datasets\Datasets_Plant\Mint\4039.jpg,Mint,Mint,whole_plant,train
C:\Users\hardi\Downloads\medicinal plants detection\dataset\Indian Medicinal Leaves Image Datasets\Datasets_Plant\Mint\4040.jpg,Mint,Mint,whole_plant,train
C:\Users\hardi\Downloads\medicinal plants detection\dataset\Indian Medicinal Leaves Image Datasets\Datasets_Plant\Mint\4025.jpg,Mint,Mint,whole_plant,train
C:\Users\hardi\Downloads\medicinal plants detection\dataset\Indian Medicinal Leaves Image Datasets\Datasets_Plant\Mint\4063.jpg,Mint,Mint,whole_plant,train
C:\Users\hardi\Downloads\medicinal plants detection\dataset\Indian Medicinal Leaves Image Datasets\Datasets_Plant\Mint\4066.jpg,Mint,Mint,whole_plant,train
C:\Users\hardi\Downloads\medicinal plants detection\dataset\Indian Medicinal Leaves Image Datasets\Datasets_Plant\Mint\4098.jpg,Mint,Mint,whole_plant,train
C:\Users\hardi\Downloads\medicinal plants detection\dataset\Indian Medicinal Leaves Image Datasets\Datasets_Plant\Mint\4001.jpg,Mint,Mint,whole_plant,train
C:\Users\hardi\Downloads\medicinal plants detection\dataset\Indian Medicinal Leaves Image Datasets\Datasets_Plant\Mint\4050.jpg,Mint,Mint,whole_plant,train
C:\Users\hardi\Downloads\medicinal plants detection\dataset\Indian Medicinal Leaves Image Datasets\Datasets_Plant\Mint\4085.jpg,Mint,Mint,whole_plant,train
C:\Users\hardi\Downloads\medicinal plants detection\dataset\Indian Medicinal Leaves Image Datasets\Datasets_Plant\Mint\4030.jpg,Mint,Mint,whole_plant,train
C:\Users\hardi\Downloads\medicinal plants detection\dataset\Indian Medicinal Leaves Image Datasets\Datasets_Plant\Mint\3982.jpg,Mint,Mint,whole_plant,train
C:\Users\hardi\Downloads\medicinal plants detection\dataset\Indian Medicinal Leaves Image Datasets\Datasets_Plant\Mint\4016.jpg,Mint,Mint,whole_plant,train
C:\Users\hardi\Downloads\medicinal plants detection\dataset\Indian Medicinal Leaves Image Datasets\Datasets_Plant\Mint\4102.jpg,Mint,Mint,whole_plant,train
C:\Users\hardi\Downloads\medicinal plants detection\dataset\Indian Medicinal Leaves Image Datasets\Datasets_Plant\Mint\317.jpg,Mint,Mint,whole_plant,train
C:\Users\hardi\Downloads\medicinal plants detection\dataset\Indian Medicinal Leaves Image Datasets\Datasets_Plant\Mint\4054.jpg,Mint,Mint,whole_plant,train
C:\Users\hardi\Downloads\medicinal plants detection\dataset\Indian Medicinal Leaves Image Datasets\Datasets_Plant\Mint\834.jpg,Mint,Mint,whole_plant,train
C:\Users\hardi\Downloads\medicinal plants detection\dataset\Indian Medicinal Leaves Image Datasets\Datasets_Plant\Mint\4006.jpg,Mint,Mint,whole_plant,train
C:\Users\hardi\Downloads\medicinal plants detection\dataset\Indian Medicinal Leaves Image Datasets\Datasets_Plant\Mint\845.jpg,Mint,Mint,whole_plant,train
C:\Users\hardi\Downloads\medicinal plants detection\dataset\Indian Medicinal Leaves Image Datasets\Datasets_Plant\Mint\4043.jpg,Mint,Mint,whole_plant,train
C:\Users\hardi\Downloads\medicinal plants detection\dataset\Indian Medicinal Leaves Image Datasets\Datasets_Plant\Mint\4092.jpg,Mint,Mint,whole_plant,train
C:\Users\hardi\Downloads\medicinal plants detection\dataset\Indian Medicinal Leaves Image Datasets\Datasets_Plant\Mint\4103.jpg,Mint,Mint,whole_plant,train
C:\Users\hardi\Downloads\medicinal plants detection\dataset\Indian Medicinal Leaves Image Datasets\Datasets_Plant\Mint\4047.jpg,Mint,Mint,whole_plant,train
C:\Users\hardi\Downloads\medicinal plants detection\dataset\Indian Medicinal Leaves Image Datasets\Datasets_Plant\Mint\3996.jpg,Mint,Mint,whole_plant,train
C:\Users\hardi\Downloads\medicinal plants detection\dataset\Indian Medicinal Leaves Image Datasets\Datasets_Plant\Mint\4099.jpg,Mint,Mint,whole_plant,train
C:\Users\hardi\Downloads\medicinal plants detection\dataset\Indian Medicinal Leaves Image Datasets\Datasets_Plant\Mint\3986.jpg,Mint,Mint,whole_plant,train
C:\Users\hardi\Downloads\medicinal plants detection\dataset\Indian Medicinal Leaves Image Datasets\Datasets_Plant\Mint\322.jpg,Mint,Mint,whole_plant,train
C:\Users\hardi\Downloads\medicinal plants detection\dataset\Indian Medicinal Leaves Image Datasets\Datasets_Plant\Mint\3999.jpg,Mint,Mint,whole_plant,train
C:\Users\hardi\Downloads\medicinal plants detection\dataset\Indian Medicinal Leaves Image Datasets\Datasets_Plant\Mint\839.jpg,Mint,Mint,whole_plant,train
C:\Users\hardi\Downloads\medicinal plants detection\dataset\Indian Medicinal Leaves Image Datasets\Datasets_Plant\Mint\4081.jpg,Mint,Mint,whole_plant,train
C:\Users\hardi\Downloads\medicinal plants detection\dataset\Indian Medicinal Leaves Image Datasets\Datasets_Plant\Mint\4012.jpg,Mint,Mint,whole_plant,train
C:\Users\hardi\Downloads\medicinal plants detection\dataset\Indian Medicinal Leaves Image Datasets\Datasets_Plant\Mint\3985.jpg,Mint,Mint,whole_plant,train
C:\Users\hardi\Downloads\medicinal plants detection\dataset\Indian Medicinal Leaves Image Datasets\Datasets_Plant\Mint\4064.jpg,Mint,Mint,whole_plant,train
C:\Users\hardi\Downloads\medicinal plants detection\dataset\Indian Medicinal Leaves Image Datasets\Datasets_Plant\Mint\4046.jpg,Mint,Mint,whole_plant,train
C:\Users\hardi\Downloads\medicinal plants detection\dataset\Indian Medicinal Leaves Image Datasets\Datasets_Plant\Mint\4080.jpg,Mint,Mint,whole_plant,train
C:\Users\hardi\Downloads\medicinal plants detection\dataset\Indian Medicinal Leaves Image Datasets\Datasets_Plant\Mint\4091.jpg,Mint,Mint,whole_plant,train
C:\Users\hardi\Downloads\medicinal plants detection\dataset\Indian Medicinal Leaves Image Datasets\Datasets_Plant\Mint\4070.jpg,Mint,Mint,whole_plant,train
C:\Users\hardi\Downloads\medicinal plants detection\dataset\Indian Medicinal Leaves Image Datasets\Datasets_Plant\Mint\4082.jpg,Mint,Mint,whole_plant,train
C:\Users\hardi\Downloads\medicinal plants detection\dataset\Indian Medicinal Leaves Image Datasets\Datasets_Plant\Mint\4057.jpg,Mint,Mint,whole_plant,train
C:\Users\hardi\Downloads\medicinal plants detection\dataset\Indian Medicinal Leaves Image Datasets\Datasets_Plant\Mint\4069.jpg,Mint,Mint,whole_plant,train
C:\Users\hardi\Downloads\medicinal plants detection\dataset\Indian Medicinal Leaves Image Datasets\Datasets_Plant\Mint\4067.jpg,Mint,Mint,whole_plant,train
C:\Users\hardi\Downloads\medicinal plants detection\dataset\Indian Medicinal Leaves Image Datasets\Datasets_Plant\Mint\3994.jpg,Mint,Mint,whole_plant,train
C:\Users\hardi\Downloads\medicinal plants detection\dataset\Indian Medicinal Leaves Image Datasets\Datasets_Plant\Mint\4049.jpg,Mint,Mint,whole_plant,train
C:\Users\hardi\Downloads\medicinal plants detection\dataset\Indian Medicinal Leaves Image Datasets\Datasets_Plant\Mint\4075.jpg,Mint,Mint,whole_plant,train
C:\Users\hardi\Downloads\medicinal plants detection\dataset\Indian Medicinal Leaves Image Datasets\Datasets_Plant\Mint\835.jpg,Mint,Mint,whole_plant,train
C:\Users\hardi\Downloads\medicinal plants detection\dataset\Indian Medicinal Leaves Image Datasets\Datasets_Plant\Mint\4055.jpg,Mint,Mint,whole_plant,train
C:\Users\hardi\Downloads\medicinal plants detection\dataset\Indian Medicinal Leaves Image Datasets\Datasets_Plant\Mint\3989.jpg,Mint,Mint,whole_plant,train
C:\Users\hardi\Downloads\medicinal plants detection\dataset\Indian Medicinal Leaves Image Datasets\Datasets_Plant\Mint\4038.jpg,Mint,Mint,whole_plant,train
C:\Users\hardi\Downloads\medicinal plants detection\dataset\Indian Medicinal Leaves Image Datasets\Datasets_Plant\Mint\4011.jpg,Mint,Mint,whole_plant,train
C:\Users\hardi\Downloads\medicinal plants detection\dataset\Indian Medicinal Leaves Image Datasets\Datasets_Plant\Mint\4044.jpg,Mint,Mint,whole_plant,train
C:\Users\hardi\Downloads\medicinal plants detection\dataset\Indian Medicinal Leaves Image Datasets\Datasets_Plant\Mint\4045.jpg,Mint,Mint,whole_plant,train
C:\Users\hardi\Downloads\medicinal plants detection\dataset\Indian Medicinal Leaves Image Datasets\Datasets_Plant\Mint\4002.jpg,Mint,Mint,whole_plant,train
C:\Users\hardi\Downloads\medicinal plants detection\dataset\Indian Medicinal Leaves Image Datasets\Datasets_Plant\Mint\843.jpg,Mint,Mint,whole_plant,train
C:\Users\hardi\Downloads\medicinal plants detection\dataset\Indian Medicinal Leaves Image Datasets\Datasets_Plant\Mint\323.jpg,Mint,Mint,whole_plant,train
C:\Users\hardi\Downloads\medicinal plants detection\dataset\Indian Medicinal Leaves Image Datasets\Datasets_Plant\Mint\4083.jpg,Mint,Mint,whole_plant,train
C:\Users\hardi\Downloads\medicinal plants detection\dataset\Indian Medicinal Leaves Image Datasets\Datasets_Plant\Mint\3980.jpg,Mint,Mint,whole_plant,train
C:\Users\hardi\Downloads\medicinal plants detection\dataset\Indian Medicinal Leaves Image Datasets\Datasets_Plant\Mint\4033.jpg,Mint,Mint,whole_plant,val
C:\Users\hardi\Downloads\medicinal plants detection\dataset\Indian Medicinal Leaves Image Datasets\Datasets_Plant\Mint\4023.jpg,Mint,Mint,whole_plant,val
C:\Users\hardi\Downloads\medicinal plants detection\dataset\Indian Medicinal Leaves Image Datasets\Datasets_Plant\Mint\4058.jpg,Mint,Mint,whole_plant,val
C:\Users\hardi\Downloads\medicinal plants detection\dataset\Indian Medicinal Leaves Image Datasets\Datasets_Plant\Mint\318.jpg,Mint,Mint,whole_plant,val
C:\Users\hardi\Downloads\medicinal plants detection\dataset\Indian Medicinal Leaves Image Datasets\Datasets_Plant\Mint\4068.jpg,Mint,Mint,whole_plant,val
C:\Users\hardi\Downloads\medicinal plants detection\dataset\Indian Medicinal Leaves Image Datasets\Datasets_Plant\Mint\3998.jpg,Mint,Mint,whole_plant,val
C:\Users\hardi\Downloads\medicinal plants detection\dataset\Indian Medicinal Leaves Image Datasets\Datasets_Plant\Mint\4042.jpg,Mint,Mint,whole_plant,val
C:\Users\hardi\Downloads\medicinal plants detection\dataset\Indian Medicinal Leaves Image Datasets\Datasets_Plant\Mint\4009.jpg,Mint,Mint,whole_plant,val
C:\Users\hardi\Downloads\medicinal plants detection\dataset\Indian Medicinal Leaves Image Datasets\Datasets_Plant\Mint\4093.jpg,Mint,Mint,whole_plant,val
C:\Users\hardi\Downloads\medicinal plants detection\dataset\Indian Medicinal Leaves Image Datasets\Datasets_Plant\Mint\4010.jpg,Mint,Mint,whole_plant,val
C:\Users\hardi\Downloads\medicinal plants detection\dataset\Indian Medicinal Leaves Image Datasets\Datasets_Plant\Mint\325.jpg,Mint,Mint,whole_plant,val
C:\Users\hardi\Downloads\medicinal plants detection\dataset\Indian Medicinal Leaves Image Datasets\Datasets_Plant\Mint\4013.jpg,Mint,Mint,whole_plant,val
C:\Users\hardi\Downloads\medicinal plants detection\dataset\Indian Medicinal Leaves Image Datasets\Datasets_Plant\Mint\324.jpg,Mint,Mint,whole_plant,val
C:\Users\hardi\Downloads\medicinal plants detection\dataset\Indian Medicinal Leaves Image Datasets\Datasets_Plant\Mint\3978.jpg,Mint,Mint,whole_plant,val
C:\Users\hardi\Downloads\medicinal plants detection\dataset\Indian Medicinal Leaves Image Datasets\Datasets_Plant\Mint\4008.jpg,Mint,Mint,whole_plant,val
C:\Users\hardi\Downloads\medicinal plants detection\dataset\Indian Medicinal Leaves Image Datasets\Datasets_Plant\Mint\4062.jpg,Mint,Mint,whole_plant,val
C:\Users\hardi\Downloads\medicinal plants detection\dataset\Indian Medicinal Leaves Image Datasets\Datasets_Plant\Mint\4087.jpg,Mint,Mint,whole_plant,val
C:\Users\hardi\Downloads\medicinal plants detection\dataset\Indian Medicinal Leaves Image Datasets\Datasets_Plant\Mint\3992.jpg,Mint,Mint,whole_plant,val
C:\Users\hardi\Downloads\medicinal plants detection\dataset\Indian Medicinal Leaves Image Datasets\Datasets_Plant\Mint\3984.jpg,Mint,Mint,whole_plant,val
C:\Users\hardi\Downloads\medicinal plants detection\dataset\Indian Medicinal Leaves Image Datasets\Datasets_Plant\Mint\840.jpg,Mint,Mint,whole_plant,val
C:\Users\hardi\Downloads\medicinal plants detection\dataset\Indian Medicinal Leaves Image Datasets\Datasets_Plant\Mint\4052.jpg,Mint,Mint,whole_plant,val
C:\Users\hardi\Downloads\medicinal plants detection\dataset\Indian Medicinal Leaves Image Datasets\Datasets_Plant\Mint\836.jpg,Mint,Mint,whole_plant,val
C:\Users\hardi\Downloads\medicinal plants detection\dataset\Indian Medicinal Leaves Image Datasets\Datasets_Plant\Mint\4005.jpg,Mint,Mint,whole_plant,test
C:\Users\hardi\Downloads\medicinal plants detection\dataset\Indian Medicinal Leaves Image Datasets\Datasets_Plant\Mint\314.jpg,Mint,Mint,whole_plant,test
C:\Users\hardi\Downloads\medicinal plants detection\dataset\Indian Medicinal Leaves Image Datasets\Datasets_Plant\Mint\4036.jpg,Mint,Mint,whole_plant,test
C:\Users\hardi\Downloads\medicinal plants detection\dataset\Indian Medicinal Leaves Image Datasets\Datasets_Plant\Mint\4079.jpg,Mint,Mint,whole_plant,test
C:\Users\hardi\Downloads\medicinal plants detection\dataset\Indian Medicinal Leaves Image Datasets\Datasets_Plant\Mint\4021.jpg,Mint,Mint,whole_plant,test
C:\Users\hardi\Downloads\medicinal plants detection\dataset\Indian Medicinal Leaves Image Datasets\Datasets_Plant\Mint\4072.jpg,Mint,Mint,whole_plant,test
C:\Users\hardi\Downloads\medicinal plants detection\dataset\Indian Medicinal Leaves Image Datasets\Datasets_Plant\Mint\4015.jpg,Mint,Mint,whole_plant,test
C:\Users\hardi\Downloads\medicinal plants detection\dataset\Indian Medicinal Leaves Image Datasets\Datasets_Plant\Mint\844.jpg,Mint,Mint,whole_plant,test
C:\Users\hardi\Downloads\medicinal plants detection\dataset\Indian Medicinal Leaves Image Datasets\Datasets_Plant\Mint\4094.jpg,Mint,Mint,whole_plant,test
C:\Users\hardi\Downloads\medicinal plants detection\dataset\Indian Medicinal Leaves Image Datasets\Datasets_Plant\Mint\4024.jpg,Mint,Mint,whole_plant,test
C:\Users\hardi\Downloads\medicinal plants detection\dataset\Indian Medicinal Leaves Image Datasets\Datasets_Plant\Mint\4020.jpg,Mint,Mint,whole_plant,test
C:\Users\hardi\Downloads\medicinal plants detection\dataset\Indian Medicinal Leaves Image Datasets\Datasets_Plant\Mint\3988.jpg,Mint,Mint,whole_plant,test
C:\Users\hardi\Downloads\medicinal plants detection\dataset\Indian Medicinal Leaves Image Datasets\Datasets_Plant\Mint\320.jpg,Mint,Mint,whole_plant,test
C:\Users\hardi\Downloads\medicinal plants detection\dataset\Indian Medicinal Leaves Image Datasets\Datasets_Plant\Mint\321.jpg,Mint,Mint,whole_plant,test
C:\Users\hardi\Downloads\medicinal plants detection\dataset\Indian Medicinal Leaves Image Datasets\Datasets_Plant\Mint\4073.jpg,Mint,Mint,whole_plant,test
C:\Users\hardi\Downloads\medicinal plants detection\dataset\Indian Medicinal Leaves Image Datasets\Datasets_Plant\Mint\3987.jpg,Mint,Mint,whole_plant,test
C:\Users\hardi\Downloads\medicinal plants detection\dataset\Indian Medicinal Leaves Image Datasets\Datasets_Plant\Mint\4104.jpg,Mint,Mint,whole_plant,test
C:\Users\hardi\Downloads\medicinal plants detection\dataset\Indian Medicinal Leaves Image Datasets\Datasets_Plant\Mint\3991.jpg,Mint,Mint,whole_plant,test
C:\Users\hardi\Downloads\medicinal plants detection\dataset\Indian Medicinal Leaves Image Datasets\Datasets_Plant\Mint\4000.jpg,Mint,Mint,whole_plant,test
C:\Users\hardi\Downloads\medicinal plants detection\dataset\Indian Medicinal Leaves Image Datasets\Datasets_Plant\Mint\4022.jpg,Mint,Mint,whole_plant,test
C:\Users\hardi\Downloads\medicinal plants detection\dataset\Indian Medicinal Leaves Image Datasets\Datasets_Plant\Mint\4027.jpg,Mint,Mint,whole_plant,test
C:\Users\hardi\Downloads\medicinal plants detection\dataset\Indian Medicinal Leaves Image Datasets\Datasets_Plant\Mint\4035.jpg,Mint,Mint,whole_plant,test
C:\Users\hardi\Downloads\medicinal plants detection\dataset\Indian Medicinal Leaves Image Datasets\Datasets_Plant\Mint\319.jpg,Mint,Mint,whole_plant,test
C:\Users\hardi\Downloads\medicinal plants detection\dataset\Indian Medicinal Leaves Image Datasets\Datasets_Plant\Mint\3993.jpg,Mint,Mint,whole_plant,test
C:\Users\hardi\Downloads\medicinal plants detection\dataset\Indian Medicinal Leaves Image Datasets\Datasets_Plant\Nagadali\2310.jpg,Nagadali,Common_Rue,whole_plant,train
C:\Users\hardi\Downloads\medicinal plants detection\dataset\Indian Medicinal Leaves Image Datasets\Datasets_Plant\Nagadali\652.jpg,Nagadali,Common_Rue,whole_plant,train
C:\Users\hardi\Downloads\medicinal plants detection\dataset\Indian Medicinal Leaves Image Datasets\Datasets_Plant\Nagadali\2362.jpg,Nagadali,Common_Rue,whole_plant,train
C:\Users\hardi\Downloads\medicinal plants detection\dataset\Indian Medicinal Leaves Image Datasets\Datasets_Plant\Nagadali\2320.jpg,Nagadali,Common_Rue,whole_plant,train
C:\Users\hardi\Downloads\medicinal plants detection\dataset\Indian Medicinal Leaves Image Datasets\Datasets_Plant\Nagadali\2329.jpg,Nagadali,Common_Rue,whole_plant,train
C:\Users\hardi\Downloads\medicinal plants detection\dataset\Indian Medicinal Leaves Image Datasets\Datasets_Plant\Nagadali\660.jpg,Nagadali,Common_Rue,whole_plant,train
C:\Users\hardi\Downloads\medicinal plants detection\dataset\Indian Medicinal Leaves Image Datasets\Datasets_Plant\Nagadali\2348.jpg,Nagadali,Common_Rue,whole_plant,train
C:\Users\hardi\Downloads\medicinal plants detection\dataset\Indian Medicinal Leaves Image Datasets\Datasets_Plant\Nagadali\2333.jpg,Nagadali,Common_Rue,whole_plant,train
C:\Users\hardi\Downloads\medicinal plants detection\dataset\Indian Medicinal Leaves Image Datasets\Datasets_Plant\Nagadali\2389.jpg,Nagadali,Common_Rue,whole_plant,train
C:\Users\hardi\Downloads\medicinal plants detection\dataset\Indian Medicinal Leaves Image Datasets\Datasets_Plant\Nagadali\2308.jpg,Nagadali,Common_Rue,whole_plant,train
C:\Users\hardi\Downloads\medicinal plants detection\dataset\Indian Medicinal Leaves Image Datasets\Datasets_Plant\Nagadali\2380.jpg,Nagadali,Common_Rue,whole_plant,train
C:\Users\hardi\Downloads\medicinal plants detection\dataset\Indian Medicinal Leaves Image Datasets\Datasets_Plant\Nagadali\2335.jpg,Nagadali,Common_Rue,whole_plant,train
C:\Users\hardi\Downloads\medicinal plants detection\dataset\Indian Medicinal Leaves Image Datasets\Datasets_Plant\Nagadali\2336.jpg,Nagadali,Common_Rue,whole_plant,train
C:\Users\hardi\Downloads\medicinal plants detection\dataset\Indian Medicinal Leaves Image Datasets\Datasets_Plant\Nagadali\2311.jpg,Nagadali,Common_Rue,whole_plant,train
C:\Users\hardi\Downloads\medicinal plants detection\dataset\Indian Medicinal Leaves Image Datasets\Datasets_Plant\Nagadali\2405.jpg,Nagadali,Common_Rue,whole_plant,train
C:\Users\hardi\Downloads\medicinal plants detection\dataset\Indian Medicinal Leaves Image Datasets\Datasets_Plant\Nagadali\2299.jpg,Nagadali,Common_Rue,whole_plant,train
C:\Users\hardi\Downloads\medicinal plants detection\dataset\Indian Medicinal Leaves Image Datasets\Datasets_Plant\Nagadali\656.jpg,Nagadali,Common_Rue,whole_plant,train
C:\Users\hardi\Downloads\medicinal plants detection\dataset\Indian Medicinal Leaves Image Datasets\Datasets_Plant\Nagadali\2341.jpg,Nagadali,Common_Rue,whole_plant,train
C:\Users\hardi\Downloads\medicinal plants detection\dataset\Indian Medicinal Leaves Image Datasets\Datasets_Plant\Nagadali\2356.jpg,Nagadali,Common_Rue,whole_plant,train
C:\Users\hardi\Downloads\medicinal plants detection\dataset\Indian Medicinal Leaves Image Datasets\Datasets_Plant\Nagadali\2307.jpg,Nagadali,Common_Rue,whole_plant,train
C:\Users\hardi\Downloads\medicinal plants detection\dataset\Indian Medicinal Leaves Image Datasets\Datasets_Plant\Nagadali\2403.jpg,Nagadali,Common_Rue,whole_plant,train
C:\Users\hardi\Downloads\medicinal plants detection\dataset\Indian Medicinal Leaves Image Datasets\Datasets_Plant\Nagadali\132.jpg,Nagadali,Common_Rue,whole_plant,train
C:\Users\hardi\Downloads\medicinal plants detection\dataset\Indian Medicinal Leaves Image Datasets\Datasets_Plant\Nagadali\2343.jpg,Nagadali,Common_Rue,whole_plant,train
C:\Users\hardi\Downloads\medicinal plants detection\dataset\Indian Medicinal Leaves Image Datasets\Datasets_Plant\Nagadali\2366.jpg,Nagadali,Common_Rue,whole_plant,train
C:\Users\hardi\Downloads\medicinal plants detection\dataset\Indian Medicinal Leaves Image Datasets\Datasets_Plant\Nagadali\2301.jpg,Nagadali,Common_Rue,whole_plant,train
C:\Users\hardi\Downloads\medicinal plants detection\dataset\Indian Medicinal Leaves Image Datasets\Datasets_Plant\Nagadali\2394.jpg,Nagadali,Common_Rue,whole_plant,train
C:\Users\hardi\Downloads\medicinal plants detection\dataset\Indian Medicinal Leaves Image Datasets\Datasets_Plant\Nagadali\653.jpg,Nagadali,Common_Rue,whole_plant,train
C:\Users\hardi\Downloads\medicinal plants detection\dataset\Indian Medicinal Leaves Image Datasets\Datasets_Plant\Nagadali\2373.jpg,Nagadali,Common_Rue,whole_plant,train
C:\Users\hardi\Downloads\medicinal plants detection\dataset\Indian Medicinal Leaves Image Datasets\Datasets_Plant\Nagadali\2393.jpg,Nagadali,Common_Rue,whole_plant,train
C:\Users\hardi\Downloads\medicinal plants detection\dataset\Indian Medicinal Leaves Image Datasets\Datasets_Plant\Nagadali\2287.jpg,Nagadali,Common_Rue,whole_plant,train
C:\Users\hardi\Downloads\medicinal plants detection\dataset\Indian Medicinal Leaves Image Datasets\Datasets_Plant\Nagadali\2395.jpg,Nagadali,Common_Rue,whole_plant,train
C:\Users\hardi\Downloads\medicinal plants detection\dataset\Indian Medicinal Leaves Image Datasets\Datasets_Plant\Nagadali\2379.jpg,Nagadali,Common_Rue,whole_plant,train
C:\Users\hardi\Downloads\medicinal plants detection\dataset\Indian Medicinal Leaves Image Datasets\Datasets_Plant\Nagadali\2325.jpg,Nagadali,Common_Rue,whole_plant,train
C:\Users\hardi\Downloads\medicinal plants detection\dataset\Indian Medicinal Leaves Image Datasets\Datasets_Plant\Nagadali\2402.jpg,Nagadali,Common_Rue,whole_plant,train
C:\Users\hardi\Downloads\medicinal plants detection\dataset\Indian Medicinal Leaves Image Datasets\Datasets_Plant\Nagadali\2351.jpg,Nagadali,Common_Rue,whole_plant,train
C:\Users\hardi\Downloads\medicinal plants detection\dataset\Indian Medicinal Leaves Image Datasets\Datasets_Plant\Nagadali\2285.jpg,Nagadali,Common_Rue,whole_plant,train
C:\Users\hardi\Downloads\medicinal plants detection\dataset\Indian Medicinal Leaves Image Datasets\Datasets_Plant\Nagadali\2334.jpg,Nagadali,Common_Rue,whole_plant,train
C:\Users\hardi\Downloads\medicinal plants detection\dataset\Indian Medicinal Leaves Image Datasets\Datasets_Plant\Nagadali\2330.jpg,Nagadali,Common_Rue,whole_plant,train
C:\Users\hardi\Downloads\medicinal plants detection\dataset\Indian Medicinal Leaves Image Datasets\Datasets_Plant\Nagadali\2340.jpg,Nagadali,Common_Rue,whole_plant,train
C:\Users\hardi\Downloads\medicinal plants detection\dataset\Indian Medicinal Leaves Image Datasets\Datasets_Plant\Nagadali\2332.jpg,Nagadali,Common_Rue,whole_plant,train
C:\Users\hardi\Downloads\medicinal plants detection\dataset\Indian Medicinal Leaves Image Datasets\Datasets_Plant\Nagadali\2384.jpg,Nagadali,Common_Rue,whole_plant,train
C:\Users\hardi\Downloads\medicinal plants detection\dataset\Indian Medicinal Leaves Image Datasets\Datasets_Plant\Nagadali\2398.jpg,Nagadali,Common_Rue,whole_plant,train
C:\Users\hardi\Downloads\medicinal plants detection\dataset\Indian Medicinal Leaves Image Datasets\Datasets_Plant\Nagadali\2305.jpg,Nagadali,Common_Rue,whole_plant,train
C:\Users\hardi\Downloads\medicinal plants detection\dataset\Indian Medicinal Leaves Image Datasets\Datasets_Plant\Nagadali\2387.jpg,Nagadali,Common_Rue,whole_plant,train
C:\Users\hardi\Downloads\medicinal plants detection\dataset\Indian Medicinal Leaves Image Datasets\Datasets_Plant\Nagadali\135.jpg,Nagadali,Common_Rue,whole_plant,train
C:\Users\hardi\Downloads\medicinal plants detection\dataset\Indian Medicinal Leaves Image Datasets\Datasets_Plant\Nagadali\2407.jpg,Nagadali,Common_Rue,whole_plant,train
C:\Users\hardi\Downloads\medicinal plants detection\dataset\Indian Medicinal Leaves Image Datasets\Datasets_Plant\Nagadali\2294.jpg,Nagadali,Common_Rue,whole_plant,train
C:\Users\hardi\Downloads\medicinal plants detection\dataset\Indian Medicinal Leaves Image Datasets\Datasets_Plant\Nagadali\2397.jpg,Nagadali,Common_Rue,whole_plant,train
C:\Users\hardi\Downloads\medicinal plants detection\dataset\Indian Medicinal Leaves Image Datasets\Datasets_Plant\Nagadali\133.jpg,Nagadali,Common_Rue,whole_plant,train
C:\Users\hardi\Downloads\medicinal plants detection\dataset\Indian Medicinal Leaves Image Datasets\Datasets_Plant\Nagadali\651.jpg,Nagadali,Common_Rue,whole_plant,train
C:\Users\hardi\Downloads\medicinal plants detection\dataset\Indian Medicinal Leaves Image Datasets\Datasets_Plant\Nagadali\134.jpg,Nagadali,Common_Rue,whole_plant,train
C:\Users\hardi\Downloads\medicinal plants detection\dataset\Indian Medicinal Leaves Image Datasets\Datasets_Plant\Nagadali\2321.jpg,Nagadali,Common_Rue,whole_plant,train
C:\Users\hardi\Downloads\medicinal plants detection\dataset\Indian Medicinal Leaves Image Datasets\Datasets_Plant\Nagadali\2318.jpg,Nagadali,Common_Rue,whole_plant,train
C:\Users\hardi\Downloads\medicinal plants detection\dataset\Indian Medicinal Leaves Image Datasets\Datasets_Plant\Nagadali\2358.jpg,Nagadali,Common_Rue,whole_plant,train
C:\Users\hardi\Downloads\medicinal plants detection\dataset\Indian Medicinal Leaves Image Datasets\Datasets_Plant\Nagadali\2377.jpg,Nagadali,Common_Rue,whole_plant,train
C:\Users\hardi\Downloads\medicinal plants detection\dataset\Indian Medicinal Leaves Image Datasets\Datasets_Plant\Nagadali\2283.jpg,Nagadali,Common_Rue,whole_plant,train
C:\Users\hardi\Downloads\medicinal plants detection\dataset\Indian Medicinal Leaves Image Datasets\Datasets_Plant\Nagadali\2401.jpg,Nagadali,Common_Rue,whole_plant,train
C:\Users\hardi\Downloads\medicinal plants detection\dataset\Indian Medicinal Leaves Image Datasets\Datasets_Plant\Nagadali\2368.jpg,Nagadali,Common_Rue,whole_plant,train
C:\Users\hardi\Downloads\medicinal plants detection\dataset\Indian Medicinal Leaves Image Datasets\Datasets_Plant\Nagadali\2309.jpg,Nagadali,Common_Rue,whole_plant,train
C:\Users\hardi\Downloads\medicinal plants detection\dataset\Indian Medicinal Leaves Image Datasets\Datasets_Plant\Nagadali\2286.jpg,Nagadali,Common_Rue,whole_plant,train
C:\Users\hardi\Downloads\medicinal plants detection\dataset\Indian Medicinal Leaves Image Datasets\Datasets_Plant\Nagadali\2352.jpg,Nagadali,Common_Rue,whole_plant,train
C:\Users\hardi\Downloads\medicinal plants detection\dataset\Indian Medicinal Leaves Image Datasets\Datasets_Plant\Nagadali\2345.jpg,Nagadali,Common_Rue,whole_plant,train
C:\Users\hardi\Downloads\medicinal plants detection\dataset\Indian Medicinal Leaves Image Datasets\Datasets_Plant\Nagadali\2378.jpg,Nagadali,Common_Rue,whole_plant,train
C:\Users\hardi\Downloads\medicinal plants detection\dataset\Indian Medicinal Leaves Image Datasets\Datasets_Plant\Nagadali\2300.jpg,Nagadali,Common_Rue,whole_plant,train
C:\Users\hardi\Downloads\medicinal plants detection\dataset\Indian Medicinal Leaves Image Datasets\Datasets_Plant\Nagadali\2290.jpg,Nagadali,Common_Rue,whole_plant,train
C:\Users\hardi\Downloads\medicinal plants detection\dataset\Indian Medicinal Leaves Image Datasets\Datasets_Plant\Nagadali\140.jpg,Nagadali,Common_Rue,whole_plant,train
C:\Users\hardi\Downloads\medicinal plants detection\dataset\Indian Medicinal Leaves Image Datasets\Datasets_Plant\Nagadali\2303.jpg,Nagadali,Common_Rue,whole_plant,train
C:\Users\hardi\Downloads\medicinal plants detection\dataset\Indian Medicinal Leaves Image Datasets\Datasets_Plant\Nagadali\657.jpg,Nagadali,Common_Rue,whole_plant,train
C:\Users\hardi\Downloads\medicinal plants detection\dataset\Indian Medicinal Leaves Image Datasets\Datasets_Plant\Nagadali\2370.jpg,Nagadali,Common_Rue,whole_plant,train
C:\Users\hardi\Downloads\medicinal plants detection\dataset\Indian Medicinal Leaves Image Datasets\Datasets_Plant\Nagadali\2316.jpg,Nagadali,Common_Rue,whole_plant,train
C:\Users\hardi\Downloads\medicinal plants detection\dataset\Indian Medicinal Leaves Image Datasets\Datasets_Plant\Nagadali\2386.jpg,Nagadali,Common_Rue,whole_plant,train
C:\Users\hardi\Downloads\medicinal plants detection\dataset\Indian Medicinal Leaves Image Datasets\Datasets_Plant\Nagadali\2354.jpg,Nagadali,Common_Rue,whole_plant,train
C:\Users\hardi\Downloads\medicinal plants detection\dataset\Indian Medicinal Leaves Image Datasets\Datasets_Plant\Nagadali\2364.jpg,Nagadali,Common_Rue,whole_plant,train
C:\Users\hardi\Downloads\medicinal plants detection\dataset\Indian Medicinal Leaves Image Datasets\Datasets_Plant\Nagadali\655.jpg,Nagadali,Common_Rue,whole_plant,train
C:\Users\hardi\Downloads\medicinal plants detection\dataset\Indian Medicinal Leaves Image Datasets\Datasets_Plant\Nagadali\2360.jpg,Nagadali,Common_Rue,whole_plant,train
C:\Users\hardi\Downloads\medicinal plants detection\dataset\Indian Medicinal Leaves Image Datasets\Datasets_Plant\Nagadali\2371.jpg,Nagadali,Common_Rue,whole_plant,train
C:\Users\hardi\Downloads\medicinal plants detection\dataset\Indian Medicinal Leaves Image Datasets\Datasets_Plant\Nagadali\2355.jpg,Nagadali,Common_Rue,whole_plant,train
C:\Users\hardi\Downloads\medicinal plants detection\dataset\Indian Medicinal Leaves Image Datasets\Datasets_Plant\Nagadali\2390.jpg,Nagadali,Common_Rue,whole_plant,train
C:\Users\hardi\Downloads\medicinal plants detection\dataset\Indian Medicinal Leaves Image Datasets\Datasets_Plant\Nagadali\2357.jpg,Nagadali,Common_Rue,whole_plant,train
C:\Users\hardi\Downloads\medicinal plants detection\dataset\Indian Medicinal Leaves Image Datasets\Datasets_Plant\Nagadali\2298.jpg,Nagadali,Common_Rue,whole_plant,train
C:\Users\hardi\Downloads\medicinal plants detection\dataset\Indian Medicinal Leaves Image Datasets\Datasets_Plant\Nagadali\2365.jpg,Nagadali,Common_Rue,whole_plant,train
C:\Users\hardi\Downloads\medicinal plants detection\dataset\Indian Medicinal Leaves Image Datasets\Datasets_Plant\Nagadali\654.jpg,Nagadali,Common_Rue,whole_plant,train
C:\Users\hardi\Downloads\medicinal plants detection\dataset\Indian Medicinal Leaves Image Datasets\Datasets_Plant\Nagadali\2293.jpg,Nagadali,Common_Rue,whole_plant,train
C:\Users\hardi\Downloads\medicinal plants detection\dataset\Indian Medicinal Leaves Image Datasets\Datasets_Plant\Nagadali\2342.jpg,Nagadali,Common_Rue,whole_plant,train
C:\Users\hardi\Downloads\medicinal plants detection\dataset\Indian Medicinal Leaves Image Datasets\Datasets_Plant\Nagadali\2315.jpg,Nagadali,Common_Rue,whole_plant,train
C:\Users\hardi\Downloads\medicinal plants detection\dataset\Indian Medicinal Leaves Image Datasets\Datasets_Plant\Nagadali\2349.jpg,Nagadali,Common_Rue,whole_plant,train
C:\Users\hardi\Downloads\medicinal plants detection\dataset\Indian Medicinal Leaves Image Datasets\Datasets_Plant\Nagadali\2350.jpg,Nagadali,Common_Rue,whole_plant,train
C:\Users\hardi\Downloads\medicinal plants detection\dataset\Indian Medicinal Leaves Image Datasets\Datasets_Plant\Nagadali\2306.jpg,Nagadali,Common_Rue,whole_plant,train
C:\Users\hardi\Downloads\medicinal plants detection\dataset\Indian Medicinal Leaves Image Datasets\Datasets_Plant\Nagadali\661.jpg,Nagadali,Common_Rue,whole_plant,train
C:\Users\hardi\Downloads\medicinal plants detection\dataset\Indian Medicinal Leaves Image Datasets\Datasets_Plant\Nagadali\141.jpg,Nagadali,Common_Rue,whole_plant,train
C:\Users\hardi\Downloads\medicinal plants detection\dataset\Indian Medicinal Leaves Image Datasets\Datasets_Plant\Nagadali\2372.jpg,Nagadali,Common_Rue,whole_plant,train
C:\Users\hardi\Downloads\medicinal plants detection\dataset\Indian Medicinal Leaves Image Datasets\Datasets_Plant\Nagadali\2284.jpg,Nagadali,Common_Rue,whole_plant,train
C:\Users\hardi\Downloads\medicinal plants detection\dataset\Indian Medicinal Leaves Image Datasets\Datasets_Plant\Nagadali\2337.jpg,Nagadali,Common_Rue,whole_plant,train
C:\Users\hardi\Downloads\medicinal plants detection\dataset\Indian Medicinal Leaves Image Datasets\Datasets_Plant\Nagadali\2327.jpg,Nagadali,Common_Rue,whole_plant,train
C:\Users\hardi\Downloads\medicinal plants detection\dataset\Indian Medicinal Leaves Image Datasets\Datasets_Plant\Nagadali\2363.jpg,Nagadali,Common_Rue,whole_plant,train
C:\Users\hardi\Downloads\medicinal plants detection\dataset\Indian Medicinal Leaves Image Datasets\Datasets_Plant\Nagadali\136.jpg,Nagadali,Common_Rue,whole_plant,train
C:\Users\hardi\Downloads\medicinal plants detection\dataset\Indian Medicinal Leaves Image Datasets\Datasets_Plant\Nagadali\2302.jpg,Nagadali,Common_Rue,whole_plant,train
C:\Users\hardi\Downloads\medicinal plants detection\dataset\Indian Medicinal Leaves Image Datasets\Datasets_Plant\Nagadali\2347.jpg,Nagadali,Common_Rue,whole_plant,train
C:\Users\hardi\Downloads\medicinal plants detection\dataset\Indian Medicinal Leaves Image Datasets\Datasets_Plant\Nagadali\2313.jpg,Nagadali,Common_Rue,whole_plant,train
C:\Users\hardi\Downloads\medicinal plants detection\dataset\Indian Medicinal Leaves Image Datasets\Datasets_Plant\Nagadali\2314.jpg,Nagadali,Common_Rue,whole_plant,train
C:\Users\hardi\Downloads\medicinal plants detection\dataset\Indian Medicinal Leaves Image Datasets\Datasets_Plant\Nagadali\143.jpg,Nagadali,Common_Rue,whole_plant,val
C:\Users\hardi\Downloads\medicinal plants detection\dataset\Indian Medicinal Leaves Image Datasets\Datasets_Plant\Nagadali\2317.jpg,Nagadali,Common_Rue,whole_plant,val
C:\Users\hardi\Downloads\medicinal plants detection\dataset\Indian Medicinal Leaves Image Datasets\Datasets_Plant\Nagadali\142.jpg,Nagadali,Common_Rue,whole_plant,val
C:\Users\hardi\Downloads\medicinal plants detection\dataset\Indian Medicinal Leaves Image Datasets\Datasets_Plant\Nagadali\2282.jpg,Nagadali,Common_Rue,whole_plant,val
C:\Users\hardi\Downloads\medicinal plants detection\dataset\Indian Medicinal Leaves Image Datasets\Datasets_Plant\Nagadali\2383.jpg,Nagadali,Common_Rue,whole_plant,val
C:\Users\hardi\Downloads\medicinal plants detection\dataset\Indian Medicinal Leaves Image Datasets\Datasets_Plant\Nagadali\2388.jpg,Nagadali,Common_Rue,whole_plant,val
C:\Users\hardi\Downloads\medicinal plants detection\dataset\Indian Medicinal Leaves Image Datasets\Datasets_Plant\Nagadali\2296.jpg,Nagadali,Common_Rue,whole_plant,val
C:\Users\hardi\Downloads\medicinal plants detection\dataset\Indian Medicinal Leaves Image Datasets\Datasets_Plant\Nagadali\2288.jpg,Nagadali,Common_Rue,whole_plant,val
C:\Users\hardi\Downloads\medicinal plants detection\dataset\Indian Medicinal Leaves Image Datasets\Datasets_Plant\Nagadali\2392.jpg,Nagadali,Common_Rue,whole_plant,val
C:\Users\hardi\Downloads\medicinal plants detection\dataset\Indian Medicinal Leaves Image Datasets\Datasets_Plant\Nagadali\2312.jpg,Nagadali,Common_Rue,whole_plant,val
C:\Users\hardi\Downloads\medicinal plants detection\dataset\Indian Medicinal Leaves Image Datasets\Datasets_Plant\Nagadali\2323.jpg,Nagadali,Common_Rue,whole_plant,val
C:\Users\hardi\Downloads\medicinal plants detection\dataset\Indian Medicinal Leaves Image Datasets\Datasets_Plant\Nagadali\2399.jpg,Nagadali,Common_Rue,whole_plant,val
C:\Users\hardi\Downloads\medicinal plants detection\dataset\Indian Medicinal Leaves Image Datasets\Datasets_Plant\Nagadali\2289.jpg,Nagadali,Common_Rue,whole_plant,val
C:\Users\hardi\Downloads\medicinal plants detection\dataset\Indian Medicinal Leaves Image Datasets\Datasets_Plant\Nagadali\2391.jpg,Nagadali,Common_Rue,whole_plant,val
C:\Users\hardi\Downloads\medicinal plants detection\dataset\Indian Medicinal Leaves Image Datasets\Datasets_Plant\Nagadali\2367.jpg,Nagadali,Common_Rue,whole_plant,val
C:\Users\hardi\Downloads\medicinal plants detection\dataset\Indian Medicinal Leaves Image Datasets\Datasets_Plant\Nagadali\131.jpg,Nagadali,Common_Rue,whole_plant,val
C:\Users\hardi\Downloads\medicinal plants detection\dataset\Indian Medicinal Leaves Image Datasets\Datasets_Plant\Nagadali\2385.jpg,Nagadali,Common_Rue,whole_plant,val
C:\Users\hardi\Downloads\medicinal plants detection\dataset\Indian Medicinal Leaves Image Datasets\Datasets_Plant\Nagadali\2374.jpg,Nagadali,Common_Rue,whole_plant,val
C:\Users\hardi\Downloads\medicinal plants detection\dataset\Indian Medicinal Leaves Image Datasets\Datasets_Plant\Nagadali\658.jpg,Nagadali,Common_Rue,whole_plant,val
C:\Users\hardi\Downloads\medicinal plants detection\dataset\Indian Medicinal Leaves Image Datasets\Datasets_Plant\Nagadali\2344.jpg,Nagadali,Common_Rue,whole_plant,val
C:\Users\hardi\Downloads\medicinal plants detection\dataset\Indian Medicinal Leaves Image Datasets\Datasets_Plant\Nagadali\659.jpg,Nagadali,Common_Rue,whole_plant,val
C:\Users\hardi\Downloads\medicinal plants detection\dataset\Indian Medicinal Leaves Image Datasets\Datasets_Plant\Nagadali\663.jpg,Nagadali,Common_Rue,whole_plant,test
C:\Users\hardi\Downloads\medicinal plants detection\dataset\Indian Medicinal Leaves Image Datasets\Datasets_Plant\Nagadali\2322.jpg,Nagadali,Common_Rue,whole_plant,test
C:\Users\hardi\Downloads\medicinal plants detection\dataset\Indian Medicinal Leaves Image Datasets\Datasets_Plant\Nagadali\2338.jpg,Nagadali,Common_Rue,whole_plant,test
C:\Users\hardi\Downloads\medicinal plants detection\dataset\Indian Medicinal Leaves Image Datasets\Datasets_Plant\Nagadali\2359.jpg,Nagadali,Common_Rue,whole_plant,test
C:\Users\hardi\Downloads\medicinal plants detection\dataset\Indian Medicinal Leaves Image Datasets\Datasets_Plant\Nagadali\2353.jpg,Nagadali,Common_Rue,whole_plant,test
C:\Users\hardi\Downloads\medicinal plants detection\dataset\Indian Medicinal Leaves Image Datasets\Datasets_Plant\Nagadali\2361.jpg,Nagadali,Common_Rue,whole_plant,test
C:\Users\hardi\Downloads\medicinal plants detection\dataset\Indian Medicinal Leaves Image Datasets\Datasets_Plant\Nagadali\2319.jpg,Nagadali,Common_Rue,whole_plant,test
C:\Users\hardi\Downloads\medicinal plants detection\dataset\Indian Medicinal Leaves Image Datasets\Datasets_Plant\Nagadali\662.jpg,Nagadali,Common_Rue,whole_plant,test
C:\Users\hardi\Downloads\medicinal plants detection\dataset\Indian Medicinal Leaves Image Datasets\Datasets_Plant\Nagadali\2406.jpg,Nagadali,Common_Rue,whole_plant,test
C:\Users\hardi\Downloads\medicinal plants detection\dataset\Indian Medicinal Leaves Image Datasets\Datasets_Plant\Nagadali\2328.jpg,Nagadali,Common_Rue,whole_plant,test
C:\Users\hardi\Downloads\medicinal plants detection\dataset\Indian Medicinal Leaves Image Datasets\Datasets_Plant\Nagadali\2324.jpg,Nagadali,Common_Rue,whole_plant,test
C:\Users\hardi\Downloads\medicinal plants detection\dataset\Indian Medicinal Leaves Image Datasets\Datasets_Plant\Nagadali\2292.jpg,Nagadali,Common_Rue,whole_plant,test
C:\Users\hardi\Downloads\medicinal plants detection\dataset\Indian Medicinal Leaves Image Datasets\Datasets_Plant\Nagadali\138.jpg,Nagadali,Common_Rue,whole_plant,test
C:\Users\hardi\Downloads\medicinal plants detection\dataset\Indian Medicinal Leaves Image Datasets\Datasets_Plant\Nagadali\139.jpg,Nagadali,Common_Rue,whole_plant,test
C:\Users\hardi\Downloads\medicinal plants detection\dataset\Indian Medicinal Leaves Image Datasets\Datasets_Plant\Nagadali\2382.jpg,Nagadali,Common_Rue,whole_plant,test
C:\Users\hardi\Downloads\medicinal plants detection\dataset\Indian Medicinal Leaves Image Datasets\Datasets_Plant\Nagadali\2291.jpg,Nagadali,Common_Rue,whole_plant,test
C:\Users\hardi\Downloads\medicinal plants detection\dataset\Indian Medicinal Leaves Image Datasets\Datasets_Plant\Nagadali\2295.jpg,Nagadali,Common_Rue,whole_plant,test
C:\Users\hardi\Downloads\medicinal plants detection\dataset\Indian Medicinal Leaves Image Datasets\Datasets_Plant\Nagadali\2304.jpg,Nagadali,Common_Rue,whole_plant,test
C:\Users\hardi\Downloads\medicinal plants detection\dataset\Indian Medicinal Leaves Image Datasets\Datasets_Plant\Nagadali\2326.jpg,Nagadali,Common_Rue,whole_plant,test
C:\Users\hardi\Downloads\medicinal plants detection\dataset\Indian Medicinal Leaves Image Datasets\Datasets_Plant\Nagadali\2331.jpg,Nagadali,Common_Rue,whole_plant,test
C:\Users\hardi\Downloads\medicinal plants detection\dataset\Indian Medicinal Leaves Image Datasets\Datasets_Plant\Nagadali\2339.jpg,Nagadali,Common_Rue,whole_plant,test
C:\Users\hardi\Downloads\medicinal plants detection\dataset\Indian Medicinal Leaves Image Datasets\Datasets_Plant\Nagadali\137.jpg,Nagadali,Common_Rue,whole_plant,test
C:\Users\hardi\Downloads\medicinal plants detection\dataset\Indian Medicinal Leaves Image Datasets\Datasets_Plant\Nagadali\2297.jpg,Nagadali,Common_Rue,whole_plant,test
C:\Users\hardi\Downloads\medicinal plants detection\dataset\Indian Medicinal Leaves Image Datasets\Datasets_Plant\Neem\84.jpg,Neem,Neem,whole_plant,train
C:\Users\hardi\Downloads\medicinal plants detection\dataset\Indian Medicinal Leaves Image Datasets\Datasets_Plant\Neem\1798.jpg,Neem,Neem,whole_plant,train
C:\Users\hardi\Downloads\medicinal plants detection\dataset\Indian Medicinal Leaves Image Datasets\Datasets_Plant\Neem\1862.jpg,Neem,Neem,whole_plant,train
C:\Users\hardi\Downloads\medicinal plants detection\dataset\Indian Medicinal Leaves Image Datasets\Datasets_Plant\Neem\1831.jpg,Neem,Neem,whole_plant,train
C:\Users\hardi\Downloads\medicinal plants detection\dataset\Indian Medicinal Leaves Image Datasets\Datasets_Plant\Neem\1854.jpg,Neem,Neem,whole_plant,train
C:\Users\hardi\Downloads\medicinal plants detection\dataset\Indian Medicinal Leaves Image Datasets\Datasets_Plant\Neem\1893.jpg,Neem,Neem,whole_plant,train
C:\Users\hardi\Downloads\medicinal plants detection\dataset\Indian Medicinal Leaves Image Datasets\Datasets_Plant\Neem\609.jpg,Neem,Neem,whole_plant,train
C:\Users\hardi\Downloads\medicinal plants detection\dataset\Indian Medicinal Leaves Image Datasets\Datasets_Plant\Neem\1810.jpg,Neem,Neem,whole_plant,train
C:\Users\hardi\Downloads\medicinal plants detection\dataset\Indian Medicinal Leaves Image Datasets\Datasets_Plant\Neem\80.jpg,Neem,Neem,whole_plant,train
C:\Users\hardi\Downloads\medicinal plants detection\dataset\Indian Medicinal Leaves Image Datasets\Datasets_Plant\Neem\600.jpg,Neem,Neem,whole_plant,train
C:\Users\hardi\Downloads\medicinal plants detection\dataset\Indian Medicinal Leaves Image Datasets\Datasets_Plant\Neem\1852.jpg,Neem,Neem,whole_plant,train
C:\Users\hardi\Downloads\medicinal plants detection\dataset\Indian Medicinal Leaves Image Datasets\Datasets_Plant\Neem\1849.jpg,Neem,Neem,whole_plant,train
C:\Users\hardi\Downloads\medicinal plants detection\dataset\Indian Medicinal Leaves Image Datasets\Datasets_Plant\Neem\88.jpg,Neem,Neem,whole_plant,train
C:\Users\hardi\Downloads\medicinal plants detection\dataset\Indian Medicinal Leaves Image Datasets\Datasets_Plant\Neem\1818.jpg,Neem,Neem,whole_plant,train
C:\Users\hardi\Downloads\medicinal plants detection\dataset\Indian Medicinal Leaves Image Datasets\Datasets_Plant\Neem\1863.jpg,Neem,Neem,whole_plant,train
C:\Users\hardi\Downloads\medicinal plants detection\dataset\Indian Medicinal Leaves Image Datasets\Datasets_Plant\Neem\1812.jpg,Neem,Neem,whole_plant,train
C:\Users\hardi\Downloads\medicinal plants detection\dataset\Indian Medicinal Leaves Image Datasets\Datasets_Plant\Neem\1872.jpg,Neem,Neem,whole_plant,train
C:\Users\hardi\Downloads\medicinal plants detection\dataset\Indian Medicinal Leaves Image Datasets\Datasets_Plant\Neem\1841.jpg,Neem,Neem,whole_plant,train
C:\Users\hardi\Downloads\medicinal plants detection\dataset\Indian Medicinal Leaves Image Datasets\Datasets_Plant\Neem\1822.jpg,Neem,Neem,whole_plant,train
C:\Users\hardi\Downloads\medicinal plants detection\dataset\Indian Medicinal Leaves Image Datasets\Datasets_Plant\Neem\1866.jpg,Neem,Neem,whole_plant,train
C:\Users\hardi\Downloads\medicinal plants detection\dataset\Indian Medicinal Leaves Image Datasets\Datasets_Plant\Neem\605.jpg,Neem,Neem,whole_plant,train
C:\Users\hardi\Downloads\medicinal plants detection\dataset\Indian Medicinal Leaves Image Datasets\Datasets_Plant\Neem\91.jpg,Neem,Neem,whole_plant,train
C:\Users\hardi\Downloads\medicinal plants detection\dataset\Indian Medicinal Leaves Image Datasets\Datasets_Plant\Neem\1832.jpg,Neem,Neem,whole_plant,train
C:\Users\hardi\Downloads\medicinal plants detection\dataset\Indian Medicinal Leaves Image Datasets\Datasets_Plant\Neem\1781.jpg,Neem,Neem,whole_plant,train
C:\Users\hardi\Downloads\medicinal plants detection\dataset\Indian Medicinal Leaves Image Datasets\Datasets_Plant\Neem\1868.jpg,Neem,Neem,whole_plant,train
C:\Users\hardi\Downloads\medicinal plants detection\dataset\Indian Medicinal Leaves Image Datasets\Datasets_Plant\Neem\610.jpg,Neem,Neem,whole_plant,train
C:\Users\hardi\Downloads\medicinal plants detection\dataset\Indian Medicinal Leaves Image Datasets\Datasets_Plant\Neem\1843.jpg,Neem,Neem,whole_plant,train
C:\Users\hardi\Downloads\medicinal plants detection\dataset\Indian Medicinal Leaves Image Datasets\Datasets_Plant\Neem\1882.jpg,Neem,Neem,whole_plant,train
C:\Users\hardi\Downloads\medicinal plants detection\dataset\Indian Medicinal Leaves Image Datasets\Datasets_Plant\Neem\1856.jpg,Neem,Neem,whole_plant,train
C:\Users\hardi\Downloads\medicinal plants detection\dataset\Indian Medicinal Leaves Image Datasets\Datasets_Plant\Neem\81.jpg,Neem,Neem,whole_plant,train
C:\Users\hardi\Downloads\medicinal plants detection\dataset\Indian Medicinal Leaves Image Datasets\Datasets_Plant\Neem\83.jpg,Neem,Neem,whole_plant,train
C:\Users\hardi\Downloads\medicinal plants detection\dataset\Indian Medicinal Leaves Image Datasets\Datasets_Plant\Neem\1819.jpg,Neem,Neem,whole_plant,train
C:\Users\hardi\Downloads\medicinal plants detection\dataset\Indian Medicinal Leaves Image Datasets\Datasets_Plant\Neem\1892.jpg,Neem,Neem,whole_plant,train
C:\Users\hardi\Downloads\medicinal plants detection\dataset\Indian Medicinal Leaves Image Datasets\Datasets_Plant\Neem\1840.jpg,Neem,Neem,whole_plant,train
C:\Users\hardi\Downloads\medicinal plants detection\dataset\Indian Medicinal Leaves Image Datasets\Datasets_Plant\Neem\601.jpg,Neem,Neem,whole_plant,train
C:\Users\hardi\Downloads\medicinal plants detection\dataset\Indian Medicinal Leaves Image Datasets\Datasets_Plant\Neem\1867.jpg,Neem,Neem,whole_plant,train
C:\Users\hardi\Downloads\medicinal plants detection\dataset\Indian Medicinal Leaves Image Datasets\Datasets_Plant\Neem\1796.jpg,Neem,Neem,whole_plant,train
C:\Users\hardi\Downloads\medicinal plants detection\dataset\Indian Medicinal Leaves Image Datasets\Datasets_Plant\Neem\1874.jpg,Neem,Neem,whole_plant,train
C:\Users\hardi\Downloads\medicinal plants detection\dataset\Indian Medicinal Leaves Image Datasets\Datasets_Plant\Neem\1861.jpg,Neem,Neem,whole_plant,train
C:\Users\hardi\Downloads\medicinal plants detection\dataset\Indian Medicinal Leaves Image Datasets\Datasets_Plant\Neem\1844.jpg,Neem,Neem,whole_plant,train
C:\Users\hardi\Downloads\medicinal plants detection\dataset\Indian Medicinal Leaves Image Datasets\Datasets_Plant\Neem\1847.jpg,Neem,Neem,whole_plant,train
C:\Users\hardi\Downloads\medicinal plants detection\dataset\Indian Medicinal Leaves Image Datasets\Datasets_Plant\Neem\1821.jpg,Neem,Neem,whole_plant,train
C:\Users\hardi\Downloads\medicinal plants detection\dataset\Indian Medicinal Leaves Image Datasets\Datasets_Plant\Neem\1897.jpg,Neem,Neem,whole_plant,train
C:\Users\hardi\Downloads\medicinal plants detection\dataset\Indian Medicinal Leaves Image Datasets\Datasets_Plant\Neem\79.jpg,Neem,Neem,whole_plant,train
C:\Users\hardi\Downloads\medicinal plants detection\dataset\Indian Medicinal Leaves Image Datasets\Datasets_Plant\Neem\1816.jpg,Neem,Neem,whole_plant,train
C:\Users\hardi\Downloads\medicinal plants detection\dataset\Indian Medicinal Leaves Image Datasets\Datasets_Plant\Neem\1889.jpg,Neem,Neem,whole_plant,train
C:\Users\hardi\Downloads\medicinal plants detection\dataset\Indian Medicinal Leaves Image Datasets\Datasets_Plant\Neem\1784.jpg,Neem,Neem,whole_plant,train
C:\Users\hardi\Downloads\medicinal plants detection\dataset\Indian Medicinal Leaves Image Datasets\Datasets_Plant\Neem\1797.jpg,Neem,Neem,whole_plant,train
C:\Users\hardi\Downloads\medicinal plants detection\dataset\Indian Medicinal Leaves Image Datasets\Datasets_Plant\Neem\1805.jpg,Neem,Neem,whole_plant,train
C:\Users\hardi\Downloads\medicinal plants detection\dataset\Indian Medicinal Leaves Image Datasets\Datasets_Plant\Neem\606.jpg,Neem,Neem,whole_plant,train
C:\Users\hardi\Downloads\medicinal plants detection\dataset\Indian Medicinal Leaves Image Datasets\Datasets_Plant\Neem\1782.jpg,Neem,Neem,whole_plant,train
C:\Users\hardi\Downloads\medicinal plants detection\dataset\Indian Medicinal Leaves Image Datasets\Datasets_Plant\Neem\1899.jpg,Neem,Neem,whole_plant,train
C:\Users\hardi\Downloads\medicinal plants detection\dataset\Indian Medicinal Leaves Image Datasets\Datasets_Plant\Neem\1783.jpg,Neem,Neem,whole_plant,train
C:\Users\hardi\Downloads\medicinal plants detection\dataset\Indian Medicinal Leaves Image Datasets\Datasets_Plant\Neem\1896.jpg,Neem,Neem,whole_plant,train
C:\Users\hardi\Downloads\medicinal plants detection\dataset\Indian Medicinal Leaves Image Datasets\Datasets_Plant\Neem\1829.jpg,Neem,Neem,whole_plant,train
C:\Users\hardi\Downloads\medicinal plants detection\dataset\Indian Medicinal Leaves Image Datasets\Datasets_Plant\Neem\1833.jpg,Neem,Neem,whole_plant,train
C:\Users\hardi\Downloads\medicinal plants detection\dataset\Indian Medicinal Leaves Image Datasets\Datasets_Plant\Neem\1846.jpg,Neem,Neem,whole_plant,train
C:\Users\hardi\Downloads\medicinal plants detection\dataset\Indian Medicinal Leaves Image Datasets\Datasets_Plant\Neem\1890.jpg,Neem,Neem,whole_plant,train
C:\Users\hardi\Downloads\medicinal plants detection\dataset\Indian Medicinal Leaves Image Datasets\Datasets_Plant\Neem\1794.jpg,Neem,Neem,whole_plant,train
C:\Users\hardi\Downloads\medicinal plants detection\dataset\Indian Medicinal Leaves Image Datasets\Datasets_Plant\Neem\1858.jpg,Neem,Neem,whole_plant,train
C:\Users\hardi\Downloads\medicinal plants detection\dataset\Indian Medicinal Leaves Image Datasets\Datasets_Plant\Neem\1884.jpg,Neem,Neem,whole_plant,train
C:\Users\hardi\Downloads\medicinal plants detection\dataset\Indian Medicinal Leaves Image Datasets\Datasets_Plant\Neem\1820.jpg,Neem,Neem,whole_plant,train
C:\Users\hardi\Downloads\medicinal plants detection\dataset\Indian Medicinal Leaves Image Datasets\Datasets_Plant\Neem\1845.jpg,Neem,Neem,whole_plant,train
C:\Users\hardi\Downloads\medicinal plants detection\dataset\Indian Medicinal Leaves Image Datasets\Datasets_Plant\Neem\1851.jpg,Neem,Neem,whole_plant,train
C:\Users\hardi\Downloads\medicinal plants detection\dataset\Indian Medicinal Leaves Image Datasets\Datasets_Plant\Neem\1871.jpg,Neem,Neem,whole_plant,train
C:\Users\hardi\Downloads\medicinal plants detection\dataset\Indian Medicinal Leaves Image Datasets\Datasets_Plant\Neem\611.jpg,Neem,Neem,whole_plant,train
C:\Users\hardi\Downloads\medicinal plants detection\dataset\Indian Medicinal Leaves Image Datasets\Datasets_Plant\Neem\604.jpg,Neem,Neem,whole_plant,train
C:\Users\hardi\Downloads\medicinal plants detection\dataset\Indian Medicinal Leaves Image Datasets\Datasets_Plant\Neem\1811.jpg,Neem,Neem,whole_plant,train
C:\Users\hardi\Downloads\medicinal plants detection\dataset\Indian Medicinal Leaves Image Datasets\Datasets_Plant\Neem\1878.jpg,Neem,Neem,whole_plant,train
C:\Users\hardi\Downloads\medicinal plants detection\dataset\Indian Medicinal Leaves Image Datasets\Datasets_Plant\Neem\1801.jpg,Neem,Neem,whole_plant,train
C:\Users\hardi\Downloads\medicinal plants detection\dataset\Indian Medicinal Leaves Image Datasets\Datasets_Plant\Neem\1789.jpg,Neem,Neem,whole_plant,train
C:\Users\hardi\Downloads\medicinal plants detection\dataset\Indian Medicinal Leaves Image Datasets\Datasets_Plant\Neem\1814.jpg,Neem,Neem,whole_plant,train
C:\Users\hardi\Downloads\medicinal plants detection\dataset\Indian Medicinal Leaves Image Datasets\Datasets_Plant\Neem\85.jpg,Neem,Neem,whole_plant,train
C:\Users\hardi\Downloads\medicinal plants detection\dataset\Indian Medicinal Leaves Image Datasets\Datasets_Plant\Neem\1885.jpg,Neem,Neem,whole_plant,train
C:\Users\hardi\Downloads\medicinal plants detection\dataset\Indian Medicinal Leaves Image Datasets\Datasets_Plant\Neem\1827.jpg,Neem,Neem,whole_plant,train
C:\Users\hardi\Downloads\medicinal plants detection\dataset\Indian Medicinal Leaves Image Datasets\Datasets_Plant\Neem\1898.jpg,Neem,Neem,whole_plant,train
C:\Users\hardi\Downloads\medicinal plants detection\dataset\Indian Medicinal Leaves Image Datasets\Datasets_Plant\Neem\1870.jpg,Neem,Neem,whole_plant,train
C:\Users\hardi\Downloads\medicinal plants detection\dataset\Indian Medicinal Leaves Image Datasets\Datasets_Plant\Neem\1879.jpg,Neem,Neem,whole_plant,train
C:\Users\hardi\Downloads\medicinal plants detection\dataset\Indian Medicinal Leaves Image Datasets\Datasets_Plant\Neem\1894.jpg,Neem,Neem,whole_plant,train
C:\Users\hardi\Downloads\medicinal plants detection\dataset\Indian Medicinal Leaves Image Datasets\Datasets_Plant\Neem\1876.jpg,Neem,Neem,whole_plant,train
C:\Users\hardi\Downloads\medicinal plants detection\dataset\Indian Medicinal Leaves Image Datasets\Datasets_Plant\Neem\1886.jpg,Neem,Neem,whole_plant,train
C:\Users\hardi\Downloads\medicinal plants detection\dataset\Indian Medicinal Leaves Image Datasets\Datasets_Plant\Neem\1865.jpg,Neem,Neem,whole_plant,train
C:\Users\hardi\Downloads\medicinal plants detection\dataset\Indian Medicinal Leaves Image Datasets\Datasets_Plant\Neem\1875.jpg,Neem,Neem,whole_plant,train
C:\Users\hardi\Downloads\medicinal plants detection\dataset\Indian Medicinal Leaves Image Datasets\Datasets_Plant\Neem\1880.jpg,Neem,Neem,whole_plant,train
C:\Users\hardi\Downloads\medicinal plants detection\dataset\Indian Medicinal Leaves Image Datasets\Datasets_Plant\Neem\1809.jpg,Neem,Neem,whole_plant,train
C:\Users\hardi\Downloads\medicinal plants detection\dataset\Indian Medicinal Leaves Image Datasets\Datasets_Plant\Neem\1864.jpg,Neem,Neem,whole_plant,train
C:\Users\hardi\Downloads\medicinal plants detection\dataset\Indian Medicinal Leaves Image Datasets\Datasets_Plant\Neem\1881.jpg,Neem,Neem,whole_plant,train
C:\Users\hardi\Downloads\medicinal plants detection\dataset\Indian Medicinal Leaves Image Datasets\Datasets_Plant\Neem\82.jpg,Neem,Neem,whole_plant,train
C:\Users\hardi\Downloads\medicinal plants detection\dataset\Indian Medicinal Leaves Image Datasets\Datasets_Plant\Neem\1804.jpg,Neem,Neem,whole_plant,train
C:\Users\hardi\Downloads\medicinal plants detection\dataset\Indian Medicinal Leaves Image Datasets\Datasets_Plant\Neem\1853.jpg,Neem,Neem,whole_plant,train
C:\Users\hardi\Downloads\medicinal plants detection\dataset\Indian Medicinal Leaves Image Datasets\Datasets_Plant\Neem\1826.jpg,Neem,Neem,whole_plant,train
C:\Users\hardi\Downloads\medicinal plants detection\dataset\Indian Medicinal Leaves Image Datasets\Datasets_Plant\Neem\1859.jpg,Neem,Neem,whole_plant,train
C:\Users\hardi\Downloads\medicinal plants detection\dataset\Indian Medicinal Leaves Image Datasets\Datasets_Plant\Neem\1860.jpg,Neem,Neem,whole_plant,train
C:\Users\hardi\Downloads\medicinal plants detection\dataset\Indian Medicinal Leaves Image Datasets\Datasets_Plant\Neem\1817.jpg,Neem,Neem,whole_plant,train
C:\Users\hardi\Downloads\medicinal plants detection\dataset\Indian Medicinal Leaves Image Datasets\Datasets_Plant\Neem\89.jpg,Neem,Neem,whole_plant,train
C:\Users\hardi\Downloads\medicinal plants detection\dataset\Indian Medicinal Leaves Image Datasets\Datasets_Plant\Neem\1790.jpg,Neem,Neem,whole_plant,train
C:\Users\hardi\Downloads\medicinal plants detection\dataset\Indian Medicinal Leaves Image Datasets\Datasets_Plant\Neem\607.jpg,Neem,Neem,whole_plant,train
C:\Users\hardi\Downloads\medicinal plants detection\dataset\Indian Medicinal Leaves Image Datasets\Datasets_Plant\Neem\1795.jpg,Neem,Neem,whole_plant,train
C:\Users\hardi\Downloads\medicinal plants detection\dataset\Indian Medicinal Leaves Image Datasets\Datasets_Plant\Neem\1848.jpg,Neem,Neem,whole_plant,train
C:\Users\hardi\Downloads\medicinal plants detection\dataset\Indian Medicinal Leaves Image Datasets\Datasets_Plant\Neem\1838.jpg,Neem,Neem,whole_plant,train
C:\Users\hardi\Downloads\medicinal plants detection\dataset\Indian Medicinal Leaves Image Datasets\Datasets_Plant\Neem\1873.jpg,Neem,Neem,whole_plant,train
C:\Users\hardi\Downloads\medicinal plants detection\dataset\Indian Medicinal Leaves Image Datasets\Datasets_Plant\Neem\1785.jpg,Neem,Neem,whole_plant,train
C:\Users\hardi\Downloads\medicinal plants detection\dataset\Indian Medicinal Leaves Image Datasets\Datasets_Plant\Neem\1813.jpg,Neem,Neem,whole_plant,val
C:\Users\hardi\Downloads\medicinal plants detection\dataset\Indian Medicinal Leaves Image Datasets\Datasets_Plant\Neem\1857.jpg,Neem,Neem,whole_plant,val
C:\Users\hardi\Downloads\medicinal plants detection\dataset\Indian Medicinal Leaves Image Datasets\Datasets_Plant\Neem\1824.jpg,Neem,Neem,whole_plant,val
C:\Users\hardi\Downloads\medicinal plants detection\dataset\Indian Medicinal Leaves Image Datasets\Datasets_Plant\Neem\1825.jpg,Neem,Neem,whole_plant,val
C:\Users\hardi\Downloads\medicinal plants detection\dataset\Indian Medicinal Leaves Image Datasets\Datasets_Plant\Neem\1792.jpg,Neem,Neem,whole_plant,val
C:\Users\hardi\Downloads\medicinal plants detection\dataset\Indian Medicinal Leaves Image Datasets\Datasets_Plant\Neem\1828.jpg,Neem,Neem,whole_plant,val
C:\Users\hardi\Downloads\medicinal plants detection\dataset\Indian Medicinal Leaves Image Datasets\Datasets_Plant\Neem\1791.jpg,Neem,Neem,whole_plant,val
C:\Users\hardi\Downloads\medicinal plants detection\dataset\Indian Medicinal Leaves Image Datasets\Datasets_Plant\Neem\1793.jpg,Neem,Neem,whole_plant,val
C:\Users\hardi\Downloads\medicinal plants detection\dataset\Indian Medicinal Leaves Image Datasets\Datasets_Plant\Neem\1895.jpg,Neem,Neem,whole_plant,val
C:\Users\hardi\Downloads\medicinal plants detection\dataset\Indian Medicinal Leaves Image Datasets\Datasets_Plant\Neem\599.jpg,Neem,Neem,whole_plant,val
C:\Users\hardi\Downloads\medicinal plants detection\dataset\Indian Medicinal Leaves Image Datasets\Datasets_Plant\Neem\1807.jpg,Neem,Neem,whole_plant,val
C:\Users\hardi\Downloads\medicinal plants detection\dataset\Indian Medicinal Leaves Image Datasets\Datasets_Plant\Neem\1799.jpg,Neem,Neem,whole_plant,val
C:\Users\hardi\Downloads\medicinal plants detection\dataset\Indian Medicinal Leaves Image Datasets\Datasets_Plant\Neem\603.jpg,Neem,Neem,whole_plant,val
C:\Users\hardi\Downloads\medicinal plants detection\dataset\Indian Medicinal Leaves Image Datasets\Datasets_Plant\Neem\1823.jpg,Neem,Neem,whole_plant,val
C:\Users\hardi\Downloads\medicinal plants detection\dataset\Indian Medicinal Leaves Image Datasets\Datasets_Plant\Neem\1834.jpg,Neem,Neem,whole_plant,val
C:\Users\hardi\Downloads\medicinal plants detection\dataset\Indian Medicinal Leaves Image Datasets\Datasets_Plant\Neem\1869.jpg,Neem,Neem,whole_plant,val
C:\Users\hardi\Downloads\medicinal plants detection\dataset\Indian Medicinal Leaves Image Datasets\Datasets_Plant\Neem\1800.jpg,Neem,Neem,whole_plant,val
C:\Users\hardi\Downloads\medicinal plants detection\dataset\Indian Medicinal Leaves Image Datasets\Datasets_Plant\Neem\602.jpg,Neem,Neem,whole_plant,val
C:\Users\hardi\Downloads\medicinal plants detection\dataset\Indian Medicinal Leaves Image Datasets\Datasets_Plant\Neem\1877.jpg,Neem,Neem,whole_plant,val
C:\Users\hardi\Downloads\medicinal plants detection\dataset\Indian Medicinal Leaves Image Datasets\Datasets_Plant\Neem\1780.jpg,Neem,Neem,whole_plant,val
C:\Users\hardi\Downloads\medicinal plants detection\dataset\Indian Medicinal Leaves Image Datasets\Datasets_Plant\Neem\1891.jpg,Neem,Neem,whole_plant,val
C:\Users\hardi\Downloads\medicinal plants detection\dataset\Indian Medicinal Leaves Image Datasets\Datasets_Plant\Neem\1883.jpg,Neem,Neem,whole_plant,test
C:\Users\hardi\Downloads\medicinal plants detection\dataset\Indian Medicinal Leaves Image Datasets\Datasets_Plant\Neem\86.jpg,Neem,Neem,whole_plant,test
C:\Users\hardi\Downloads\medicinal plants detection\dataset\Indian Medicinal Leaves Image Datasets\Datasets_Plant\Neem\1855.jpg,Neem,Neem,whole_plant,test
C:\Users\hardi\Downloads\medicinal plants detection\dataset\Indian Medicinal Leaves Image Datasets\Datasets_Plant\Neem\87.jpg,Neem,Neem,whole_plant,test
C:\Users\hardi\Downloads\medicinal plants detection\dataset\Indian Medicinal Leaves Image Datasets\Datasets_Plant\Neem\1836.jpg,Neem,Neem,whole_plant,test
C:\Users\hardi\Downloads\medicinal plants detection\dataset\Indian Medicinal Leaves Image Datasets\Datasets_Plant\Neem\1887.jpg,Neem,Neem,whole_plant,test
C:\Users\hardi\Downloads\medicinal plants detection\dataset\Indian Medicinal Leaves Image Datasets\Datasets_Plant\Neem\1830.jpg,Neem,Neem,whole_plant,test
C:\Users\hardi\Downloads\medicinal plants detection\dataset\Indian Medicinal Leaves Image Datasets\Datasets_Plant\Neem\90.jpg,Neem,Neem,whole_plant,test
C:\Users\hardi\Downloads\medicinal plants detection\dataset\Indian Medicinal Leaves Image Datasets\Datasets_Plant\Neem\608.jpg,Neem,Neem,whole_plant,test
C:\Users\hardi\Downloads\medicinal plants detection\dataset\Indian Medicinal Leaves Image Datasets\Datasets_Plant\Neem\1839.jpg,Neem,Neem,whole_plant,test
C:\Users\hardi\Downloads\medicinal plants detection\dataset\Indian Medicinal Leaves Image Datasets\Datasets_Plant\Neem\1835.jpg,Neem,Neem,whole_plant,test
C:\Users\hardi\Downloads\medicinal plants detection\dataset\Indian Medicinal Leaves Image Datasets\Datasets_Plant\Neem\1803.jpg,Neem,Neem,whole_plant,test
C:\Users\hardi\Downloads\medicinal plants detection\dataset\Indian Medicinal Leaves Image Datasets\Datasets_Plant\Neem\1787.jpg,Neem,Neem,whole_plant,test
C:\Users\hardi\Downloads\medicinal plants detection\dataset\Indian Medicinal Leaves Image Datasets\Datasets_Plant\Neem\1788.jpg,Neem,Neem,whole_plant,test
C:\Users\hardi\Downloads\medicinal plants detection\dataset\Indian Medicinal Leaves Image Datasets\Datasets_Plant\Neem\1888.jpg,Neem,Neem,whole_plant,test
C:\Users\hardi\Downloads\medicinal plants detection\dataset\Indian Medicinal Leaves Image Datasets\Datasets_Plant\Neem\1802.jpg,Neem,Neem,whole_plant,test
C:\Users\hardi\Downloads\medicinal plants detection\dataset\Indian Medicinal Leaves Image Datasets\Datasets_Plant\Neem\1806.jpg,Neem,Neem,whole_plant,test
C:\Users\hardi\Downloads\medicinal plants detection\dataset\Indian Medicinal Leaves Image Datasets\Datasets_Plant\Neem\1815.jpg,Neem,Neem,whole_plant,test
C:\Users\hardi\Downloads\medicinal plants detection\dataset\Indian Medicinal Leaves Image Datasets\Datasets_Plant\Neem\1837.jpg,Neem,Neem,whole_plant,test
C:\Users\hardi\Downloads\medicinal plants detection\dataset\Indian Medicinal Leaves Image Datasets\Datasets_Plant\Neem\1842.jpg,Neem,Neem,whole_plant,test
C:\Users\hardi\Downloads\medicinal plants detection\dataset\Indian Medicinal Leaves Image Datasets\Datasets_Plant\Neem\1850.jpg,Neem,Neem,whole_plant,test
C:\Users\hardi\Downloads\medicinal plants detection\dataset\Indian Medicinal Leaves Image Datasets\Datasets_Plant\Neem\1786.jpg,Neem,Neem,whole_plant,test
C:\Users\hardi\Downloads\medicinal plants detection\dataset\Indian Medicinal Leaves Image Datasets\Datasets_Plant\Neem\1808.jpg,Neem,Neem,whole_plant,test
C:\Users\hardi\Downloads\medicinal plants detection\dataset\Indian Medicinal Leaves Image Datasets\Datasets_Plant\Nithyapushpa\721.jpg,Nithyapushpa,Nithyapushpa,whole_plant,train
C:\Users\hardi\Downloads\medicinal plants detection\dataset\Indian Medicinal Leaves Image Datasets\Datasets_Plant\Nithyapushpa\2893.jpg,Nithyapushpa,Nithyapushpa,whole_plant,train
C:\Users\hardi\Downloads\medicinal plants detection\dataset\Indian Medicinal Leaves Image Datasets\Datasets_Plant\Nithyapushpa\2957.jpg,Nithyapushpa,Nithyapushpa,whole_plant,train
C:\Users\hardi\Downloads\medicinal plants detection\dataset\Indian Medicinal Leaves Image Datasets\Datasets_Plant\Nithyapushpa\2926.jpg,Nithyapushpa,Nithyapushpa,whole_plant,train
C:\Users\hardi\Downloads\medicinal plants detection\dataset\Indian Medicinal Leaves Image Datasets\Datasets_Plant\Nithyapushpa\2949.jpg,Nithyapushpa,Nithyapushpa,whole_plant,train
C:\Users\hardi\Downloads\medicinal plants detection\dataset\Indian Medicinal Leaves Image Datasets\Datasets_Plant\Nithyapushpa\2988.jpg,Nithyapushpa,Nithyapushpa,whole_plant,train
C:\Users\hardi\Downloads\medicinal plants detection\dataset\Indian Medicinal Leaves Image Datasets\Datasets_Plant\Nithyapushpa\3005.jpg,Nithyapushpa,Nithyapushpa,whole_plant,train
C:\Users\hardi\Downloads\medicinal plants detection\dataset\Indian Medicinal Leaves Image Datasets\Datasets_Plant\Nithyapushpa\2905.jpg,Nithyapushpa,Nithyapushpa,whole_plant,train
C:\Users\hardi\Downloads\medicinal plants detection\dataset\Indian Medicinal Leaves Image Datasets\Datasets_Plant\Nithyapushpa\717.jpg,Nithyapushpa,Nithyapushpa,whole_plant,train
C:\Users\hardi\Downloads\medicinal plants detection\dataset\Indian Medicinal Leaves Image Datasets\Datasets_Plant\Nithyapushpa\2996.jpg,Nithyapushpa,Nithyapushpa,whole_plant,train
C:\Users\hardi\Downloads\medicinal plants detection\dataset\Indian Medicinal Leaves Image Datasets\Datasets_Plant\Nithyapushpa\2947.jpg,Nithyapushpa,Nithyapushpa,whole_plant,train
C:\Users\hardi\Downloads\medicinal plants detection\dataset\Indian Medicinal Leaves Image Datasets\Datasets_Plant\Nithyapushpa\2944.jpg,Nithyapushpa,Nithyapushpa,whole_plant,train
C:\Users\hardi\Downloads\medicinal plants detection\dataset\Indian Medicinal Leaves Image Datasets\Datasets_Plant\Nithyapushpa\725.jpg,Nithyapushpa,Nithyapushpa,whole_plant,train
C:\Users\hardi\Downloads\medicinal plants detection\dataset\Indian Medicinal Leaves Image Datasets\Datasets_Plant\Nithyapushpa\2913.jpg,Nithyapushpa,Nithyapushpa,whole_plant,train
C:\Users\hardi\Downloads\medicinal plants detection\dataset\Indian Medicinal Leaves Image Datasets\Datasets_Plant\Nithyapushpa\2958.jpg,Nithyapushpa,Nithyapushpa,whole_plant,train
C:\Users\hardi\Downloads\medicinal plants detection\dataset\Indian Medicinal Leaves Image Datasets\Datasets_Plant\Nithyapushpa\2907.jpg,Nithyapushpa,Nithyapushpa,whole_plant,train
C:\Users\hardi\Downloads\medicinal plants detection\dataset\Indian Medicinal Leaves Image Datasets\Datasets_Plant\Nithyapushpa\2967.jpg,Nithyapushpa,Nithyapushpa,whole_plant,train
C:\Users\hardi\Downloads\medicinal plants detection\dataset\Indian Medicinal Leaves Image Datasets\Datasets_Plant\Nithyapushpa\2936.jpg,Nithyapushpa,Nithyapushpa,whole_plant,train
C:\Users\hardi\Downloads\medicinal plants detection\dataset\Indian Medicinal Leaves Image Datasets\Datasets_Plant\Nithyapushpa\2917.jpg,Nithyapushpa,Nithyapushpa,whole_plant,train
C:\Users\hardi\Downloads\medicinal plants detection\dataset\Indian Medicinal Leaves Image Datasets\Datasets_Plant\Nithyapushpa\2961.jpg,Nithyapushpa,Nithyapushpa,whole_plant,train
C:\Users\hardi\Downloads\medicinal plants detection\dataset\Indian Medicinal Leaves Image Datasets\Datasets_Plant\Nithyapushpa\3001.jpg,Nithyapushpa,Nithyapushpa,whole_plant,train
C:\Users\hardi\Downloads\medicinal plants detection\dataset\Indian Medicinal Leaves Image Datasets\Datasets_Plant\Nithyapushpa\728.jpg,Nithyapushpa,Nithyapushpa,whole_plant,train
C:\Users\hardi\Downloads\medicinal plants detection\dataset\Indian Medicinal Leaves Image Datasets\Datasets_Plant\Nithyapushpa\2927.jpg,Nithyapushpa,Nithyapushpa,whole_plant,train
C:\Users\hardi\Downloads\medicinal plants detection\dataset\Indian Medicinal Leaves Image Datasets\Datasets_Plant\Nithyapushpa\197.jpg,Nithyapushpa,Nithyapushpa,whole_plant,train
C:\Users\hardi\Downloads\medicinal plants detection\dataset\Indian Medicinal Leaves Image Datasets\Datasets_Plant\Nithyapushpa\2963.jpg,Nithyapushpa,Nithyapushpa,whole_plant,train
C:\Users\hardi\Downloads\medicinal plants detection\dataset\Indian Medicinal Leaves Image Datasets\Datasets_Plant\Nithyapushpa\3006.jpg,Nithyapushpa,Nithyapushpa,whole_plant,train
C:\Users\hardi\Downloads\medicinal plants detection\dataset\Indian Medicinal Leaves Image Datasets\Datasets_Plant\Nithyapushpa\2938.jpg,Nithyapushpa,Nithyapushpa,whole_plant,train
C:\Users\hardi\Downloads\medicinal plants detection\dataset\Indian Medicinal Leaves Image Datasets\Datasets_Plant\Nithyapushpa\2977.jpg,Nithyapushpa,Nithyapushpa,whole_plant,train
C:\Users\hardi\Downloads\medicinal plants detection\dataset\Indian Medicinal Leaves Image Datasets\Datasets_Plant\Nithyapushpa\2951.jpg,Nithyapushpa,Nithyapushpa,whole_plant,train
C:\Users\hardi\Downloads\medicinal plants detection\dataset\Indian Medicinal Leaves Image Datasets\Datasets_Plant\Nithyapushpa\718.jpg,Nithyapushpa,Nithyapushpa,whole_plant,train
C:\Users\hardi\Downloads\medicinal plants detection\dataset\Indian Medicinal Leaves Image Datasets\Datasets_Plant\Nithyapushpa\720.jpg,Nithyapushpa,Nithyapushpa,whole_plant,train
C:\Users\hardi\Downloads\medicinal plants detection\dataset\Indian Medicinal Leaves Image Datasets\Datasets_Plant\Nithyapushpa\2914.jpg,Nithyapushpa,Nithyapushpa,whole_plant,train
C:\Users\hardi\Downloads\medicinal plants detection\dataset\Indian Medicinal Leaves Image Datasets\Datasets_Plant\Nithyapushpa\2987.jpg,Nithyapushpa,Nithyapushpa,whole_plant,train
C:\Users\hardi\Downloads\medicinal plants detection\dataset\Indian Medicinal Leaves Image Datasets\Datasets_Plant\Nithyapushpa\2935.jpg,Nithyapushpa,Nithyapushpa,whole_plant,train
C:\Users\hardi\Downloads\medicinal plants detection\dataset\Indian Medicinal Leaves Image Datasets\Datasets_Plant\Nithyapushpa\2997.jpg,Nithyapushpa,Nithyapushpa,whole_plant,train
C:\Users\hardi\Downloads\medicinal plants detection\dataset\Indian Medicinal Leaves Image Datasets\Datasets_Plant\Nithyapushpa\2962.jpg,Nithyapushpa,Nithyapushpa,whole_plant,train
C:\Users\hardi\Downloads\medicinal plants detection\dataset\Indian Medicinal Leaves Image Datasets\Datasets_Plant\Nithyapushpa\2891.jpg,Nithyapushpa,Nithyapushpa,whole_plant,train
C:\Users\hardi\Downloads\medicinal plants detection\dataset\Indian Medicinal Leaves Image Datasets\Datasets_Plant\Nithyapushpa\2969.jpg,Nithyapushpa,Nithyapushpa,whole_plant,train
C:\Users\hardi\Downloads\medicinal plants detection\dataset\Indian Medicinal Leaves Image Datasets\Datasets_Plant\Nithyapushpa\2956.jpg,Nithyapushpa,Nithyapushpa,whole_plant,train
C:\Users\hardi\Downloads\medicinal plants detection\dataset\Indian Medicinal Leaves Image Datasets\Datasets_Plant\Nithyapushpa\2939.jpg,Nithyapushpa,Nithyapushpa,whole_plant,train
C:\Users\hardi\Downloads\medicinal plants detection\dataset\Indian Medicinal Leaves Image Datasets\Datasets_Plant\Nithyapushpa\2942.jpg,Nithyapushpa,Nithyapushpa,whole_plant,train
C:\Users\hardi\Downloads\medicinal plants detection\dataset\Indian Medicinal Leaves Image Datasets\Datasets_Plant\Nithyapushpa\2916.jpg,Nithyapushpa,Nithyapushpa,whole_plant,train
C:\Users\hardi\Downloads\medicinal plants detection\dataset\Indian Medicinal Leaves Image Datasets\Datasets_Plant\Nithyapushpa\2992.jpg,Nithyapushpa,Nithyapushpa,whole_plant,train
C:\Users\hardi\Downloads\medicinal plants detection\dataset\Indian Medicinal Leaves Image Datasets\Datasets_Plant\Nithyapushpa\716.jpg,Nithyapushpa,Nithyapushpa,whole_plant,train
C:\Users\hardi\Downloads\medicinal plants detection\dataset\Indian Medicinal Leaves Image Datasets\Datasets_Plant\Nithyapushpa\2911.jpg,Nithyapushpa,Nithyapushpa,whole_plant,train
C:\Users\hardi\Downloads\medicinal plants detection\dataset\Indian Medicinal Leaves Image Datasets\Datasets_Plant\Nithyapushpa\2984.jpg,Nithyapushpa,Nithyapushpa,whole_plant,train
C:\Users\hardi\Downloads\medicinal plants detection\dataset\Indian Medicinal Leaves Image Datasets\Datasets_Plant\Nithyapushpa\200.jpg,Nithyapushpa,Nithyapushpa,whole_plant,train
C:\Users\hardi\Downloads\medicinal plants detection\dataset\Indian Medicinal Leaves Image Datasets\Datasets_Plant\Nithyapushpa\2892.jpg,Nithyapushpa,Nithyapushpa,whole_plant,train
C:\Users\hardi\Downloads\medicinal plants detection\dataset\Indian Medicinal Leaves Image Datasets\Datasets_Plant\Nithyapushpa\2900.jpg,Nithyapushpa,Nithyapushpa,whole_plant,train
C:\Users\hardi\Downloads\medicinal plants detection\dataset\Indian Medicinal Leaves Image Datasets\Datasets_Plant\Nithyapushpa\3002.jpg,Nithyapushpa,Nithyapushpa,whole_plant,train
C:\Users\hardi\Downloads\medicinal plants detection\dataset\Indian Medicinal Leaves Image Datasets\Datasets_Plant\Nithyapushpa\198.jpg,Nithyapushpa,Nithyapushpa,whole_plant,train
C:\Users\hardi\Downloads\medicinal plants detection\dataset\Indian Medicinal Leaves Image Datasets\Datasets_Plant\Nithyapushpa\2994.jpg,Nithyapushpa,Nithyapushpa,whole_plant,train
C:\Users\hardi\Downloads\medicinal plants detection\dataset\Indian Medicinal Leaves Image Datasets\Datasets_Plant\Nithyapushpa\199.jpg,Nithyapushpa,Nithyapushpa,whole_plant,train
C:\Users\hardi\Downloads\medicinal plants detection\dataset\Indian Medicinal Leaves Image Datasets\Datasets_Plant\Nithyapushpa\2991.jpg,Nithyapushpa,Nithyapushpa,whole_plant,train
C:\Users\hardi\Downloads\medicinal plants detection\dataset\Indian Medicinal Leaves Image Datasets\Datasets_Plant\Nithyapushpa\2924.jpg,Nithyapushpa,Nithyapushpa,whole_plant,train
C:\Users\hardi\Downloads\medicinal plants detection\dataset\Indian Medicinal Leaves Image Datasets\Datasets_Plant\Nithyapushpa\2928.jpg,Nithyapushpa,Nithyapushpa,whole_plant,train
C:\Users\hardi\Downloads\medicinal plants detection\dataset\Indian Medicinal Leaves Image Datasets\Datasets_Plant\Nithyapushpa\2941.jpg,Nithyapushpa,Nithyapushpa,whole_plant,train
C:\Users\hardi\Downloads\medicinal plants detection\dataset\Indian Medicinal Leaves Image Datasets\Datasets_Plant\Nithyapushpa\2985.jpg,Nithyapushpa,Nithyapushpa,whole_plant,train
C:\Users\hardi\Downloads\medicinal plants detection\dataset\Indian Medicinal Leaves Image Datasets\Datasets_Plant\Nithyapushpa\2889.jpg,Nithyapushpa,Nithyapushpa,whole_plant,train
C:\Users\hardi\Downloads\medicinal plants detection\dataset\Indian Medicinal Leaves Image Datasets\Datasets_Plant\Nithyapushpa\2953.jpg,Nithyapushpa,Nithyapushpa,whole_plant,train
C:\Users\hardi\Downloads\medicinal plants detection\dataset\Indian Medicinal Leaves Image Datasets\Datasets_Plant\Nithyapushpa\2979.jpg,Nithyapushpa,Nithyapushpa,whole_plant,train
C:\Users\hardi\Downloads\medicinal plants detection\dataset\Indian Medicinal Leaves Image Datasets\Datasets_Plant\Nithyapushpa\2915.jpg,Nithyapushpa,Nithyapushpa,whole_plant,train
C:\Users\hardi\Downloads\medicinal plants detection\dataset\Indian Medicinal Leaves Image Datasets\Datasets_Plant\Nithyapushpa\2940.jpg,Nithyapushpa,Nithyapushpa,whole_plant,train
C:\Users\hardi\Downloads\medicinal plants detection\dataset\Indian Medicinal Leaves Image Datasets\Datasets_Plant\Nithyapushpa\2946.jpg,Nithyapushpa,Nithyapushpa,whole_plant,train
C:\Users\hardi\Downloads\medicinal plants detection\dataset\Indian Medicinal Leaves Image Datasets\Datasets_Plant\Nithyapushpa\2966.jpg,Nithyapushpa,Nithyapushpa,whole_plant,train
C:\Users\hardi\Downloads\medicinal plants detection\dataset\Indian Medicinal Leaves Image Datasets\Datasets_Plant\Nithyapushpa\3007.jpg,Nithyapushpa,Nithyapushpa,whole_plant,train
C:\Users\hardi\Downloads\medicinal plants detection\dataset\Indian Medicinal Leaves Image Datasets\Datasets_Plant\Nithyapushpa\3000.jpg,Nithyapushpa,Nithyapushpa,whole_plant,train
C:\Users\hardi\Downloads\medicinal plants detection\dataset\Indian Medicinal Leaves Image Datasets\Datasets_Plant\Nithyapushpa\2906.jpg,Nithyapushpa,Nithyapushpa,whole_plant,train
C:\Users\hardi\Downloads\medicinal plants detection\dataset\Indian Medicinal Leaves Image Datasets\Datasets_Plant\Nithyapushpa\2973.jpg,Nithyapushpa,Nithyapushpa,whole_plant,train
C:\Users\hardi\Downloads\medicinal plants detection\dataset\Indian Medicinal Leaves Image Datasets\Datasets_Plant\Nithyapushpa\2896.jpg,Nithyapushpa,Nithyapushpa,whole_plant,train
C:\Users\hardi\Downloads\medicinal plants detection\dataset\Indian Medicinal Leaves Image Datasets\Datasets_Plant\Nithyapushpa\205.jpg,Nithyapushpa,Nithyapushpa,whole_plant,train
C:\Users\hardi\Downloads\medicinal plants detection\dataset\Indian Medicinal Leaves Image Datasets\Datasets_Plant\Nithyapushpa\2909.jpg,Nithyapushpa,Nithyapushpa,whole_plant,train
C:\Users\hardi\Downloads\medicinal plants detection\dataset\Indian Medicinal Leaves Image Datasets\Datasets_Plant\Nithyapushpa\722.jpg,Nithyapushpa,Nithyapushpa,whole_plant,train
C:\Users\hardi\Downloads\medicinal plants detection\dataset\Indian Medicinal Leaves Image Datasets\Datasets_Plant\Nithyapushpa\2980.jpg,Nithyapushpa,Nithyapushpa,whole_plant,train
C:\Users\hardi\Downloads\medicinal plants detection\dataset\Indian Medicinal Leaves Image Datasets\Datasets_Plant\Nithyapushpa\2922.jpg,Nithyapushpa,Nithyapushpa,whole_plant,train
C:\Users\hardi\Downloads\medicinal plants detection\dataset\Indian Medicinal Leaves Image Datasets\Datasets_Plant\Nithyapushpa\2993.jpg,Nithyapushpa,Nithyapushpa,whole_plant,train
C:\Users\hardi\Downloads\medicinal plants detection\dataset\Indian Medicinal Leaves Image Datasets\Datasets_Plant\Nithyapushpa\2965.jpg,Nithyapushpa,Nithyapushpa,whole_plant,train
C:\Users\hardi\Downloads\medicinal plants detection\dataset\Indian Medicinal Leaves Image Datasets\Datasets_Plant\Nithyapushpa\2974.jpg,Nithyapushpa,Nithyapushpa,whole_plant,train
C:\Users\hardi\Downloads\medicinal plants detection\dataset\Indian Medicinal Leaves Image Datasets\Datasets_Plant\Nithyapushpa\2989.jpg,Nithyapushpa,Nithyapushpa,whole_plant,train
C:\Users\hardi\Downloads\medicinal plants detection\dataset\Indian Medicinal Leaves Image Datasets\Datasets_Plant\Nithyapushpa\2971.jpg,Nithyapushpa,Nithyapushpa,whole_plant,train
C:\Users\hardi\Downloads\medicinal plants detection\dataset\Indian Medicinal Leaves Image Datasets\Datasets_Plant\Nithyapushpa\2981.jpg,Nithyapushpa,Nithyapushpa,whole_plant,train
C:\Users\hardi\Downloads\medicinal plants detection\dataset\Indian Medicinal Leaves Image Datasets\Datasets_Plant\Nithyapushpa\2960.jpg,Nithyapushpa,Nithyapushpa,whole_plant,train
C:\Users\hardi\Downloads\medicinal plants detection\dataset\Indian Medicinal Leaves Image Datasets\Datasets_Plant\Nithyapushpa\2970.jpg,Nithyapushpa,Nithyapushpa,whole_plant,train
C:\Users\hardi\Downloads\medicinal plants detection\dataset\Indian Medicinal Leaves Image Datasets\Datasets_Plant\Nithyapushpa\2975.jpg,Nithyapushpa,Nithyapushpa,whole_plant,train
C:\Users\hardi\Downloads\medicinal plants detection\dataset\Indian Medicinal Leaves Image Datasets\Datasets_Plant\Nithyapushpa\2904.jpg,Nithyapushpa,Nithyapushpa,whole_plant,train
C:\Users\hardi\Downloads\medicinal plants detection\dataset\Indian Medicinal Leaves Image Datasets\Datasets_Plant\Nithyapushpa\2959.jpg,Nithyapushpa,Nithyapushpa,whole_plant,train
C:\Users\hardi\Downloads\medicinal plants detection\dataset\Indian Medicinal Leaves Image Datasets\Datasets_Plant\Nithyapushpa\2976.jpg,Nithyapushpa,Nithyapushpa,whole_plant,train
C:\Users\hardi\Downloads\medicinal plants detection\dataset\Indian Medicinal Leaves Image Datasets\Datasets_Plant\Nithyapushpa\719.jpg,Nithyapushpa,Nithyapushpa,whole_plant,train
C:\Users\hardi\Downloads\medicinal plants detection\dataset\Indian Medicinal Leaves Image Datasets\Datasets_Plant\Nithyapushpa\2899.jpg,Nithyapushpa,Nithyapushpa,whole_plant,train
C:\Users\hardi\Downloads\medicinal plants detection\dataset\Indian Medicinal Leaves Image Datasets\Datasets_Plant\Nithyapushpa\2948.jpg,Nithyapushpa,Nithyapushpa,whole_plant,train
C:\Users\hardi\Downloads\medicinal plants detection\dataset\Indian Medicinal Leaves Image Datasets\Datasets_Plant\Nithyapushpa\2921.jpg,Nithyapushpa,Nithyapushpa,whole_plant,train
C:\Users\hardi\Downloads\medicinal plants detection\dataset\Indian Medicinal Leaves Image Datasets\Datasets_Plant\Nithyapushpa\2954.jpg,Nithyapushpa,Nithyapushpa,whole_plant,train
C:\Users\hardi\Downloads\medicinal plants detection\dataset\Indian Medicinal Leaves Image Datasets\Datasets_Plant\Nithyapushpa\2955.jpg,Nithyapushpa,Nithyapushpa,whole_plant,train
C:\Users\hardi\Downloads\medicinal plants detection\dataset\Indian Medicinal Leaves Image Datasets\Datasets_Plant\Nithyapushpa\2912.jpg,Nithyapushpa,Nithyapushpa,whole_plant,train
C:\Users\hardi\Downloads\medicinal plants detection\dataset\Indian Medicinal Leaves Image Datasets\Datasets_Plant\Nithyapushpa\726.jpg,Nithyapushpa,Nithyapushpa,whole_plant,train
C:\Users\hardi\Downloads\medicinal plants detection\dataset\Indian Medicinal Leaves Image Datasets\Datasets_Plant\Nithyapushpa\206.jpg,Nithyapushpa,Nithyapushpa,whole_plant,train
C:\Users\hardi\Downloads\medicinal plants detection\dataset\Indian Medicinal Leaves Image Datasets\Datasets_Plant\Nithyapushpa\3003.jpg,Nithyapushpa,Nithyapushpa,whole_plant,train
C:\Users\hardi\Downloads\medicinal plants detection\dataset\Indian Medicinal Leaves Image Datasets\Datasets_Plant\Nithyapushpa\2890.jpg,Nithyapushpa,Nithyapushpa,whole_plant,train
C:\Users\hardi\Downloads\medicinal plants detection\dataset\Indian Medicinal Leaves Image Datasets\Datasets_Plant\Nithyapushpa\2943.jpg,Nithyapushpa,Nithyapushpa,whole_plant,train
C:\Users\hardi\Downloads\medicinal plants detection\dataset\Indian Medicinal Leaves Image Datasets\Datasets_Plant\Nithyapushpa\2933.jpg,Nithyapushpa,Nithyapushpa,whole_plant,train
C:\Users\hardi\Downloads\medicinal plants detection\dataset\Indian Medicinal Leaves Image Datasets\Datasets_Plant\Nithyapushpa\2968.jpg,Nithyapushpa,Nithyapushpa,whole_plant,train
C:\Users\hardi\Downloads\medicinal plants detection\dataset\Indian Medicinal Leaves Image Datasets\Datasets_Plant\Nithyapushpa\201.jpg,Nithyapushpa,Nithyapushpa,whole_plant,train
C:\Users\hardi\Downloads\medicinal plants detection\dataset\Indian Medicinal Leaves Image Datasets\Datasets_Plant\Nithyapushpa\2908.jpg,Nithyapushpa,Nithyapushpa,whole_plant,val
C:\Users\hardi\Downloads\medicinal plants detection\dataset\Indian Medicinal Leaves Image Datasets\Datasets_Plant\Nithyapushpa\2952.jpg,Nithyapushpa,Nithyapushpa,whole_plant,val
C:\Users\hardi\Downloads\medicinal plants detection\dataset\Indian Medicinal Leaves Image Datasets\Datasets_Plant\Nithyapushpa\2919.jpg,Nithyapushpa,Nithyapushpa,whole_plant,val
C:\Users\hardi\Downloads\medicinal plants detection\dataset\Indian Medicinal Leaves Image Datasets\Datasets_Plant\Nithyapushpa\2920.jpg,Nithyapushpa,Nithyapushpa,whole_plant,val
C:\Users\hardi\Downloads\medicinal plants detection\dataset\Indian Medicinal Leaves Image Datasets\Datasets_Plant\Nithyapushpa\208.jpg,Nithyapushpa,Nithyapushpa,whole_plant,val
C:\Users\hardi\Downloads\medicinal plants detection\dataset\Indian Medicinal Leaves Image Datasets\Datasets_Plant\Nithyapushpa\2923.jpg,Nithyapushpa,Nithyapushpa,whole_plant,val
C:\Users\hardi\Downloads\medicinal plants detection\dataset\Indian Medicinal Leaves Image Datasets\Datasets_Plant\Nithyapushpa\207.jpg,Nithyapushpa,Nithyapushpa,whole_plant,val
C:\Users\hardi\Downloads\medicinal plants detection\dataset\Indian Medicinal Leaves Image Datasets\Datasets_Plant\Nithyapushpa\2888.jpg,Nithyapushpa,Nithyapushpa,whole_plant,val
C:\Users\hardi\Downloads\medicinal plants detection\dataset\Indian Medicinal Leaves Image Datasets\Datasets_Plant\Nithyapushpa\2990.jpg,Nithyapushpa,Nithyapushpa,whole_plant,val
C:\Users\hardi\Downloads\medicinal plants detection\dataset\Indian Medicinal Leaves Image Datasets\Datasets_Plant\Nithyapushpa\2995.jpg,Nithyapushpa,Nithyapushpa,whole_plant,val
C:\Users\hardi\Downloads\medicinal plants detection\dataset\Indian Medicinal Leaves Image Datasets\Datasets_Plant\Nithyapushpa\2902.jpg,Nithyapushpa,Nithyapushpa,whole_plant,val
C:\Users\hardi\Downloads\medicinal plants detection\dataset\Indian Medicinal Leaves Image Datasets\Datasets_Plant\Nithyapushpa\2894.jpg,Nithyapushpa,Nithyapushpa,whole_plant,val
C:\Users\hardi\Downloads\medicinal plants detection\dataset\Indian Medicinal Leaves Image Datasets\Datasets_Plant\Nithyapushpa\2999.jpg,Nithyapushpa,Nithyapushpa,whole_plant,val
C:\Users\hardi\Downloads\medicinal plants detection\dataset\Indian Medicinal Leaves Image Datasets\Datasets_Plant\Nithyapushpa\2918.jpg,Nithyapushpa,Nithyapushpa,whole_plant,val
C:\Users\hardi\Downloads\medicinal plants detection\dataset\Indian Medicinal Leaves Image Datasets\Datasets_Plant\Nithyapushpa\2929.jpg,Nithyapushpa,Nithyapushpa,whole_plant,val
C:\Users\hardi\Downloads\medicinal plants detection\dataset\Indian Medicinal Leaves Image Datasets\Datasets_Plant\Nithyapushpa\2964.jpg,Nithyapushpa,Nithyapushpa,whole_plant,val
C:\Users\hardi\Downloads\medicinal plants detection\dataset\Indian Medicinal Leaves Image Datasets\Datasets_Plant\Nithyapushpa\2895.jpg,Nithyapushpa,Nithyapushpa,whole_plant,val
C:\Users\hardi\Downloads\medicinal plants detection\dataset\Indian Medicinal Leaves Image Datasets\Datasets_Plant\Nithyapushpa\2998.jpg,Nithyapushpa,Nithyapushpa,whole_plant,val
C:\Users\hardi\Downloads\medicinal plants detection\dataset\Indian Medicinal Leaves Image Datasets\Datasets_Plant\Nithyapushpa\2972.jpg,Nithyapushpa,Nithyapushpa,whole_plant,val
C:\Users\hardi\Downloads\medicinal plants detection\dataset\Indian Medicinal Leaves Image Datasets\Datasets_Plant\Nithyapushpa\196.jpg,Nithyapushpa,Nithyapushpa,whole_plant,val
C:\Users\hardi\Downloads\medicinal plants detection\dataset\Indian Medicinal Leaves Image Datasets\Datasets_Plant\Nithyapushpa\2986.jpg,Nithyapushpa,Nithyapushpa,whole_plant,val
C:\Users\hardi\Downloads\medicinal plants detection\dataset\Indian Medicinal Leaves Image Datasets\Datasets_Plant\Nithyapushpa\2978.jpg,Nithyapushpa,Nithyapushpa,whole_plant,test
C:\Users\hardi\Downloads\medicinal plants detection\dataset\Indian Medicinal Leaves Image Datasets\Datasets_Plant\Nithyapushpa\723.jpg,Nithyapushpa,Nithyapushpa,whole_plant,test
C:\Users\hardi\Downloads\medicinal plants detection\dataset\Indian Medicinal Leaves Image Datasets\Datasets_Plant\Nithyapushpa\2950.jpg,Nithyapushpa,Nithyapushpa,whole_plant,test
C:\Users\hardi\Downloads\medicinal plants detection\dataset\Indian Medicinal Leaves Image Datasets\Datasets_Plant\Nithyapushpa\724.jpg,Nithyapushpa,Nithyapushpa,whole_plant,test
C:\Users\hardi\Downloads\medicinal plants detection\dataset\Indian Medicinal Leaves Image Datasets\Datasets_Plant\Nithyapushpa\2931.jpg,Nithyapushpa,Nithyapushpa,whole_plant,test
C:\Users\hardi\Downloads\medicinal plants detection\dataset\Indian Medicinal Leaves Image Datasets\Datasets_Plant\Nithyapushpa\2982.jpg,Nithyapushpa,Nithyapushpa,whole_plant,test
C:\Users\hardi\Downloads\medicinal plants detection\dataset\Indian Medicinal Leaves Image Datasets\Datasets_Plant\Nithyapushpa\2925.jpg,Nithyapushpa,Nithyapushpa,whole_plant,test
C:\Users\hardi\Downloads\medicinal plants detection\dataset\Indian Medicinal Leaves Image Datasets\Datasets_Plant\Nithyapushpa\727.jpg,Nithyapushpa,Nithyapushpa,whole_plant,test
C:\Users\hardi\Downloads\medicinal plants detection\dataset\Indian Medicinal Leaves Image Datasets\Datasets_Plant\Nithyapushpa\3004.jpg,Nithyapushpa,Nithyapushpa,whole_plant,test
C:\Users\hardi\Downloads\medicinal plants detection\dataset\Indian Medicinal Leaves Image Datasets\Datasets_Plant\Nithyapushpa\2934.jpg,Nithyapushpa,Nithyapushpa,whole_plant,test
C:\Users\hardi\Downloads\medicinal plants detection\dataset\Indian Medicinal Leaves Image Datasets\Datasets_Plant\Nithyapushpa\2930.jpg,Nithyapushpa,Nithyapushpa,whole_plant,test
C:\Users\hardi\Downloads\medicinal plants detection\dataset\Indian Medicinal Leaves Image Datasets\Datasets_Plant\Nithyapushpa\2898.jpg,Nithyapushpa,Nithyapushpa,whole_plant,test
C:\Users\hardi\Downloads\medicinal plants detection\dataset\Indian Medicinal Leaves Image Datasets\Datasets_Plant\Nithyapushpa\203.jpg,Nithyapushpa,Nithyapushpa,whole_plant,test
C:\Users\hardi\Downloads\medicinal plants detection\dataset\Indian Medicinal Leaves Image Datasets\Datasets_Plant\Nithyapushpa\204.jpg,Nithyapushpa,Nithyapushpa,whole_plant,test
C:\Users\hardi\Downloads\medicinal plants detection\dataset\Indian Medicinal Leaves Image Datasets\Datasets_Plant\Nithyapushpa\2983.jpg,Nithyapushpa,Nithyapushpa,whole_plant,test
C:\Users\hardi\Downloads\medicinal plants detection\dataset\Indian Medicinal Leaves Image Datasets\Datasets_Plant\Nithyapushpa\2897.jpg,Nithyapushpa,Nithyapushpa,whole_plant,test
C:\Users\hardi\Downloads\medicinal plants detection\dataset\Indian Medicinal Leaves Image Datasets\Datasets_Plant\Nithyapushpa\2901.jpg,Nithyapushpa,Nithyapushpa,whole_plant,test
C:\Users\hardi\Downloads\medicinal plants detection\dataset\Indian Medicinal Leaves Image Datasets\Datasets_Plant\Nithyapushpa\2910.jpg,Nithyapushpa,Nithyapushpa,whole_plant,test
C:\Users\hardi\Downloads\medicinal plants detection\dataset\Indian Medicinal Leaves Image Datasets\Datasets_Plant\Nithyapushpa\2932.jpg,Nithyapushpa,Nithyapushpa,whole_plant,test
C:\Users\hardi\Downloads\medicinal plants detection\dataset\Indian Medicinal Leaves Image Datasets\Datasets_Plant\Nithyapushpa\2937.jpg,Nithyapushpa,Nithyapushpa,whole_plant,test
C:\Users\hardi\Downloads\medicinal plants detection\dataset\Indian Medicinal Leaves Image Datasets\Datasets_Plant\Nithyapushpa\2945.jpg,Nithyapushpa,Nithyapushpa,whole_plant,test
C:\Users\hardi\Downloads\medicinal plants detection\dataset\Indian Medicinal Leaves Image Datasets\Datasets_Plant\Nithyapushpa\202.jpg,Nithyapushpa,Nithyapushpa,whole_plant,test
C:\Users\hardi\Downloads\medicinal plants detection\dataset\Indian Medicinal Leaves Image Datasets\Datasets_Plant\Nithyapushpa\2903.jpg,Nithyapushpa,Nithyapushpa,whole_plant,test
C:\Users\hardi\Downloads\medicinal plants detection\dataset\Indian Medicinal Leaves Image Datasets\Datasets_Plant\Nooni\2781.jpg,Nooni,Nooni,whole_plant,train
C:\Users\hardi\Downloads\medicinal plants detection\dataset\Indian Medicinal Leaves Image Datasets\Datasets_Plant\Nooni\2807.jpg,Nooni,Nooni,whole_plant,train
C:\Users\hardi\Downloads\medicinal plants detection\dataset\Indian Medicinal Leaves Image Datasets\Datasets_Plant\Nooni\2859.jpg,Nooni,Nooni,whole_plant,train
C:\Users\hardi\Downloads\medicinal plants detection\dataset\Indian Medicinal Leaves Image Datasets\Datasets_Plant\Nooni\2805.jpg,Nooni,Nooni,whole_plant,train
C:\Users\hardi\Downloads\medicinal plants detection\dataset\Indian Medicinal Leaves Image Datasets\Datasets_Plant\Nooni\2870.jpg,Nooni,Nooni,whole_plant,train
C:\Users\hardi\Downloads\medicinal plants detection\dataset\Indian Medicinal Leaves Image Datasets\Datasets_Plant\Nooni\2776.jpg,Nooni,Nooni,whole_plant,train
C:\Users\hardi\Downloads\medicinal plants detection\dataset\Indian Medicinal Leaves Image Datasets\Datasets_Plant\Nooni\184.jpg,Nooni,Nooni,whole_plant,train
C:\Users\hardi\Downloads\medicinal plants detection\dataset\Indian Medicinal Leaves Image Datasets\Datasets_Plant\Nooni\2867.jpg,Nooni,Nooni,whole_plant,train
C:\Users\hardi\Downloads\medicinal plants detection\dataset\Indian Medicinal Leaves Image Datasets\Datasets_Plant\Nooni\2788.jpg,Nooni,Nooni,whole_plant,train
C:\Users\hardi\Downloads\medicinal plants detection\dataset\Indian Medicinal Leaves Image Datasets\Datasets_Plant\Nooni\2833.jpg,Nooni,Nooni,whole_plant,train
C:\Users\hardi\Downloads\medicinal plants detection\dataset\Indian Medicinal Leaves Image Datasets\Datasets_Plant\Nooni\192.jpg,Nooni,Nooni,whole_plant,train
C:\Users\hardi\Downloads\medicinal plants detection\dataset\Indian Medicinal Leaves Image Datasets\Datasets_Plant\Nooni\2771.jpg,Nooni,Nooni,whole_plant,train
C:\Users\hardi\Downloads\medicinal plants detection\dataset\Indian Medicinal Leaves Image Datasets\Datasets_Plant\Nooni\706.jpg,Nooni,Nooni,whole_plant,train
C:\Users\hardi\Downloads\medicinal plants detection\dataset\Indian Medicinal Leaves Image Datasets\Datasets_Plant\Nooni\2797.jpg,Nooni,Nooni,whole_plant,train
C:\Users\hardi\Downloads\medicinal plants detection\dataset\Indian Medicinal Leaves Image Datasets\Datasets_Plant\Nooni\2849.jpg,Nooni,Nooni,whole_plant,train
C:\Users\hardi\Downloads\medicinal plants detection\dataset\Indian Medicinal Leaves Image Datasets\Datasets_Plant\Nooni\190.jpg,Nooni,Nooni,whole_plant,train
C:\Users\hardi\Downloads\medicinal plants detection\dataset\Indian Medicinal Leaves Image Datasets\Datasets_Plant\Nooni\2852.jpg,Nooni,Nooni,whole_plant,train
C:\Users\hardi\Downloads\medicinal plants detection\dataset\Indian Medicinal Leaves Image Datasets\Datasets_Plant\Nooni\2787.jpg,Nooni,Nooni,whole_plant,train
C:\Users\hardi\Downloads\medicinal plants detection\dataset\Indian Medicinal Leaves Image Datasets\Datasets_Plant\Nooni\2822.jpg,Nooni,Nooni,whole_plant,train
C:\Users\hardi\Downloads\medicinal plants detection\dataset\Indian Medicinal Leaves Image Datasets\Datasets_Plant\Nooni\2809.jpg,Nooni,Nooni,whole_plant,train
C:\Users\hardi\Downloads\medicinal plants detection\dataset\Indian Medicinal Leaves Image Datasets\Datasets_Plant\Nooni\2814.jpg,Nooni,Nooni,whole_plant,train
C:\Users\hardi\Downloads\medicinal plants detection\dataset\Indian Medicinal Leaves Image Datasets\Datasets_Plant\Nooni\2879.jpg,Nooni,Nooni,whole_plant,train
C:\Users\hardi\Downloads\medicinal plants detection\dataset\Indian Medicinal Leaves Image Datasets\Datasets_Plant\Nooni\2808.jpg,Nooni,Nooni,whole_plant,train
C:\Users\hardi\Downloads\medicinal plants detection\dataset\Indian Medicinal Leaves Image Datasets\Datasets_Plant\Nooni\2789.jpg,Nooni,Nooni,whole_plant,train
C:\Users\hardi\Downloads\medicinal plants detection\dataset\Indian Medicinal Leaves Image Datasets\Datasets_Plant\Nooni\2864.jpg,Nooni,Nooni,whole_plant,train
C:\Users\hardi\Downloads\medicinal plants detection\dataset\Indian Medicinal Leaves Image Datasets\Datasets_Plant\Nooni\2817.jpg,Nooni,Nooni,whole_plant,train
C:\Users\hardi\Downloads\medicinal plants detection\dataset\Indian Medicinal Leaves Image Datasets\Datasets_Plant\Nooni\2813.jpg,Nooni,Nooni,whole_plant,train
C:\Users\hardi\Downloads\medicinal plants detection\dataset\Indian Medicinal Leaves Image Datasets\Datasets_Plant\Nooni\2773.jpg,Nooni,Nooni,whole_plant,train
C:\Users\hardi\Downloads\medicinal plants detection\dataset\Indian Medicinal Leaves Image Datasets\Datasets_Plant\Nooni\714.jpg,Nooni,Nooni,whole_plant,train
C:\Users\hardi\Downloads\medicinal plants detection\dataset\Indian Medicinal Leaves Image Datasets\Datasets_Plant\Nooni\2842.jpg,Nooni,Nooni,whole_plant,train
C:\Users\hardi\Downloads\medicinal plants detection\dataset\Indian Medicinal Leaves Image Datasets\Datasets_Plant\Nooni\2835.jpg,Nooni,Nooni,whole_plant,train
C:\Users\hardi\Downloads\medicinal plants detection\dataset\Indian Medicinal Leaves Image Datasets\Datasets_Plant\Nooni\2871.jpg,Nooni,Nooni,whole_plant,train
C:\Users\hardi\Downloads\medicinal plants detection\dataset\Indian Medicinal Leaves Image Datasets\Datasets_Plant\Nooni\2793.jpg,Nooni,Nooni,whole_plant,train
C:\Users\hardi\Downloads\medicinal plants detection\dataset\Indian Medicinal Leaves Image Datasets\Datasets_Plant\Nooni\185.jpg,Nooni,Nooni,whole_plant,train
C:\Users\hardi\Downloads\medicinal plants detection\dataset\Indian Medicinal Leaves Image Datasets\Datasets_Plant\Nooni\2826.jpg,Nooni,Nooni,whole_plant,train
C:\Users\hardi\Downloads\medicinal plants detection\dataset\Indian Medicinal Leaves Image Datasets\Datasets_Plant\Nooni\2873.jpg,Nooni,Nooni,whole_plant,train
C:\Users\hardi\Downloads\medicinal plants detection\dataset\Indian Medicinal Leaves Image Datasets\Datasets_Plant\Nooni\2858.jpg,Nooni,Nooni,whole_plant,train
C:\Users\hardi\Downloads\medicinal plants detection\dataset\Indian Medicinal Leaves Image Datasets\Datasets_Plant\Nooni\2769.jpg,Nooni,Nooni,whole_plant,train
C:\Users\hardi\Downloads\medicinal plants detection\dataset\Indian Medicinal Leaves Image Datasets\Datasets_Plant\Nooni\2854.jpg,Nooni,Nooni,whole_plant,train
C:\Users\hardi\Downloads\medicinal plants detection\dataset\Indian Medicinal Leaves Image Datasets\Datasets_Plant\Nooni\2810.jpg,Nooni,Nooni,whole_plant,train
C:\Users\hardi\Downloads\medicinal plants detection\dataset\Indian Medicinal Leaves Image Datasets\Datasets_Plant\Nooni\2872.jpg,Nooni,Nooni,whole_plant,train
C:\Users\hardi\Downloads\medicinal plants detection\dataset\Indian Medicinal Leaves Image Datasets\Datasets_Plant\Nooni\2820.jpg,Nooni,Nooni,whole_plant,train
C:\Users\hardi\Downloads\medicinal plants detection\dataset\Indian Medicinal Leaves Image Datasets\Datasets_Plant\Nooni\2845.jpg,Nooni,Nooni,whole_plant,train
C:\Users\hardi\Downloads\medicinal plants detection\dataset\Indian Medicinal Leaves Image Datasets\Datasets_Plant\Nooni\2843.jpg,Nooni,Nooni,whole_plant,train
C:\Users\hardi\Downloads\medicinal plants detection\dataset\Indian Medicinal Leaves Image Datasets\Datasets_Plant\Nooni\2791.jpg,Nooni,Nooni,whole_plant,train
C:\Users\hardi\Downloads\medicinal plants detection\dataset\Indian Medicinal Leaves Image Datasets\Datasets_Plant\Nooni\2863.jpg,Nooni,Nooni,whole_plant,train
C:\Users\hardi\Downloads\medicinal plants detection\dataset\Indian Medicinal Leaves Image Datasets\Datasets_Plant\Nooni\2819.jpg,Nooni,Nooni,whole_plant,train
C:\Users\hardi\Downloads\medicinal plants detection\dataset\Indian Medicinal Leaves Image Datasets\Datasets_Plant\Nooni\2795.jpg,Nooni,Nooni,whole_plant,train
C:\Users\hardi\Downloads\medicinal plants detection\dataset\Indian Medicinal Leaves Image Datasets\Datasets_Plant\Nooni\2885.jpg,Nooni,Nooni,whole_plant,train
C:\Users\hardi\Downloads\medicinal plants detection\dataset\Indian Medicinal Leaves Image Datasets\Datasets_Plant\Nooni\2799.jpg,Nooni,Nooni,whole_plant,train
C:\Users\hardi\Downloads\medicinal plants detection\dataset\Indian Medicinal Leaves Image Datasets\Datasets_Plant\Nooni\2857.jpg,Nooni,Nooni,whole_plant,train
C:\Users\hardi\Downloads\medicinal plants detection\dataset\Indian Medicinal Leaves Image Datasets\Datasets_Plant\Nooni\2869.jpg,Nooni,Nooni,whole_plant,train
C:\Users\hardi\Downloads\medicinal plants detection\dataset\Indian Medicinal Leaves Image Datasets\Datasets_Plant\Nooni\712.jpg,Nooni,Nooni,whole_plant,train
C:\Users\hardi\Downloads\medicinal plants detection\dataset\Indian Medicinal Leaves Image Datasets\Datasets_Plant\Nooni\2800.jpg,Nooni,Nooni,whole_plant,train
C:\Users\hardi\Downloads\medicinal plants detection\dataset\Indian Medicinal Leaves Image Datasets\Datasets_Plant\Nooni\2850.jpg,Nooni,Nooni,whole_plant,train
C:\Users\hardi\Downloads\medicinal plants detection\dataset\Indian Medicinal Leaves Image Datasets\Datasets_Plant\Nooni\2777.jpg,Nooni,Nooni,whole_plant,train
C:\Users\hardi\Downloads\medicinal plants detection\dataset\Indian Medicinal Leaves Image Datasets\Datasets_Plant\Nooni\2840.jpg,Nooni,Nooni,whole_plant,train
C:\Users\hardi\Downloads\medicinal plants detection\dataset\Indian Medicinal Leaves Image Datasets\Datasets_Plant\Nooni\2825.jpg,Nooni,Nooni,whole_plant,train
C:\Users\hardi\Downloads\medicinal plants detection\dataset\Indian Medicinal Leaves Image Datasets\Datasets_Plant\Nooni\2778.jpg,Nooni,Nooni,whole_plant,train
C:\Users\hardi\Downloads\medicinal plants detection\dataset\Indian Medicinal Leaves Image Datasets\Datasets_Plant\Nooni\2866.jpg,Nooni,Nooni,whole_plant,train
C:\Users\hardi\Downloads\medicinal plants detection\dataset\Indian Medicinal Leaves Image Datasets\Datasets_Plant\Nooni\2798.jpg,Nooni,Nooni,whole_plant,train
C:\Users\hardi\Downloads\medicinal plants detection\dataset\Indian Medicinal Leaves Image Datasets\Datasets_Plant\Nooni\2824.jpg,Nooni,Nooni,whole_plant,train
C:\Users\hardi\Downloads\medicinal plants detection\dataset\Indian Medicinal Leaves Image Datasets\Datasets_Plant\Nooni\710.jpg,Nooni,Nooni,whole_plant,train
C:\Users\hardi\Downloads\medicinal plants detection\dataset\Indian Medicinal Leaves Image Datasets\Datasets_Plant\Nooni\2837.jpg,Nooni,Nooni,whole_plant,train
C:\Users\hardi\Downloads\medicinal plants detection\dataset\Indian Medicinal Leaves Image Datasets\Datasets_Plant\Nooni\2846.jpg,Nooni,Nooni,whole_plant,train
C:\Users\hardi\Downloads\medicinal plants detection\dataset\Indian Medicinal Leaves Image Datasets\Datasets_Plant\Nooni\2839.jpg,Nooni,Nooni,whole_plant,train
C:\Users\hardi\Downloads\medicinal plants detection\dataset\Indian Medicinal Leaves Image Datasets\Datasets_Plant\Nooni\2862.jpg,Nooni,Nooni,whole_plant,train
C:\Users\hardi\Downloads\medicinal plants detection\dataset\Indian Medicinal Leaves Image Datasets\Datasets_Plant\Nooni\2834.jpg,Nooni,Nooni,whole_plant,train
C:\Users\hardi\Downloads\medicinal plants detection\dataset\Indian Medicinal Leaves Image Datasets\Datasets_Plant\Nooni\2880.jpg,Nooni,Nooni,whole_plant,train
C:\Users\hardi\Downloads\medicinal plants detection\dataset\Indian Medicinal Leaves Image Datasets\Datasets_Plant\Nooni\2841.jpg,Nooni,Nooni,whole_plant,train
C:\Users\hardi\Downloads\medicinal plants detection\dataset\Indian Medicinal Leaves Image Datasets\Datasets_Plant\Nooni\191.jpg,Nooni,Nooni,whole_plant,train
C:\Users\hardi\Downloads\medicinal plants detection\dataset\Indian Medicinal Leaves Image Datasets\Datasets_Plant\Nooni\2779.jpg,Nooni,Nooni,whole_plant,train
C:\Users\hardi\Downloads\medicinal plants detection\dataset\Indian Medicinal Leaves Image Datasets\Datasets_Plant\Nooni\2804.jpg,Nooni,Nooni,whole_plant,train
C:\Users\hardi\Downloads\medicinal plants detection\dataset\Indian Medicinal Leaves Image Datasets\Datasets_Plant\Nooni\2794.jpg,Nooni,Nooni,whole_plant,train
C:\Users\hardi\Downloads\medicinal plants detection\dataset\Indian Medicinal Leaves Image Datasets\Datasets_Plant\Nooni\713.jpg,Nooni,Nooni,whole_plant,train
C:\Users\hardi\Downloads\medicinal plants detection\dataset\Indian Medicinal Leaves Image Datasets\Datasets_Plant\Nooni\193.jpg,Nooni,Nooni,whole_plant,train
C:\Users\hardi\Downloads\medicinal plants detection\dataset\Indian Medicinal Leaves Image Datasets\Datasets_Plant\Nooni\707.jpg,Nooni,Nooni,whole_plant,train
C:\Users\hardi\Downloads\medicinal plants detection\dataset\Indian Medicinal Leaves Image Datasets\Datasets_Plant\Nooni\2770.jpg,Nooni,Nooni,whole_plant,train
C:\Users\hardi\Downloads\medicinal plants detection\dataset\Indian Medicinal Leaves Image Datasets\Datasets_Plant\Nooni\2827.jpg,Nooni,Nooni,whole_plant,train
C:\Users\hardi\Downloads\medicinal plants detection\dataset\Indian Medicinal Leaves Image Datasets\Datasets_Plant\Nooni\2816.jpg,Nooni,Nooni,whole_plant,train
C:\Users\hardi\Downloads\medicinal plants detection\dataset\Indian Medicinal Leaves Image Datasets\Datasets_Plant\Nooni\188.jpg,Nooni,Nooni,whole_plant,train
C:\Users\hardi\Downloads\medicinal plants detection\dataset\Indian Medicinal Leaves Image Datasets\Datasets_Plant\Nooni\2790.jpg,Nooni,Nooni,whole_plant,train
C:\Users\hardi\Downloads\medicinal plants detection\dataset\Indian Medicinal Leaves Image Datasets\Datasets_Plant\Nooni\2877.jpg,Nooni,Nooni,whole_plant,train
C:\Users\hardi\Downloads\medicinal plants detection\dataset\Indian Medicinal Leaves Image Datasets\Datasets_Plant\Nooni\2802.jpg,Nooni,Nooni,whole_plant,train
C:\Users\hardi\Downloads\medicinal plants detection\dataset\Indian Medicinal Leaves Image Datasets\Datasets_Plant\Nooni\2803.jpg,Nooni,Nooni,whole_plant,train
C:\Users\hardi\Downloads\medicinal plants detection\dataset\Indian Medicinal Leaves Image Datasets\Datasets_Plant\Nooni\195.jpg,Nooni,Nooni,whole_plant,train
C:\Users\hardi\Downloads\medicinal plants detection\dataset\Indian Medicinal Leaves Image Datasets\Datasets_Plant\Nooni\2806.jpg,Nooni,Nooni,whole_plant,train
C:\Users\hardi\Downloads\medicinal plants detection\dataset\Indian Medicinal Leaves Image Datasets\Datasets_Plant\Nooni\705.jpg,Nooni,Nooni,whole_plant,train
C:\Users\hardi\Downloads\medicinal plants detection\dataset\Indian Medicinal Leaves Image Datasets\Datasets_Plant\Nooni\708.jpg,Nooni,Nooni,whole_plant,train
C:\Users\hardi\Downloads\medicinal plants detection\dataset\Indian Medicinal Leaves Image Datasets\Datasets_Plant\Nooni\2855.jpg,Nooni,Nooni,whole_plant,train
C:\Users\hardi\Downloads\medicinal plants detection\dataset\Indian Medicinal Leaves Image Datasets\Datasets_Plant\Nooni\2881.jpg,Nooni,Nooni,whole_plant,train
C:\Users\hardi\Downloads\medicinal plants detection\dataset\Indian Medicinal Leaves Image Datasets\Datasets_Plant\Nooni\2774.jpg,Nooni,Nooni,whole_plant,train
C:\Users\hardi\Downloads\medicinal plants detection\dataset\Indian Medicinal Leaves Image Datasets\Datasets_Plant\Nooni\2861.jpg,Nooni,Nooni,whole_plant,val
C:\Users\hardi\Downloads\medicinal plants detection\dataset\Indian Medicinal Leaves Image Datasets\Datasets_Plant\Nooni\2801.jpg,Nooni,Nooni,whole_plant,val
C:\Users\hardi\Downloads\medicinal plants detection\dataset\Indian Medicinal Leaves Image Datasets\Datasets_Plant\Nooni\2886.jpg,Nooni,Nooni,whole_plant,val
C:\Users\hardi\Downloads\medicinal plants detection\dataset\Indian Medicinal Leaves Image Datasets\Datasets_Plant\Nooni\2868.jpg,Nooni,Nooni,whole_plant,val
C:\Users\hardi\Downloads\medicinal plants detection\dataset\Indian Medicinal Leaves Image Datasets\Datasets_Plant\Nooni\2775.jpg,Nooni,Nooni,whole_plant,val
C:\Users\hardi\Downloads\medicinal plants detection\dataset\Indian Medicinal Leaves Image Datasets\Datasets_Plant\Nooni\183.jpg,Nooni,Nooni,whole_plant,val
C:\Users\hardi\Downloads\medicinal plants detection\dataset\Indian Medicinal Leaves Image Datasets\Datasets_Plant\Nooni\2792.jpg,Nooni,Nooni,whole_plant,val
C:\Users\hardi\Downloads\medicinal plants detection\dataset\Indian Medicinal Leaves Image Datasets\Datasets_Plant\Nooni\2887.jpg,Nooni,Nooni,whole_plant,val
C:\Users\hardi\Downloads\medicinal plants detection\dataset\Indian Medicinal Leaves Image Datasets\Datasets_Plant\Nooni\711.jpg,Nooni,Nooni,whole_plant,val
C:\Users\hardi\Downloads\medicinal plants detection\dataset\Indian Medicinal Leaves Image Datasets\Datasets_Plant\Nooni\715.jpg,Nooni,Nooni,whole_plant,val
C:\Users\hardi\Downloads\medicinal plants detection\dataset\Indian Medicinal Leaves Image Datasets\Datasets_Plant\Nooni\2811.jpg,Nooni,Nooni,whole_plant,val
C:\Users\hardi\Downloads\medicinal plants detection\dataset\Indian Medicinal Leaves Image Datasets\Datasets_Plant\Nooni\704.jpg,Nooni,Nooni,whole_plant,val
C:\Users\hardi\Downloads\medicinal plants detection\dataset\Indian Medicinal Leaves Image Datasets\Datasets_Plant\Nooni\2851.jpg,Nooni,Nooni,whole_plant,val
C:\Users\hardi\Downloads\medicinal plants detection\dataset\Indian Medicinal Leaves Image Datasets\Datasets_Plant\Nooni\2844.jpg,Nooni,Nooni,whole_plant,val
C:\Users\hardi\Downloads\medicinal plants detection\dataset\Indian Medicinal Leaves Image Datasets\Datasets_Plant\Nooni\2853.jpg,Nooni,Nooni,whole_plant,val
C:\Users\hardi\Downloads\medicinal plants detection\dataset\Indian Medicinal Leaves Image Datasets\Datasets_Plant\Nooni\2780.jpg,Nooni,Nooni,whole_plant,val
C:\Users\hardi\Downloads\medicinal plants detection\dataset\Indian Medicinal Leaves Image Datasets\Datasets_Plant\Nooni\2832.jpg,Nooni,Nooni,whole_plant,val
C:\Users\hardi\Downloads\medicinal plants detection\dataset\Indian Medicinal Leaves Image Datasets\Datasets_Plant\Nooni\2884.jpg,Nooni,Nooni,whole_plant,val
C:\Users\hardi\Downloads\medicinal plants detection\dataset\Indian Medicinal Leaves Image Datasets\Datasets_Plant\Nooni\2838.jpg,Nooni,Nooni,whole_plant,val
C:\Users\hardi\Downloads\medicinal plants detection\dataset\Indian Medicinal Leaves Image Datasets\Datasets_Plant\Nooni\2823.jpg,Nooni,Nooni,whole_plant,test
C:\Users\hardi\Downloads\medicinal plants detection\dataset\Indian Medicinal Leaves Image Datasets\Datasets_Plant\Nooni\2786.jpg,Nooni,Nooni,whole_plant,test
C:\Users\hardi\Downloads\medicinal plants detection\dataset\Indian Medicinal Leaves Image Datasets\Datasets_Plant\Nooni\2783.jpg,Nooni,Nooni,whole_plant,test
C:\Users\hardi\Downloads\medicinal plants detection\dataset\Indian Medicinal Leaves Image Datasets\Datasets_Plant\Nooni\703.jpg,Nooni,Nooni,whole_plant,test
C:\Users\hardi\Downloads\medicinal plants detection\dataset\Indian Medicinal Leaves Image Datasets\Datasets_Plant\Nooni\186.jpg,Nooni,Nooni,whole_plant,test
C:\Users\hardi\Downloads\medicinal plants detection\dataset\Indian Medicinal Leaves Image Datasets\Datasets_Plant\Nooni\187.jpg,Nooni,Nooni,whole_plant,test
C:\Users\hardi\Downloads\medicinal plants detection\dataset\Indian Medicinal Leaves Image Datasets\Datasets_Plant\Nooni\2812.jpg,Nooni,Nooni,whole_plant,test
C:\Users\hardi\Downloads\medicinal plants detection\dataset\Indian Medicinal Leaves Image Datasets\Datasets_Plant\Nooni\2836.jpg,Nooni,Nooni,whole_plant,test
C:\Users\hardi\Downloads\medicinal plants detection\dataset\Indian Medicinal Leaves Image Datasets\Datasets_Plant\Nooni\194.jpg,Nooni,Nooni,whole_plant,test
C:\Users\hardi\Downloads\medicinal plants detection\dataset\Indian Medicinal Leaves Image Datasets\Datasets_Plant\Nooni\2828.jpg,Nooni,Nooni,whole_plant,test
C:\Users\hardi\Downloads\medicinal plants detection\dataset\Indian Medicinal Leaves Image Datasets\Datasets_Plant\Nooni\2882.jpg,Nooni,Nooni,whole_plant,test
C:\Users\hardi\Downloads\medicinal plants detection\dataset\Indian Medicinal Leaves Image Datasets\Datasets_Plant\Nooni\709.jpg,Nooni,Nooni,whole_plant,test
C:\Users\hardi\Downloads\medicinal plants detection\dataset\Indian Medicinal Leaves Image Datasets\Datasets_Plant\Nooni\2847.jpg,Nooni,Nooni,whole_plant,test
C:\Users\hardi\Downloads\medicinal plants detection\dataset\Indian Medicinal Leaves Image Datasets\Datasets_Plant\Nooni\2768.jpg,Nooni,Nooni,whole_plant,test
C:\Users\hardi\Downloads\medicinal plants detection\dataset\Indian Medicinal Leaves Image Datasets\Datasets_Plant\Nooni\2856.jpg,Nooni,Nooni,whole_plant,test
C:\Users\hardi\Downloads\medicinal plants detection\dataset\Indian Medicinal Leaves Image Datasets\Datasets_Plant\Nooni\2772.jpg,Nooni,Nooni,whole_plant,test
C:\Users\hardi\Downloads\medicinal plants detection\dataset\Indian Medicinal Leaves Image Datasets\Datasets_Plant\Nooni\2815.jpg,Nooni,Nooni,whole_plant,test
C:\Users\hardi\Downloads\medicinal plants detection\dataset\Indian Medicinal Leaves Image Datasets\Datasets_Plant\Nooni\2821.jpg,Nooni,Nooni,whole_plant,test
C:\Users\hardi\Downloads\medicinal plants detection\dataset\Indian Medicinal Leaves Image Datasets\Datasets_Plant\Nooni\2831.jpg,Nooni,Nooni,whole_plant,test
C:\Users\hardi\Downloads\medicinal plants detection\dataset\Indian Medicinal Leaves Image Datasets\Datasets_Plant\Nooni\189.jpg,Nooni,Nooni,whole_plant,test
C:\Users\hardi\Downloads\medicinal plants detection\dataset\Indian Medicinal Leaves Image Datasets\Datasets_Plant\Nooni\2784.jpg,Nooni,Nooni,whole_plant,test
C:\Users\hardi\Downloads\medicinal plants detection\dataset\Indian Medicinal Leaves Image Datasets\Datasets_Plant\Pappaya\630.jpg,Pappaya,Papaya,whole_plant,train
C:\Users\hardi\Downloads\medicinal plants detection\dataset\Indian Medicinal Leaves Image Datasets\Datasets_Plant\Pappaya\2047.jpg,Pappaya,Papaya,whole_plant,train
C:\Users\hardi\Downloads\medicinal plants detection\dataset\Indian Medicinal Leaves Image Datasets\Datasets_Plant\Pappaya\2111.jpg,Pappaya,Papaya,whole_plant,train
C:\Users\hardi\Downloads\medicinal plants detection\dataset\Indian Medicinal Leaves Image Datasets\Datasets_Plant\Pappaya\2080.jpg,Pappaya,Papaya,whole_plant,train
C:\Users\hardi\Downloads\medicinal plants detection\dataset\Indian Medicinal Leaves Image Datasets\Datasets_Plant\Pappaya\2103.jpg,Pappaya,Papaya,whole_plant,train
C:\Users\hardi\Downloads\medicinal plants detection\dataset\Indian Medicinal Leaves Image Datasets\Datasets_Plant\Pappaya\2142.jpg,Pappaya,Papaya,whole_plant,train
C:\Users\hardi\Downloads\medicinal plants detection\dataset\Indian Medicinal Leaves Image Datasets\Datasets_Plant\Pappaya\2159.jpg,Pappaya,Papaya,whole_plant,train
C:\Users\hardi\Downloads\medicinal plants detection\dataset\Indian Medicinal Leaves Image Datasets\Datasets_Plant\Pappaya\2059.jpg,Pappaya,Papaya,whole_plant,train
C:\Users\hardi\Downloads\medicinal plants detection\dataset\Indian Medicinal Leaves Image Datasets\Datasets_Plant\Pappaya\626.jpg,Pappaya,Papaya,whole_plant,train
C:\Users\hardi\Downloads\medicinal plants detection\dataset\Indian Medicinal Leaves Image Datasets\Datasets_Plant\Pappaya\2150.jpg,Pappaya,Papaya,whole_plant,train
C:\Users\hardi\Downloads\medicinal plants detection\dataset\Indian Medicinal Leaves Image Datasets\Datasets_Plant\Pappaya\2101.jpg,Pappaya,Papaya,whole_plant,train
C:\Users\hardi\Downloads\medicinal plants detection\dataset\Indian Medicinal Leaves Image Datasets\Datasets_Plant\Pappaya\2098.jpg,Pappaya,Papaya,whole_plant,train
C:\Users\hardi\Downloads\medicinal plants detection\dataset\Indian Medicinal Leaves Image Datasets\Datasets_Plant\Pappaya\634.jpg,Pappaya,Papaya,whole_plant,train
C:\Users\hardi\Downloads\medicinal plants detection\dataset\Indian Medicinal Leaves Image Datasets\Datasets_Plant\Pappaya\2067.jpg,Pappaya,Papaya,whole_plant,train
C:\Users\hardi\Downloads\medicinal plants detection\dataset\Indian Medicinal Leaves Image Datasets\Datasets_Plant\Pappaya\2112.jpg,Pappaya,Papaya,whole_plant,train
C:\Users\hardi\Downloads\medicinal plants detection\dataset\Indian Medicinal Leaves Image Datasets\Datasets_Plant\Pappaya\2061.jpg,Pappaya,Papaya,whole_plant,train
C:\Users\hardi\Downloads\medicinal plants detection\dataset\Indian Medicinal Leaves Image Datasets\Datasets_Plant\Pappaya\2121.jpg,Pappaya,Papaya,whole_plant,train
C:\Users\hardi\Downloads\medicinal plants detection\dataset\Indian Medicinal Leaves Image Datasets\Datasets_Plant\Pappaya\2090.jpg,Pappaya,Papaya,whole_plant,train
C:\Users\hardi\Downloads\medicinal plants detection\dataset\Indian Medicinal Leaves Image Datasets\Datasets_Plant\Pappaya\2071.jpg,Pappaya,Papaya,whole_plant,train
C:\Users\hardi\Downloads\medicinal plants detection\dataset\Indian Medicinal Leaves Image Datasets\Datasets_Plant\Pappaya\2115.jpg,Pappaya,Papaya,whole_plant,train
C:\Users\hardi\Downloads\medicinal plants detection\dataset\Indian Medicinal Leaves Image Datasets\Datasets_Plant\Pappaya\2155.jpg,Pappaya,Papaya,whole_plant,train
C:\Users\hardi\Downloads\medicinal plants detection\dataset\Indian Medicinal Leaves Image Datasets\Datasets_Plant\Pappaya\637.jpg,Pappaya,Papaya,whole_plant,train
C:\Users\hardi\Downloads\medicinal plants detection\dataset\Indian Medicinal Leaves Image Datasets\Datasets_Plant\Pappaya\2081.jpg,Pappaya,Papaya,whole_plant,train
C:\Users\hardi\Downloads\medicinal plants detection\dataset\Indian Medicinal Leaves Image Datasets\Datasets_Plant\Pappaya\106.jpg,Pappaya,Papaya,whole_plant,train
C:\Users\hardi\Downloads\medicinal plants detection\dataset\Indian Medicinal Leaves Image Datasets\Datasets_Plant\Pappaya\2117.jpg,Pappaya,Papaya,whole_plant,train
C:\Users\hardi\Downloads\medicinal plants detection\dataset\Indian Medicinal Leaves Image Datasets\Datasets_Plant\Pappaya\2160.jpg,Pappaya,Papaya,whole_plant,train
C:\Users\hardi\Downloads\medicinal plants detection\dataset\Indian Medicinal Leaves Image Datasets\Datasets_Plant\Pappaya\2092.jpg,Pappaya,Papaya,whole_plant,train
C:\Users\hardi\Downloads\medicinal plants detection\dataset\Indian Medicinal Leaves Image Datasets\Datasets_Plant\Pappaya\2131.jpg,Pappaya,Papaya,whole_plant,train
C:\Users\hardi\Downloads\medicinal plants detection\dataset\Indian Medicinal Leaves Image Datasets\Datasets_Plant\Pappaya\2105.jpg,Pappaya,Papaya,whole_plant,train
C:\Users\hardi\Downloads\medicinal plants detection\dataset\Indian Medicinal Leaves Image Datasets\Datasets_Plant\Pappaya\627.jpg,Pappaya,Papaya,whole_plant,train
C:\Users\hardi\Downloads\medicinal plants detection\dataset\Indian Medicinal Leaves Image Datasets\Datasets_Plant\Pappaya\629.jpg,Pappaya,Papaya,whole_plant,train
C:\Users\hardi\Downloads\medicinal plants detection\dataset\Indian Medicinal Leaves Image Datasets\Datasets_Plant\Pappaya\2068.jpg,Pappaya,Papaya,whole_plant,train
C:\Users\hardi\Downloads\medicinal plants detection\dataset\Indian Medicinal Leaves Image Datasets\Datasets_Plant\Pappaya\2141.jpg,Pappaya,Papaya,whole_plant,train
C:\Users\hardi\Downloads\medicinal plants detection\dataset\Indian Medicinal Leaves Image Datasets\Datasets_Plant\Pappaya\2089.jpg,Pappaya,Papaya,whole_plant,train
C:\Users\hardi\Downloads\medicinal plants detection\dataset\Indian Medicinal Leaves Image Datasets\Datasets_Plant\Pappaya\2151.jpg,Pappaya,Papaya,whole_plant,train
C:\Users\hardi\Downloads\medicinal plants detection\dataset\Indian Medicinal Leaves Image Datasets\Datasets_Plant\Pappaya\2116.jpg,Pappaya,Papaya,whole_plant,train
C:\Users\hardi\Downloads\medicinal plants detection\dataset\Indian Medicinal Leaves Image Datasets\Datasets_Plant\Pappaya\2045.jpg,Pappaya,Papaya,whole_plant,train
C:\Users\hardi\Downloads\medicinal plants detection\dataset\Indian Medicinal Leaves Image Datasets\Datasets_Plant\Pappaya\2123.jpg,Pappaya,Papaya,whole_plant,train
C:\Users\hardi\Downloads\medicinal plants detection\dataset\Indian Medicinal Leaves Image Datasets\Datasets_Plant\Pappaya\2110.jpg,Pappaya,Papaya,whole_plant,train
C:\Users\hardi\Downloads\medicinal plants detection\dataset\Indian Medicinal Leaves Image Datasets\Datasets_Plant\Pappaya\2093.jpg,Pappaya,Papaya,whole_plant,train
C:\Users\hardi\Downloads\medicinal plants detection\dataset\Indian Medicinal Leaves Image Datasets\Datasets_Plant\Pappaya\2096.jpg,Pappaya,Papaya,whole_plant,train
C:\Users\hardi\Downloads\medicinal plants detection\dataset\Indian Medicinal Leaves Image Datasets\Datasets_Plant\Pappaya\2070.jpg,Pappaya,Papaya,whole_plant,train
C:\Users\hardi\Downloads\medicinal plants detection\dataset\Indian Medicinal Leaves Image Datasets\Datasets_Plant\Pappaya\2146.jpg,Pappaya,Papaya,whole_plant,train
C:\Users\hardi\Downloads\medicinal plants detection\dataset\Indian Medicinal Leaves Image Datasets\Datasets_Plant\Pappaya\625.jpg,Pappaya,Papaya,whole_plant,train
C:\Users\hardi\Downloads\medicinal plants detection\dataset\Indian Medicinal Leaves Image Datasets\Datasets_Plant\Pappaya\2065.jpg,Pappaya,Papaya,whole_plant,train
C:\Users\hardi\Downloads\medicinal plants detection\dataset\Indian Medicinal Leaves Image Datasets\Datasets_Plant\Pappaya\2138.jpg,Pappaya,Papaya,whole_plant,train
C:\Users\hardi\Downloads\medicinal plants detection\dataset\Indian Medicinal Leaves Image Datasets\Datasets_Plant\Pappaya\109.jpg,Pappaya,Papaya,whole_plant,train
C:\Users\hardi\Downloads\medicinal plants detection\dataset\Indian Medicinal Leaves Image Datasets\Datasets_Plant\Pappaya\2046.jpg,Pappaya,Papaya,whole_plant,train
C:\Users\hardi\Downloads\medicinal plants detection\dataset\Indian Medicinal Leaves Image Datasets\Datasets_Plant\Pappaya\2054.jpg,Pappaya,Papaya,whole_plant,train
C:\Users\hardi\Downloads\medicinal plants detection\dataset\Indian Medicinal Leaves Image Datasets\Datasets_Plant\Pappaya\2156.jpg,Pappaya,Papaya,whole_plant,train
C:\Users\hardi\Downloads\medicinal plants detection\dataset\Indian Medicinal Leaves Image Datasets\Datasets_Plant\Pappaya\107.jpg,Pappaya,Papaya,whole_plant,train
C:\Users\hardi\Downloads\medicinal plants detection\dataset\Indian Medicinal Leaves Image Datasets\Datasets_Plant\Pappaya\2148.jpg,Pappaya,Papaya,whole_plant,train
C:\Users\hardi\Downloads\medicinal plants detection\dataset\Indian Medicinal Leaves Image Datasets\Datasets_Plant\Pappaya\108.jpg,Pappaya,Papaya,whole_plant,train
C:\Users\hardi\Downloads\medicinal plants detection\dataset\Indian Medicinal Leaves Image Datasets\Datasets_Plant\Pappaya\2145.jpg,Pappaya,Papaya,whole_plant,train
C:\Users\hardi\Downloads\medicinal plants detection\dataset\Indian Medicinal Leaves Image Datasets\Datasets_Plant\Pappaya\2078.jpg,Pappaya,Papaya,whole_plant,train
C:\Users\hardi\Downloads\medicinal plants detection\dataset\Indian Medicinal Leaves Image Datasets\Datasets_Plant\Pappaya\2082.jpg,Pappaya,Papaya,whole_plant,train
C:\Users\hardi\Downloads\medicinal plants detection\dataset\Indian Medicinal Leaves Image Datasets\Datasets_Plant\Pappaya\2095.jpg,Pappaya,Papaya,whole_plant,train
C:\Users\hardi\Downloads\medicinal plants detection\dataset\Indian Medicinal Leaves Image Datasets\Datasets_Plant\Pappaya\2139.jpg,Pappaya,Papaya,whole_plant,train
C:\Users\hardi\Downloads\medicinal plants detection\dataset\Indian Medicinal Leaves Image Datasets\Datasets_Plant\Pappaya\2043.jpg,Pappaya,Papaya,whole_plant,train
C:\Users\hardi\Downloads\medicinal plants detection\dataset\Indian Medicinal Leaves Image Datasets\Datasets_Plant\Pappaya\2107.jpg,Pappaya,Papaya,whole_plant,train
C:\Users\hardi\Downloads\medicinal plants detection\dataset\Indian Medicinal Leaves Image Datasets\Datasets_Plant\Pappaya\2133.jpg,Pappaya,Papaya,whole_plant,train
C:\Users\hardi\Downloads\medicinal plants detection\dataset\Indian Medicinal Leaves Image Datasets\Datasets_Plant\Pappaya\2069.jpg,Pappaya,Papaya,whole_plant,train
C:\Users\hardi\Downloads\medicinal plants detection\dataset\Indian Medicinal Leaves Image Datasets\Datasets_Plant\Pappaya\2094.jpg,Pappaya,Papaya,whole_plant,train
C:\Users\hardi\Downloads\medicinal plants detection\dataset\Indian Medicinal Leaves Image Datasets\Datasets_Plant\Pappaya\2100.jpg,Pappaya,Papaya,whole_plant,train
C:\Users\hardi\Downloads\medicinal plants detection\dataset\Indian Medicinal Leaves Image Datasets\Datasets_Plant\Pappaya\2120.jpg,Pappaya,Papaya,whole_plant,train
C:\Users\hardi\Downloads\medicinal plants detection\dataset\Indian Medicinal Leaves Image Datasets\Datasets_Plant\Pappaya\2161.jpg,Pappaya,Papaya,whole_plant,train
C:\Users\hardi\Downloads\medicinal plants detection\dataset\Indian Medicinal Leaves Image Datasets\Datasets_Plant\Pappaya\2154.jpg,Pappaya,Papaya,whole_plant,train
C:\Users\hardi\Downloads\medicinal plants detection\dataset\Indian Medicinal Leaves Image Datasets\Datasets_Plant\Pappaya\2060.jpg,Pappaya,Papaya,whole_plant,train
C:\Users\hardi\Downloads\medicinal plants detection\dataset\Indian Medicinal Leaves Image Datasets\Datasets_Plant\Pappaya\2127.jpg,Pappaya,Papaya,whole_plant,train
C:\Users\hardi\Downloads\medicinal plants detection\dataset\Indian Medicinal Leaves Image Datasets\Datasets_Plant\Pappaya\2050.jpg,Pappaya,Papaya,whole_plant,train
C:\Users\hardi\Downloads\medicinal plants detection\dataset\Indian Medicinal Leaves Image Datasets\Datasets_Plant\Pappaya\114.jpg,Pappaya,Papaya,whole_plant,train
C:\Users\hardi\Downloads\medicinal plants detection\dataset\Indian Medicinal Leaves Image Datasets\Datasets_Plant\Pappaya\2063.jpg,Pappaya,Papaya,whole_plant,train
C:\Users\hardi\Downloads\medicinal plants detection\dataset\Indian Medicinal Leaves Image Datasets\Datasets_Plant\Pappaya\631.jpg,Pappaya,Papaya,whole_plant,train
C:\Users\hardi\Downloads\medicinal plants detection\dataset\Indian Medicinal Leaves Image Datasets\Datasets_Plant\Pappaya\2134.jpg,Pappaya,Papaya,whole_plant,train
C:\Users\hardi\Downloads\medicinal plants detection\dataset\Indian Medicinal Leaves Image Datasets\Datasets_Plant\Pappaya\2076.jpg,Pappaya,Papaya,whole_plant,train
C:\Users\hardi\Downloads\medicinal plants detection\dataset\Indian Medicinal Leaves Image Datasets\Datasets_Plant\Pappaya\2147.jpg,Pappaya,Papaya,whole_plant,train
C:\Users\hardi\Downloads\medicinal plants detection\dataset\Indian Medicinal Leaves Image Datasets\Datasets_Plant\Pappaya\2119.jpg,Pappaya,Papaya,whole_plant,train
C:\Users\hardi\Downloads\medicinal plants detection\dataset\Indian Medicinal Leaves Image Datasets\Datasets_Plant\Pappaya\2128.jpg,Pappaya,Papaya,whole_plant,train
C:\Users\hardi\Downloads\medicinal plants detection\dataset\Indian Medicinal Leaves Image Datasets\Datasets_Plant\Pappaya\2143.jpg,Pappaya,Papaya,whole_plant,train
C:\Users\hardi\Downloads\medicinal plants detection\dataset\Indian Medicinal Leaves Image Datasets\Datasets_Plant\Pappaya\2125.jpg,Pappaya,Papaya,whole_plant,train
C:\Users\hardi\Downloads\medicinal plants detection\dataset\Indian Medicinal Leaves Image Datasets\Datasets_Plant\Pappaya\2135.jpg,Pappaya,Papaya,whole_plant,train
C:\Users\hardi\Downloads\medicinal plants detection\dataset\Indian Medicinal Leaves Image Datasets\Datasets_Plant\Pappaya\2114.jpg,Pappaya,Papaya,whole_plant,train
C:\Users\hardi\Downloads\medicinal plants detection\dataset\Indian Medicinal Leaves Image Datasets\Datasets_Plant\Pappaya\2124.jpg,Pappaya,Papaya,whole_plant,train
C:\Users\hardi\Downloads\medicinal plants detection\dataset\Indian Medicinal Leaves Image Datasets\Datasets_Plant\Pappaya\2129.jpg,Pappaya,Papaya,whole_plant,train
C:\Users\hardi\Downloads\medicinal plants detection\dataset\Indian Medicinal Leaves Image Datasets\Datasets_Plant\Pappaya\2058.jpg,Pappaya,Papaya,whole_plant,train
C:\Users\hardi\Downloads\medicinal plants detection\dataset\Indian Medicinal Leaves Image Datasets\Datasets_Plant\Pappaya\2113.jpg,Pappaya,Papaya,whole_plant,train
C:\Users\hardi\Downloads\medicinal plants detection\dataset\Indian Medicinal Leaves Image Datasets\Datasets_Plant\Pappaya\2130.jpg,Pappaya,Papaya,whole_plant,train
C:\Users\hardi\Downloads\medicinal plants detection\dataset\Indian Medicinal Leaves Image Datasets\Datasets_Plant\Pappaya\628.jpg,Pappaya,Papaya,whole_plant,train
C:\Users\hardi\Downloads\medicinal plants detection\dataset\Indian Medicinal Leaves Image Datasets\Datasets_Plant\Pappaya\2053.jpg,Pappaya,Papaya,whole_plant,train
C:\Users\hardi\Downloads\medicinal plants detection\dataset\Indian Medicinal Leaves Image Datasets\Datasets_Plant\Pappaya\2102.jpg,Pappaya,Papaya,whole_plant,train
C:\Users\hardi\Downloads\medicinal plants detection\dataset\Indian Medicinal Leaves Image Datasets\Datasets_Plant\Pappaya\2075.jpg,Pappaya,Papaya,whole_plant,train
C:\Users\hardi\Downloads\medicinal plants detection\dataset\Indian Medicinal Leaves Image Datasets\Datasets_Plant\Pappaya\2108.jpg,Pappaya,Papaya,whole_plant,train
C:\Users\hardi\Downloads\medicinal plants detection\dataset\Indian Medicinal Leaves Image Datasets\Datasets_Plant\Pappaya\2109.jpg,Pappaya,Papaya,whole_plant,train
C:\Users\hardi\Downloads\medicinal plants detection\dataset\Indian Medicinal Leaves Image Datasets\Datasets_Plant\Pappaya\2066.jpg,Pappaya,Papaya,whole_plant,train
C:\Users\hardi\Downloads\medicinal plants detection\dataset\Indian Medicinal Leaves Image Datasets\Datasets_Plant\Pappaya\635.jpg,Pappaya,Papaya,whole_plant,train
C:\Users\hardi\Downloads\medicinal plants detection\dataset\Indian Medicinal Leaves Image Datasets\Datasets_Plant\Pappaya\115.jpg,Pappaya,Papaya,whole_plant,train
C:\Users\hardi\Downloads\medicinal plants detection\dataset\Indian Medicinal Leaves Image Datasets\Datasets_Plant\Pappaya\2157.jpg,Pappaya,Papaya,whole_plant,train
C:\Users\hardi\Downloads\medicinal plants detection\dataset\Indian Medicinal Leaves Image Datasets\Datasets_Plant\Pappaya\2044.jpg,Pappaya,Papaya,whole_plant,train
C:\Users\hardi\Downloads\medicinal plants detection\dataset\Indian Medicinal Leaves Image Datasets\Datasets_Plant\Pappaya\2097.jpg,Pappaya,Papaya,whole_plant,train
C:\Users\hardi\Downloads\medicinal plants detection\dataset\Indian Medicinal Leaves Image Datasets\Datasets_Plant\Pappaya\2087.jpg,Pappaya,Papaya,whole_plant,train
C:\Users\hardi\Downloads\medicinal plants detection\dataset\Indian Medicinal Leaves Image Datasets\Datasets_Plant\Pappaya\2122.jpg,Pappaya,Papaya,whole_plant,train
C:\Users\hardi\Downloads\medicinal plants detection\dataset\Indian Medicinal Leaves Image Datasets\Datasets_Plant\Pappaya\110.jpg,Pappaya,Papaya,whole_plant,train
C:\Users\hardi\Downloads\medicinal plants detection\dataset\Indian Medicinal Leaves Image Datasets\Datasets_Plant\Pappaya\2062.jpg,Pappaya,Papaya,whole_plant,val
C:\Users\hardi\Downloads\medicinal plants detection\dataset\Indian Medicinal Leaves Image Datasets\Datasets_Plant\Pappaya\2106.jpg,Pappaya,Papaya,whole_plant,val
C:\Users\hardi\Downloads\medicinal plants detection\dataset\Indian Medicinal Leaves Image Datasets\Datasets_Plant\Pappaya\2073.jpg,Pappaya,Papaya,whole_plant,val
C:\Users\hardi\Downloads\medicinal plants detection\dataset\Indian Medicinal Leaves Image Datasets\Datasets_Plant\Pappaya\2074.jpg,Pappaya,Papaya,whole_plant,val
C:\Users\hardi\Downloads\medicinal plants detection\dataset\Indian Medicinal Leaves Image Datasets\Datasets_Plant\Pappaya\117.jpg,Pappaya,Papaya,whole_plant,val
C:\Users\hardi\Downloads\medicinal plants detection\dataset\Indian Medicinal Leaves Image Datasets\Datasets_Plant\Pappaya\2077.jpg,Pappaya,Papaya,whole_plant,val
C:\Users\hardi\Downloads\medicinal plants detection\dataset\Indian Medicinal Leaves Image Datasets\Datasets_Plant\Pappaya\116.jpg,Pappaya,Papaya,whole_plant,val
C:\Users\hardi\Downloads\medicinal plants detection\dataset\Indian Medicinal Leaves Image Datasets\Datasets_Plant\Pappaya\2042.jpg,Pappaya,Papaya,whole_plant,val
C:\Users\hardi\Downloads\medicinal plants detection\dataset\Indian Medicinal Leaves Image Datasets\Datasets_Plant\Pappaya\2144.jpg,Pappaya,Papaya,whole_plant,val
C:\Users\hardi\Downloads\medicinal plants detection\dataset\Indian Medicinal Leaves Image Datasets\Datasets_Plant\Pappaya\2149.jpg,Pappaya,Papaya,whole_plant,val
C:\Users\hardi\Downloads\medicinal plants detection\dataset\Indian Medicinal Leaves Image Datasets\Datasets_Plant\Pappaya\2056.jpg,Pappaya,Papaya,whole_plant,val
C:\Users\hardi\Downloads\medicinal plants detection\dataset\Indian Medicinal Leaves Image Datasets\Datasets_Plant\Pappaya\2048.jpg,Pappaya,Papaya,whole_plant,val
C:\Users\hardi\Downloads\medicinal plants detection\dataset\Indian Medicinal Leaves Image Datasets\Datasets_Plant\Pappaya\2153.jpg,Pappaya,Papaya,whole_plant,val
C:\Users\hardi\Downloads\medicinal plants detection\dataset\Indian Medicinal Leaves Image Datasets\Datasets_Plant\Pappaya\2072.jpg,Pappaya,Papaya,whole_plant,val
C:\Users\hardi\Downloads\medicinal plants detection\dataset\Indian Medicinal Leaves Image Datasets\Datasets_Plant\Pappaya\2083.jpg,Pappaya,Papaya,whole_plant,val
C:\Users\hardi\Downloads\medicinal plants detection\dataset\Indian Medicinal Leaves Image Datasets\Datasets_Plant\Pappaya\2118.jpg,Pappaya,Papaya,whole_plant,val
C:\Users\hardi\Downloads\medicinal plants detection\dataset\Indian Medicinal Leaves Image Datasets\Datasets_Plant\Pappaya\2049.jpg,Pappaya,Papaya,whole_plant,val
C:\Users\hardi\Downloads\medicinal plants detection\dataset\Indian Medicinal Leaves Image Datasets\Datasets_Plant\Pappaya\2152.jpg,Pappaya,Papaya,whole_plant,val
C:\Users\hardi\Downloads\medicinal plants detection\dataset\Indian Medicinal Leaves Image Datasets\Datasets_Plant\Pappaya\2126.jpg,Pappaya,Papaya,whole_plant,val
C:\Users\hardi\Downloads\medicinal plants detection\dataset\Indian Medicinal Leaves Image Datasets\Datasets_Plant\Pappaya\105.jpg,Pappaya,Papaya,whole_plant,val
C:\Users\hardi\Downloads\medicinal plants detection\dataset\Indian Medicinal Leaves Image Datasets\Datasets_Plant\Pappaya\2140.jpg,Pappaya,Papaya,whole_plant,val
C:\Users\hardi\Downloads\medicinal plants detection\dataset\Indian Medicinal Leaves Image Datasets\Datasets_Plant\Pappaya\2132.jpg,Pappaya,Papaya,whole_plant,test
C:\Users\hardi\Downloads\medicinal plants detection\dataset\Indian Medicinal Leaves Image Datasets\Datasets_Plant\Pappaya\632.jpg,Pappaya,Papaya,whole_plant,test
C:\Users\hardi\Downloads\medicinal plants detection\dataset\Indian Medicinal Leaves Image Datasets\Datasets_Plant\Pappaya\2104.jpg,Pappaya,Papaya,whole_plant,test
C:\Users\hardi\Downloads\medicinal plants detection\dataset\Indian Medicinal Leaves Image Datasets\Datasets_Plant\Pappaya\633.jpg,Pappaya,Papaya,whole_plant,test
C:\Users\hardi\Downloads\medicinal plants detection\dataset\Indian Medicinal Leaves Image Datasets\Datasets_Plant\Pappaya\2085.jpg,Pappaya,Papaya,whole_plant,test
C:\Users\hardi\Downloads\medicinal plants detection\dataset\Indian Medicinal Leaves Image Datasets\Datasets_Plant\Pappaya\2136.jpg,Pappaya,Papaya,whole_plant,test
C:\Users\hardi\Downloads\medicinal plants detection\dataset\Indian Medicinal Leaves Image Datasets\Datasets_Plant\Pappaya\2079.jpg,Pappaya,Papaya,whole_plant,test
C:\Users\hardi\Downloads\medicinal plants detection\dataset\Indian Medicinal Leaves Image Datasets\Datasets_Plant\Pappaya\636.jpg,Pappaya,Papaya,whole_plant,test
C:\Users\hardi\Downloads\medicinal plants detection\dataset\Indian Medicinal Leaves Image Datasets\Datasets_Plant\Pappaya\2158.jpg,Pappaya,Papaya,whole_plant,test
C:\Users\hardi\Downloads\medicinal plants detection\dataset\Indian Medicinal Leaves Image Datasets\Datasets_Plant\Pappaya\2088.jpg,Pappaya,Papaya,whole_plant,test
C:\Users\hardi\Downloads\medicinal plants detection\dataset\Indian Medicinal Leaves Image Datasets\Datasets_Plant\Pappaya\2084.jpg,Pappaya,Papaya,whole_plant,test
C:\Users\hardi\Downloads\medicinal plants detection\dataset\Indian Medicinal Leaves Image Datasets\Datasets_Plant\Pappaya\2052.jpg,Pappaya,Papaya,whole_plant,test
C:\Users\hardi\Downloads\medicinal plants detection\dataset\Indian Medicinal Leaves Image Datasets\Datasets_Plant\Pappaya\112.jpg,Pappaya,Papaya,whole_plant,test
C:\Users\hardi\Downloads\medicinal plants detection\dataset\Indian Medicinal Leaves Image Datasets\Datasets_Plant\Pappaya\113.jpg,Pappaya,Papaya,whole_plant,test
C:\Users\hardi\Downloads\medicinal plants detection\dataset\Indian Medicinal Leaves Image Datasets\Datasets_Plant\Pappaya\2137.jpg,Pappaya,Papaya,whole_plant,test
C:\Users\hardi\Downloads\medicinal plants detection\dataset\Indian Medicinal Leaves Image Datasets\Datasets_Plant\Pappaya\2051.jpg,Pappaya,Papaya,whole_plant,test
C:\Users\hardi\Downloads\medicinal plants detection\dataset\Indian Medicinal Leaves Image Datasets\Datasets_Plant\Pappaya\2055.jpg,Pappaya,Papaya,whole_plant,test
C:\Users\hardi\Downloads\medicinal plants detection\dataset\Indian Medicinal Leaves Image Datasets\Datasets_Plant\Pappaya\2064.jpg,Pappaya,Papaya,whole_plant,test
C:\Users\hardi\Downloads\medicinal plants detection\dataset\Indian Medicinal Leaves Image Datasets\Datasets_Plant\Pappaya\2086.jpg,Pappaya,Papaya,whole_plant,test
C:\Users\hardi\Downloads\medicinal plants detection\dataset\Indian Medicinal Leaves Image Datasets\Datasets_Plant\Pappaya\2091.jpg,Pappaya,Papaya,whole_plant,test
C:\Users\hardi\Downloads\medicinal plants detection\dataset\Indian Medicinal Leaves Image Datasets\Datasets_Plant\Pappaya\2099.jpg,Pappaya,Papaya,whole_plant,test
C:\Users\hardi\Downloads\medicinal plants detection\dataset\Indian Medicinal Leaves Image Datasets\Datasets_Plant\Pappaya\111.jpg,Pappaya,Papaya,whole_plant,test
C:\Users\hardi\Downloads\medicinal plants detection\dataset\Indian Medicinal Leaves Image Datasets\Datasets_Plant\Pappaya\2057.jpg,Pappaya,Papaya,whole_plant,test
C:\Users\hardi\Downloads\medicinal plants detection\dataset\Indian Medicinal Leaves Image Datasets\Datasets_Plant\Pepper\5254.jpg,Pepper,Pepper,whole_plant,train
C:\Users\hardi\Downloads\medicinal plants detection\dataset\Indian Medicinal Leaves Image Datasets\Datasets_Plant\Pepper\964.jpg,Pepper,Pepper,whole_plant,train
C:\Users\hardi\Downloads\medicinal plants detection\dataset\Indian Medicinal Leaves Image Datasets\Datasets_Plant\Pepper\5306.jpg,Pepper,Pepper,whole_plant,train
C:\Users\hardi\Downloads\medicinal plants detection\dataset\Indian Medicinal Leaves Image Datasets\Datasets_Plant\Pepper\5264.jpg,Pepper,Pepper,whole_plant,train
C:\Users\hardi\Downloads\medicinal plants detection\dataset\Indian Medicinal Leaves Image Datasets\Datasets_Plant\Pepper\5274.jpg,Pepper,Pepper,whole_plant,train
C:\Users\hardi\Downloads\medicinal plants detection\dataset\Indian Medicinal Leaves Image Datasets\Datasets_Plant\Pepper\972.jpg,Pepper,Pepper,whole_plant,train
C:\Users\hardi\Downloads\medicinal plants detection\dataset\Indian Medicinal Leaves Image Datasets\Datasets_Plant\Pepper\5292.jpg,Pepper,Pepper,whole_plant,train
C:\Users\hardi\Downloads\medicinal plants detection\dataset\Indian Medicinal Leaves Image Datasets\Datasets_Plant\Pepper\5278.jpg,Pepper,Pepper,whole_plant,train
C:\Users\hardi\Downloads\medicinal plants detection\dataset\Indian Medicinal Leaves Image Datasets\Datasets_Plant\Pepper\5331.jpg,Pepper,Pepper,whole_plant,train
C:\Users\hardi\Downloads\medicinal plants detection\dataset\Indian Medicinal Leaves Image Datasets\Datasets_Plant\Pepper\5252.jpg,Pepper,Pepper,whole_plant,train
C:\Users\hardi\Downloads\medicinal plants detection\dataset\Indian Medicinal Leaves Image Datasets\Datasets_Plant\Pepper\5321.jpg,Pepper,Pepper,whole_plant,train
C:\Users\hardi\Downloads\medicinal plants detection\dataset\Indian Medicinal Leaves Image Datasets\Datasets_Plant\Pepper\5280.jpg,Pepper,Pepper,whole_plant,train
C:\Users\hardi\Downloads\medicinal plants detection\dataset\Indian Medicinal Leaves Image Datasets\Datasets_Plant\Pepper\5281.jpg,Pepper,Pepper,whole_plant,train
C:\Users\hardi\Downloads\medicinal plants detection\dataset\Indian Medicinal Leaves Image Datasets\Datasets_Plant\Pepper\5255.jpg,Pepper,Pepper,whole_plant,train
C:\Users\hardi\Downloads\medicinal plants detection\dataset\Indian Medicinal Leaves Image Datasets\Datasets_Plant\Pepper\5344.jpg,Pepper,Pepper,whole_plant,train
C:\Users\hardi\Downloads\medicinal plants detection\dataset\Indian Medicinal Leaves Image Datasets\Datasets_Plant\Pepper\5243.jpg,Pepper,Pepper,whole_plant,train
C:\Users\hardi\Downloads\medicinal plants detection\dataset\Indian Medicinal Leaves Image Datasets\Datasets_Plant\Pepper\968.jpg,Pepper,Pepper,whole_plant,train
C:\Users\hardi\Downloads\medicinal plants detection\dataset\Indian Medicinal Leaves Image Datasets\Datasets_Plant\Pepper\5286.jpg,Pepper,Pepper,whole_plant,train
C:\Users\hardi\Downloads\medicinal plants detection\dataset\Indian Medicinal Leaves Image Datasets\Datasets_Plant\Pepper\5300.jpg,Pepper,Pepper,whole_plant,train
C:\Users\hardi\Downloads\medicinal plants detection\dataset\Indian Medicinal Leaves Image Datasets\Datasets_Plant\Pepper\5251.jpg,Pepper,Pepper,whole_plant,train
C:\Users\hardi\Downloads\medicinal plants detection\dataset\Indian Medicinal Leaves Image Datasets\Datasets_Plant\Pepper\5343.jpg,Pepper,Pepper,whole_plant,train
C:\Users\hardi\Downloads\medicinal plants detection\dataset\Indian Medicinal Leaves Image Datasets\Datasets_Plant\Pepper\444.jpg,Pepper,Pepper,whole_plant,train
C:\Users\hardi\Downloads\medicinal plants detection\dataset\Indian Medicinal Leaves Image Datasets\Datasets_Plant\Pepper\5288.jpg,Pepper,Pepper,whole_plant,train
C:\Users\hardi\Downloads\medicinal plants detection\dataset\Indian Medicinal Leaves Image Datasets\Datasets_Plant\Pepper\5310.jpg,Pepper,Pepper,whole_plant,train
C:\Users\hardi\Downloads\medicinal plants detection\dataset\Indian Medicinal Leaves Image Datasets\Datasets_Plant\Pepper\5245.jpg,Pepper,Pepper,whole_plant,train
C:\Users\hardi\Downloads\medicinal plants detection\dataset\Indian Medicinal Leaves Image Datasets\Datasets_Plant\Pepper\5336.jpg,Pepper,Pepper,whole_plant,train
C:\Users\hardi\Downloads\medicinal plants detection\dataset\Indian Medicinal Leaves Image Datasets\Datasets_Plant\Pepper\965.jpg,Pepper,Pepper,whole_plant,train
C:\Users\hardi\Downloads\medicinal plants detection\dataset\Indian Medicinal Leaves Image Datasets\Datasets_Plant\Pepper\5316.jpg,Pepper,Pepper,whole_plant,train
C:\Users\hardi\Downloads\medicinal plants detection\dataset\Indian Medicinal Leaves Image Datasets\Datasets_Plant\Pepper\5335.jpg,Pepper,Pepper,whole_plant,train
C:\Users\hardi\Downloads\medicinal plants detection\dataset\Indian Medicinal Leaves Image Datasets\Datasets_Plant\Pepper\5231.jpg,Pepper,Pepper,whole_plant,train
C:\Users\hardi\Downloads\medicinal plants detection\dataset\Indian Medicinal Leaves Image Datasets\Datasets_Plant\Pepper\5337.jpg,Pepper,Pepper,whole_plant,train
C:\Users\hardi\Downloads\medicinal plants detection\dataset\Indian Medicinal Leaves Image Datasets\Datasets_Plant\Pepper\5320.jpg,Pepper,Pepper,whole_plant,train
C:\Users\hardi\Downloads\medicinal plants detection\dataset\Indian Medicinal Leaves Image Datasets\Datasets_Plant\Pepper\5270.jpg,Pepper,Pepper,whole_plant,train
C:\Users\hardi\Downloads\medicinal plants detection\dataset\Indian Medicinal Leaves Image Datasets\Datasets_Plant\Pepper\5342.jpg,Pepper,Pepper,whole_plant,train
C:\Users\hardi\Downloads\medicinal plants detection\dataset\Indian Medicinal Leaves Image Datasets\Datasets_Plant\Pepper\5295.jpg,Pepper,Pepper,whole_plant,train
C:\Users\hardi\Downloads\medicinal plants detection\dataset\Indian Medicinal Leaves Image Datasets\Datasets_Plant\Pepper\5229.jpg,Pepper,Pepper,whole_plant,train
C:\Users\hardi\Downloads\medicinal plants detection\dataset\Indian Medicinal Leaves Image Datasets\Datasets_Plant\Pepper\5279.jpg,Pepper,Pepper,whole_plant,train
C:\Users\hardi\Downloads\medicinal plants detection\dataset\Indian Medicinal Leaves Image Datasets\Datasets_Plant\Pepper\5275.jpg,Pepper,Pepper,whole_plant,train
C:\Users\hardi\Downloads\medicinal plants detection\dataset\Indian Medicinal Leaves Image Datasets\Datasets_Plant\Pepper\5285.jpg,Pepper,Pepper,whole_plant,train
C:\Users\hardi\Downloads\medicinal plants detection\dataset\Indian Medicinal Leaves Image Datasets\Datasets_Plant\Pepper\5277.jpg,Pepper,Pepper,whole_plant,train
C:\Users\hardi\Downloads\medicinal plants detection\dataset\Indian Medicinal Leaves Image Datasets\Datasets_Plant\Pepper\5324.jpg,Pepper,Pepper,whole_plant,train
C:\Users\hardi\Downloads\medicinal plants detection\dataset\Indian Medicinal Leaves Image Datasets\Datasets_Plant\Pepper\5339.jpg,Pepper,Pepper,whole_plant,train
C:\Users\hardi\Downloads\medicinal plants detection\dataset\Indian Medicinal Leaves Image Datasets\Datasets_Plant\Pepper\5249.jpg,Pepper,Pepper,whole_plant,train
C:\Users\hardi\Downloads\medicinal plants detection\dataset\Indian Medicinal Leaves Image Datasets\Datasets_Plant\Pepper\5328.jpg,Pepper,Pepper,whole_plant,train
C:\Users\hardi\Downloads\medicinal plants detection\dataset\Indian Medicinal Leaves Image Datasets\Datasets_Plant\Pepper\447.jpg,Pepper,Pepper,whole_plant,train
C:\Users\hardi\Downloads\medicinal plants detection\dataset\Indian Medicinal Leaves Image Datasets\Datasets_Plant\Pepper\5345.jpg,Pepper,Pepper,whole_plant,train
C:\Users\hardi\Downloads\medicinal plants detection\dataset\Indian Medicinal Leaves Image Datasets\Datasets_Plant\Pepper\5238.jpg,Pepper,Pepper,whole_plant,train
C:\Users\hardi\Downloads\medicinal plants detection\dataset\Indian Medicinal Leaves Image Datasets\Datasets_Plant\Pepper\5338.jpg,Pepper,Pepper,whole_plant,train
C:\Users\hardi\Downloads\medicinal plants detection\dataset\Indian Medicinal Leaves Image Datasets\Datasets_Plant\Pepper\445.jpg,Pepper,Pepper,whole_plant,train
C:\Users\hardi\Downloads\medicinal plants detection\dataset\Indian Medicinal Leaves Image Datasets\Datasets_Plant\Pepper\963.jpg,Pepper,Pepper,whole_plant,train
C:\Users\hardi\Downloads\medicinal plants detection\dataset\Indian Medicinal Leaves Image Datasets\Datasets_Plant\Pepper\446.jpg,Pepper,Pepper,whole_plant,train
C:\Users\hardi\Downloads\medicinal plants detection\dataset\Indian Medicinal Leaves Image Datasets\Datasets_Plant\Pepper\5265.jpg,Pepper,Pepper,whole_plant,train
C:\Users\hardi\Downloads\medicinal plants detection\dataset\Indian Medicinal Leaves Image Datasets\Datasets_Plant\Pepper\5262.jpg,Pepper,Pepper,whole_plant,train
C:\Users\hardi\Downloads\medicinal plants detection\dataset\Indian Medicinal Leaves Image Datasets\Datasets_Plant\Pepper\5302.jpg,Pepper,Pepper,whole_plant,train
C:\Users\hardi\Downloads\medicinal plants detection\dataset\Indian Medicinal Leaves Image Datasets\Datasets_Plant\Pepper\5318.jpg,Pepper,Pepper,whole_plant,train
C:\Users\hardi\Downloads\medicinal plants detection\dataset\Indian Medicinal Leaves Image Datasets\Datasets_Plant\Pepper\5227.jpg,Pepper,Pepper,whole_plant,train
C:\Users\hardi\Downloads\medicinal plants detection\dataset\Indian Medicinal Leaves Image Datasets\Datasets_Plant\Pepper\5341.jpg,Pepper,Pepper,whole_plant,train
C:\Users\hardi\Downloads\medicinal plants detection\dataset\Indian Medicinal Leaves Image Datasets\Datasets_Plant\Pepper\5312.jpg,Pepper,Pepper,whole_plant,train
C:\Users\hardi\Downloads\medicinal plants detection\dataset\Indian Medicinal Leaves Image Datasets\Datasets_Plant\Pepper\5253.jpg,Pepper,Pepper,whole_plant,train
C:\Users\hardi\Downloads\medicinal plants detection\dataset\Indian Medicinal Leaves Image Datasets\Datasets_Plant\Pepper\5230.jpg,Pepper,Pepper,whole_plant,train
C:\Users\hardi\Downloads\medicinal plants detection\dataset\Indian Medicinal Leaves Image Datasets\Datasets_Plant\Pepper\5296.jpg,Pepper,Pepper,whole_plant,train
C:\Users\hardi\Downloads\medicinal plants detection\dataset\Indian Medicinal Leaves Image Datasets\Datasets_Plant\Pepper\5290.jpg,Pepper,Pepper,whole_plant,train
C:\Users\hardi\Downloads\medicinal plants detection\dataset\Indian Medicinal Leaves Image Datasets\Datasets_Plant\Pepper\5319.jpg,Pepper,Pepper,whole_plant,train
C:\Users\hardi\Downloads\medicinal plants detection\dataset\Indian Medicinal Leaves Image Datasets\Datasets_Plant\Pepper\5244.jpg,Pepper,Pepper,whole_plant,train
C:\Users\hardi\Downloads\medicinal plants detection\dataset\Indian Medicinal Leaves Image Datasets\Datasets_Plant\Pepper\5234.jpg,Pepper,Pepper,whole_plant,train
C:\Users\hardi\Downloads\medicinal plants detection\dataset\Indian Medicinal Leaves Image Datasets\Datasets_Plant\Pepper\452.jpg,Pepper,Pepper,whole_plant,train
C:\Users\hardi\Downloads\medicinal plants detection\dataset\Indian Medicinal Leaves Image Datasets\Datasets_Plant\Pepper\5247.jpg,Pepper,Pepper,whole_plant,train
C:\Users\hardi\Downloads\medicinal plants detection\dataset\Indian Medicinal Leaves Image Datasets\Datasets_Plant\Pepper\969.jpg,Pepper,Pepper,whole_plant,train
C:\Users\hardi\Downloads\medicinal plants detection\dataset\Indian Medicinal Leaves Image Datasets\Datasets_Plant\Pepper\5313.jpg,Pepper,Pepper,whole_plant,train
C:\Users\hardi\Downloads\medicinal plants detection\dataset\Indian Medicinal Leaves Image Datasets\Datasets_Plant\Pepper\5260.jpg,Pepper,Pepper,whole_plant,train
C:\Users\hardi\Downloads\medicinal plants detection\dataset\Indian Medicinal Leaves Image Datasets\Datasets_Plant\Pepper\5326.jpg,Pepper,Pepper,whole_plant,train
C:\Users\hardi\Downloads\medicinal plants detection\dataset\Indian Medicinal Leaves Image Datasets\Datasets_Plant\Pepper\5298.jpg,Pepper,Pepper,whole_plant,train
C:\Users\hardi\Downloads\medicinal plants detection\dataset\Indian Medicinal Leaves Image Datasets\Datasets_Plant\Pepper\5308.jpg,Pepper,Pepper,whole_plant,train
C:\Users\hardi\Downloads\medicinal plants detection\dataset\Indian Medicinal Leaves Image Datasets\Datasets_Plant\Pepper\967.jpg,Pepper,Pepper,whole_plant,train
C:\Users\hardi\Downloads\medicinal plants detection\dataset\Indian Medicinal Leaves Image Datasets\Datasets_Plant\Pepper\5304.jpg,Pepper,Pepper,whole_plant,train
C:\Users\hardi\Downloads\medicinal plants detection\dataset\Indian Medicinal Leaves Image Datasets\Datasets_Plant\Pepper\5314.jpg,Pepper,Pepper,whole_plant,train
C:\Users\hardi\Downloads\medicinal plants detection\dataset\Indian Medicinal Leaves Image Datasets\Datasets_Plant\Pepper\5299.jpg,Pepper,Pepper,whole_plant,train
C:\Users\hardi\Downloads\medicinal plants detection\dataset\Indian Medicinal Leaves Image Datasets\Datasets_Plant\Pepper\5332.jpg,Pepper,Pepper,whole_plant,train
C:\Users\hardi\Downloads\medicinal plants detection\dataset\Indian Medicinal Leaves Image Datasets\Datasets_Plant\Pepper\5301.jpg,Pepper,Pepper,whole_plant,train
C:\Users\hardi\Downloads\medicinal plants detection\dataset\Indian Medicinal Leaves Image Datasets\Datasets_Plant\Pepper\5242.jpg,Pepper,Pepper,whole_plant,train
C:\Users\hardi\Downloads\medicinal plants detection\dataset\Indian Medicinal Leaves Image Datasets\Datasets_Plant\Pepper\5309.jpg,Pepper,Pepper,whole_plant,train
C:\Users\hardi\Downloads\medicinal plants detection\dataset\Indian Medicinal Leaves Image Datasets\Datasets_Plant\Pepper\966.jpg,Pepper,Pepper,whole_plant,train
C:\Users\hardi\Downloads\medicinal plants detection\dataset\Indian Medicinal Leaves Image Datasets\Datasets_Plant\Pepper\5237.jpg,Pepper,Pepper,whole_plant,train
C:\Users\hardi\Downloads\medicinal plants detection\dataset\Indian Medicinal Leaves Image Datasets\Datasets_Plant\Pepper\5287.jpg,Pepper,Pepper,whole_plant,train
C:\Users\hardi\Downloads\medicinal plants detection\dataset\Indian Medicinal Leaves Image Datasets\Datasets_Plant\Pepper\5259.jpg,Pepper,Pepper,whole_plant,train
C:\Users\hardi\Downloads\medicinal plants detection\dataset\Indian Medicinal Leaves Image Datasets\Datasets_Plant\Pepper\5293.jpg,Pepper,Pepper,whole_plant,train
C:\Users\hardi\Downloads\medicinal plants detection\dataset\Indian Medicinal Leaves Image Datasets\Datasets_Plant\Pepper\5294.jpg,Pepper,Pepper,whole_plant,train
C:\Users\hardi\Downloads\medicinal plants detection\dataset\Indian Medicinal Leaves Image Datasets\Datasets_Plant\Pepper\5250.jpg,Pepper,Pepper,whole_plant,train
C:\Users\hardi\Downloads\medicinal plants detection\dataset\Indian Medicinal Leaves Image Datasets\Datasets_Plant\Pepper\973.jpg,Pepper,Pepper,whole_plant,train
C:\Users\hardi\Downloads\medicinal plants detection\dataset\Indian Medicinal Leaves Image Datasets\Datasets_Plant\Pepper\453.jpg,Pepper,Pepper,whole_plant,train
C:\Users\hardi\Downloads\medicinal plants detection\dataset\Indian Medicinal Leaves Image Datasets\Datasets_Plant\Pepper\5315.jpg,Pepper,Pepper,whole_plant,train
C:\Users\hardi\Downloads\medicinal plants detection\dataset\Indian Medicinal Leaves Image Datasets\Datasets_Plant\Pepper\5228.jpg,Pepper,Pepper,whole_plant,train
C:\Users\hardi\Downloads\medicinal plants detection\dataset\Indian Medicinal Leaves Image Datasets\Datasets_Plant\Pepper\5282.jpg,Pepper,Pepper,whole_plant,train
C:\Users\hardi\Downloads\medicinal plants detection\dataset\Indian Medicinal Leaves Image Datasets\Datasets_Plant\Pepper\5272.jpg,Pepper,Pepper,whole_plant,train
C:\Users\hardi\Downloads\medicinal plants detection\dataset\Indian Medicinal Leaves Image Datasets\Datasets_Plant\Pepper\5307.jpg,Pepper,Pepper,whole_plant,train
C:\Users\hardi\Downloads\medicinal plants detection\dataset\Indian Medicinal Leaves Image Datasets\Datasets_Plant\Pepper\448.jpg,Pepper,Pepper,whole_plant,train
C:\Users\hardi\Downloads\medicinal plants detection\dataset\Indian Medicinal Leaves Image Datasets\Datasets_Plant\Pepper\5246.jpg,Pepper,Pepper,whole_plant,train
C:\Users\hardi\Downloads\medicinal plants detection\dataset\Indian Medicinal Leaves Image Datasets\Datasets_Plant\Pepper\5291.jpg,Pepper,Pepper,whole_plant,train
C:\Users\hardi\Downloads\medicinal plants detection\dataset\Indian Medicinal Leaves Image Datasets\Datasets_Plant\Pepper\5257.jpg,Pepper,Pepper,whole_plant,train
C:\Users\hardi\Downloads\medicinal plants detection\dataset\Indian Medicinal Leaves Image Datasets\Datasets_Plant\Pepper\5258.jpg,Pepper,Pepper,whole_plant,train
C:\Users\hardi\Downloads\medicinal plants detection\dataset\Indian Medicinal Leaves Image Datasets\Datasets_Plant\Pepper\455.jpg,Pepper,Pepper,whole_plant,val
C:\Users\hardi\Downloads\medicinal plants detection\dataset\Indian Medicinal Leaves Image Datasets\Datasets_Plant\Pepper\5261.jpg,Pepper,Pepper,whole_plant,val
C:\Users\hardi\Downloads\medicinal plants detection\dataset\Indian Medicinal Leaves Image Datasets\Datasets_Plant\Pepper\454.jpg,Pepper,Pepper,whole_plant,val
C:\Users\hardi\Downloads\medicinal plants detection\dataset\Indian Medicinal Leaves Image Datasets\Datasets_Plant\Pepper\5226.jpg,Pepper,Pepper,whole_plant,val
C:\Users\hardi\Downloads\medicinal plants detection\dataset\Indian Medicinal Leaves Image Datasets\Datasets_Plant\Pepper\5323.jpg,Pepper,Pepper,whole_plant,val
C:\Users\hardi\Downloads\medicinal plants detection\dataset\Indian Medicinal Leaves Image Datasets\Datasets_Plant\Pepper\5329.jpg,Pepper,Pepper,whole_plant,val
C:\Users\hardi\Downloads\medicinal plants detection\dataset\Indian Medicinal Leaves Image Datasets\Datasets_Plant\Pepper\5240.jpg,Pepper,Pepper,whole_plant,val
C:\Users\hardi\Downloads\medicinal plants detection\dataset\Indian Medicinal Leaves Image Datasets\Datasets_Plant\Pepper\5232.jpg,Pepper,Pepper,whole_plant,val
C:\Users\hardi\Downloads\medicinal plants detection\dataset\Indian Medicinal Leaves Image Datasets\Datasets_Plant\Pepper\5334.jpg,Pepper,Pepper,whole_plant,val
C:\Users\hardi\Downloads\medicinal plants detection\dataset\Indian Medicinal Leaves Image Datasets\Datasets_Plant\Pepper\5256.jpg,Pepper,Pepper,whole_plant,val
C:\Users\hardi\Downloads\medicinal plants detection\dataset\Indian Medicinal Leaves Image Datasets\Datasets_Plant\Pepper\5268.jpg,Pepper,Pepper,whole_plant,val
C:\Users\hardi\Downloads\medicinal plants detection\dataset\Indian Medicinal Leaves Image Datasets\Datasets_Plant\Pepper\5340.jpg,Pepper,Pepper,whole_plant,val
C:\Users\hardi\Downloads\medicinal plants detection\dataset\Indian Medicinal Leaves Image Datasets\Datasets_Plant\Pepper\5233.jpg,Pepper,Pepper,whole_plant,val
C:\Users\hardi\Downloads\medicinal plants detection\dataset\Indian Medicinal Leaves Image Datasets\Datasets_Plant\Pepper\5333.jpg,Pepper,Pepper,whole_plant,val
C:\Users\hardi\Downloads\medicinal plants detection\dataset\Indian Medicinal Leaves Image Datasets\Datasets_Plant\Pepper\5311.jpg,Pepper,Pepper,whole_plant,val
C:\Users\hardi\Downloads\medicinal plants detection\dataset\Indian Medicinal Leaves Image Datasets\Datasets_Plant\Pepper\443.jpg,Pepper,Pepper,whole_plant,val
C:\Users\hardi\Downloads\medicinal plants detection\dataset\Indian Medicinal Leaves Image Datasets\Datasets_Plant\Pepper\5325.jpg,Pepper,Pepper,whole_plant,val
C:\Users\hardi\Downloads\medicinal plants detection\dataset\Indian Medicinal Leaves Image Datasets\Datasets_Plant\Pepper\5317.jpg,Pepper,Pepper,whole_plant,val
C:\Users\hardi\Downloads\medicinal plants detection\dataset\Indian Medicinal Leaves Image Datasets\Datasets_Plant\Pepper\970.jpg,Pepper,Pepper,whole_plant,val
C:\Users\hardi\Downloads\medicinal plants detection\dataset\Indian Medicinal Leaves Image Datasets\Datasets_Plant\Pepper\5289.jpg,Pepper,Pepper,whole_plant,val
C:\Users\hardi\Downloads\medicinal plants detection\dataset\Indian Medicinal Leaves Image Datasets\Datasets_Plant\Pepper\971.jpg,Pepper,Pepper,whole_plant,val
C:\Users\hardi\Downloads\medicinal plants detection\dataset\Indian Medicinal Leaves Image Datasets\Datasets_Plant\Pepper\975.jpg,Pepper,Pepper,whole_plant,test
C:\Users\hardi\Downloads\medicinal plants detection\dataset\Indian Medicinal Leaves Image Datasets\Datasets_Plant\Pepper\5267.jpg,Pepper,Pepper,whole_plant,test
C:\Users\hardi\Downloads\medicinal plants detection\dataset\Indian Medicinal Leaves Image Datasets\Datasets_Plant\Pepper\5283.jpg,Pepper,Pepper,whole_plant,test
C:\Users\hardi\Downloads\medicinal plants detection\dataset\Indian Medicinal Leaves Image Datasets\Datasets_Plant\Pepper\5303.jpg,Pepper,Pepper,whole_plant,test
C:\Users\hardi\Downloads\medicinal plants detection\dataset\Indian Medicinal Leaves Image Datasets\Datasets_Plant\Pepper\5297.jpg,Pepper,Pepper,whole_plant,test
C:\Users\hardi\Downloads\medicinal plants detection\dataset\Indian Medicinal Leaves Image Datasets\Datasets_Plant\Pepper\5305.jpg,Pepper,Pepper,whole_plant,test
C:\Users\hardi\Downloads\medicinal plants detection\dataset\Indian Medicinal Leaves Image Datasets\Datasets_Plant\Pepper\5263.jpg,Pepper,Pepper,whole_plant,test
C:\Users\hardi\Downloads\medicinal plants detection\dataset\Indian Medicinal Leaves Image Datasets\Datasets_Plant\Pepper\974.jpg,Pepper,Pepper,whole_plant,test
C:\Users\hardi\Downloads\medicinal plants detection\dataset\Indian Medicinal Leaves Image Datasets\Datasets_Plant\Pepper\5273.jpg,Pepper,Pepper,whole_plant,test
C:\Users\hardi\Downloads\medicinal plants detection\dataset\Indian Medicinal Leaves Image Datasets\Datasets_Plant\Pepper\5269.jpg,Pepper,Pepper,whole_plant,test
C:\Users\hardi\Downloads\medicinal plants detection\dataset\Indian Medicinal Leaves Image Datasets\Datasets_Plant\Pepper\5236.jpg,Pepper,Pepper,whole_plant,test
C:\Users\hardi\Downloads\medicinal plants detection\dataset\Indian Medicinal Leaves Image Datasets\Datasets_Plant\Pepper\450.jpg,Pepper,Pepper,whole_plant,test
C:\Users\hardi\Downloads\medicinal plants detection\dataset\Indian Medicinal Leaves Image Datasets\Datasets_Plant\Pepper\451.jpg,Pepper,Pepper,whole_plant,test
C:\Users\hardi\Downloads\medicinal plants detection\dataset\Indian Medicinal Leaves Image Datasets\Datasets_Plant\Pepper\5322.jpg,Pepper,Pepper,whole_plant,test
C:\Users\hardi\Downloads\medicinal plants detection\dataset\Indian Medicinal Leaves Image Datasets\Datasets_Plant\Pepper\5235.jpg,Pepper,Pepper,whole_plant,test
C:\Users\hardi\Downloads\medicinal plants detection\dataset\Indian Medicinal Leaves Image Datasets\Datasets_Plant\Pepper\5239.jpg,Pepper,Pepper,whole_plant,test
C:\Users\hardi\Downloads\medicinal plants detection\dataset\Indian Medicinal Leaves Image Datasets\Datasets_Plant\Pepper\5248.jpg,Pepper,Pepper,whole_plant,test
C:\Users\hardi\Downloads\medicinal plants detection\dataset\Indian Medicinal Leaves Image Datasets\Datasets_Plant\Pepper\5271.jpg,Pepper,Pepper,whole_plant,test
C:\Users\hardi\Downloads\medicinal plants detection\dataset\Indian Medicinal Leaves Image Datasets\Datasets_Plant\Pepper\5276.jpg,Pepper,Pepper,whole_plant,test
C:\Users\hardi\Downloads\medicinal plants detection\dataset\Indian Medicinal Leaves Image Datasets\Datasets_Plant\Pepper\5284.jpg,Pepper,Pepper,whole_plant,test
C:\Users\hardi\Downloads\medicinal plants detection\dataset\Indian Medicinal Leaves Image Datasets\Datasets_Plant\Pepper\449.jpg,Pepper,Pepper,whole_plant,test
C:\Users\hardi\Downloads\medicinal plants detection\dataset\Indian Medicinal Leaves Image Datasets\Datasets_Plant\Pepper\5241.jpg,Pepper,Pepper,whole_plant,test
C:\Users\hardi\Downloads\medicinal plants detection\dataset\Indian Medicinal Leaves Image Datasets\Datasets_Plant\Pomegranate\3036.jpg,Pomegranate,Pomegranate,whole_plant,train
C:\Users\hardi\Downloads\medicinal plants detection\dataset\Indian Medicinal Leaves Image Datasets\Datasets_Plant\Pomegranate\730.jpg,Pomegranate,Pomegranate,whole_plant,train
C:\Users\hardi\Downloads\medicinal plants detection\dataset\Indian Medicinal Leaves Image Datasets\Datasets_Plant\Pomegranate\3087.jpg,Pomegranate,Pomegranate,whole_plant,train
C:\Users\hardi\Downloads\medicinal plants detection\dataset\Indian Medicinal Leaves Image Datasets\Datasets_Plant\Pomegranate\3046.jpg,Pomegranate,Pomegranate,whole_plant,train
C:\Users\hardi\Downloads\medicinal plants detection\dataset\Indian Medicinal Leaves Image Datasets\Datasets_Plant\Pomegranate\3055.jpg,Pomegranate,Pomegranate,whole_plant,train
C:\Users\hardi\Downloads\medicinal plants detection\dataset\Indian Medicinal Leaves Image Datasets\Datasets_Plant\Pomegranate\738.jpg,Pomegranate,Pomegranate,whole_plant,train
C:\Users\hardi\Downloads\medicinal plants detection\dataset\Indian Medicinal Leaves Image Datasets\Datasets_Plant\Pomegranate\3073.jpg,Pomegranate,Pomegranate,whole_plant,train
C:\Users\hardi\Downloads\medicinal plants detection\dataset\Indian Medicinal Leaves Image Datasets\Datasets_Plant\Pomegranate\3059.jpg,Pomegranate,Pomegranate,whole_plant,train
C:\Users\hardi\Downloads\medicinal plants detection\dataset\Indian Medicinal Leaves Image Datasets\Datasets_Plant\Pomegranate\3111.jpg,Pomegranate,Pomegranate,whole_plant,train
C:\Users\hardi\Downloads\medicinal plants detection\dataset\Indian Medicinal Leaves Image Datasets\Datasets_Plant\Pomegranate\3034.jpg,Pomegranate,Pomegranate,whole_plant,train
C:\Users\hardi\Downloads\medicinal plants detection\dataset\Indian Medicinal Leaves Image Datasets\Datasets_Plant\Pomegranate\3102.jpg,Pomegranate,Pomegranate,whole_plant,train
C:\Users\hardi\Downloads\medicinal plants detection\dataset\Indian Medicinal Leaves Image Datasets\Datasets_Plant\Pomegranate\3061.jpg,Pomegranate,Pomegranate,whole_plant,train
C:\Users\hardi\Downloads\medicinal plants detection\dataset\Indian Medicinal Leaves Image Datasets\Datasets_Plant\Pomegranate\3062.jpg,Pomegranate,Pomegranate,whole_plant,train
C:\Users\hardi\Downloads\medicinal plants detection\dataset\Indian Medicinal Leaves Image Datasets\Datasets_Plant\Pomegranate\3037.jpg,Pomegranate,Pomegranate,whole_plant,train
C:\Users\hardi\Downloads\medicinal plants detection\dataset\Indian Medicinal Leaves Image Datasets\Datasets_Plant\Pomegranate\3126.jpg,Pomegranate,Pomegranate,whole_plant,train
C:\Users\hardi\Downloads\medicinal plants detection\dataset\Indian Medicinal Leaves Image Datasets\Datasets_Plant\Pomegranate\3025.jpg,Pomegranate,Pomegranate,whole_plant,train
C:\Users\hardi\Downloads\medicinal plants detection\dataset\Indian Medicinal Leaves Image Datasets\Datasets_Plant\Pomegranate\734.jpg,Pomegranate,Pomegranate,whole_plant,train
C:\Users\hardi\Downloads\medicinal plants detection\dataset\Indian Medicinal Leaves Image Datasets\Datasets_Plant\Pomegranate\3067.jpg,Pomegranate,Pomegranate,whole_plant,train
C:\Users\hardi\Downloads\medicinal plants detection\dataset\Indian Medicinal Leaves Image Datasets\Datasets_Plant\Pomegranate\3081.jpg,Pomegranate,Pomegranate,whole_plant,train
C:\Users\hardi\Downloads\medicinal plants detection\dataset\Indian Medicinal Leaves Image Datasets\Datasets_Plant\Pomegranate\3033.jpg,Pomegranate,Pomegranate,whole_plant,train
C:\Users\hardi\Downloads\medicinal plants detection\dataset\Indian Medicinal Leaves Image Datasets\Datasets_Plant\Pomegranate\3125.jpg,Pomegranate,Pomegranate,whole_plant,train
C:\Users\hardi\Downloads\medicinal plants detection\dataset\Indian Medicinal Leaves Image Datasets\Datasets_Plant\Pomegranate\210.jpg,Pomegranate,Pomegranate,whole_plant,train
C:\Users\hardi\Downloads\medicinal plants detection\dataset\Indian Medicinal Leaves Image Datasets\Datasets_Plant\Pomegranate\3069.jpg,Pomegranate,Pomegranate,whole_plant,train
C:\Users\hardi\Downloads\medicinal plants detection\dataset\Indian Medicinal Leaves Image Datasets\Datasets_Plant\Pomegranate\3091.jpg,Pomegranate,Pomegranate,whole_plant,train
C:\Users\hardi\Downloads\medicinal plants detection\dataset\Indian Medicinal Leaves Image Datasets\Datasets_Plant\Pomegranate\3027.jpg,Pomegranate,Pomegranate,whole_plant,train
C:\Users\hardi\Downloads\medicinal plants detection\dataset\Indian Medicinal Leaves Image Datasets\Datasets_Plant\Pomegranate\3117.jpg,Pomegranate,Pomegranate,whole_plant,train
C:\Users\hardi\Downloads\medicinal plants detection\dataset\Indian Medicinal Leaves Image Datasets\Datasets_Plant\Pomegranate\731.jpg,Pomegranate,Pomegranate,whole_plant,train
C:\Users\hardi\Downloads\medicinal plants detection\dataset\Indian Medicinal Leaves Image Datasets\Datasets_Plant\Pomegranate\3097.jpg,Pomegranate,Pomegranate,whole_plant,train
C:\Users\hardi\Downloads\medicinal plants detection\dataset\Indian Medicinal Leaves Image Datasets\Datasets_Plant\Pomegranate\3116.jpg,Pomegranate,Pomegranate,whole_plant,train
C:\Users\hardi\Downloads\medicinal plants detection\dataset\Indian Medicinal Leaves Image Datasets\Datasets_Plant\Pomegranate\3013.jpg,Pomegranate,Pomegranate,whole_plant,train
C:\Users\hardi\Downloads\medicinal plants detection\dataset\Indian Medicinal Leaves Image Datasets\Datasets_Plant\Pomegranate\3118.jpg,Pomegranate,Pomegranate,whole_plant,train
C:\Users\hardi\Downloads\medicinal plants detection\dataset\Indian Medicinal Leaves Image Datasets\Datasets_Plant\Pomegranate\3101.jpg,Pomegranate,Pomegranate,whole_plant,train
C:\Users\hardi\Downloads\medicinal plants detection\dataset\Indian Medicinal Leaves Image Datasets\Datasets_Plant\Pomegranate\3051.jpg,Pomegranate,Pomegranate,whole_plant,train
C:\Users\hardi\Downloads\medicinal plants detection\dataset\Indian Medicinal Leaves Image Datasets\Datasets_Plant\Pomegranate\3124.jpg,Pomegranate,Pomegranate,whole_plant,train
C:\Users\hardi\Downloads\medicinal plants detection\dataset\Indian Medicinal Leaves Image Datasets\Datasets_Plant\Pomegranate\3076.jpg,Pomegranate,Pomegranate,whole_plant,train
C:\Users\hardi\Downloads\medicinal plants detection\dataset\Indian Medicinal Leaves Image Datasets\Datasets_Plant\Pomegranate\3011.jpg,Pomegranate,Pomegranate,whole_plant,train
C:\Users\hardi\Downloads\medicinal plants detection\dataset\Indian Medicinal Leaves Image Datasets\Datasets_Plant\Pomegranate\3060.jpg,Pomegranate,Pomegranate,whole_plant,train
C:\Users\hardi\Downloads\medicinal plants detection\dataset\Indian Medicinal Leaves Image Datasets\Datasets_Plant\Pomegranate\3056.jpg,Pomegranate,Pomegranate,whole_plant,train
C:\Users\hardi\Downloads\medicinal plants detection\dataset\Indian Medicinal Leaves Image Datasets\Datasets_Plant\Pomegranate\3066.jpg,Pomegranate,Pomegranate,whole_plant,train
C:\Users\hardi\Downloads\medicinal plants detection\dataset\Indian Medicinal Leaves Image Datasets\Datasets_Plant\Pomegranate\3058.jpg,Pomegranate,Pomegranate,whole_plant,train
C:\Users\hardi\Downloads\medicinal plants detection\dataset\Indian Medicinal Leaves Image Datasets\Datasets_Plant\Pomegranate\3105.jpg,Pomegranate,Pomegranate,whole_plant,train
C:\Users\hardi\Downloads\medicinal plants detection\dataset\Indian Medicinal Leaves Image Datasets\Datasets_Plant\Pomegranate\3120.jpg,Pomegranate,Pomegranate,whole_plant,train
C:\Users\hardi\Downloads\medicinal plants detection\dataset\Indian Medicinal Leaves Image Datasets\Datasets_Plant\Pomegranate\3031.jpg,Pomegranate,Pomegranate,whole_plant,train
C:\Users\hardi\Downloads\medicinal plants detection\dataset\Indian Medicinal Leaves Image Datasets\Datasets_Plant\Pomegranate\3109.jpg,Pomegranate,Pomegranate,whole_plant,train
C:\Users\hardi\Downloads\medicinal plants detection\dataset\Indian Medicinal Leaves Image Datasets\Datasets_Plant\Pomegranate\213.jpg,Pomegranate,Pomegranate,whole_plant,train
C:\Users\hardi\Downloads\medicinal plants detection\dataset\Indian Medicinal Leaves Image Datasets\Datasets_Plant\Pomegranate\3127.jpg,Pomegranate,Pomegranate,whole_plant,train
C:\Users\hardi\Downloads\medicinal plants detection\dataset\Indian Medicinal Leaves Image Datasets\Datasets_Plant\Pomegranate\3020.jpg,Pomegranate,Pomegranate,whole_plant,train
C:\Users\hardi\Downloads\medicinal plants detection\dataset\Indian Medicinal Leaves Image Datasets\Datasets_Plant\Pomegranate\3119.jpg,Pomegranate,Pomegranate,whole_plant,train
C:\Users\hardi\Downloads\medicinal plants detection\dataset\Indian Medicinal Leaves Image Datasets\Datasets_Plant\Pomegranate\211.jpg,Pomegranate,Pomegranate,whole_plant,train
C:\Users\hardi\Downloads\medicinal plants detection\dataset\Indian Medicinal Leaves Image Datasets\Datasets_Plant\Pomegranate\729.jpg,Pomegranate,Pomegranate,whole_plant,train
C:\Users\hardi\Downloads\medicinal plants detection\dataset\Indian Medicinal Leaves Image Datasets\Datasets_Plant\Pomegranate\212.jpg,Pomegranate,Pomegranate,whole_plant,train
C:\Users\hardi\Downloads\medicinal plants detection\dataset\Indian Medicinal Leaves Image Datasets\Datasets_Plant\Pomegranate\3047.jpg,Pomegranate,Pomegranate,whole_plant,train
C:\Users\hardi\Downloads\medicinal plants detection\dataset\Indian Medicinal Leaves Image Datasets\Datasets_Plant\Pomegranate\3044.jpg,Pomegranate,Pomegranate,whole_plant,train
C:\Users\hardi\Downloads\medicinal plants detection\dataset\Indian Medicinal Leaves Image Datasets\Datasets_Plant\Pomegranate\3083.jpg,Pomegranate,Pomegranate,whole_plant,train
C:\Users\hardi\Downloads\medicinal plants detection\dataset\Indian Medicinal Leaves Image Datasets\Datasets_Plant\Pomegranate\3099.jpg,Pomegranate,Pomegranate,whole_plant,train
C:\Users\hardi\Downloads\medicinal plants detection\dataset\Indian Medicinal Leaves Image Datasets\Datasets_Plant\Pomegranate\3009.jpg,Pomegranate,Pomegranate,whole_plant,train
C:\Users\hardi\Downloads\medicinal plants detection\dataset\Indian Medicinal Leaves Image Datasets\Datasets_Plant\Pomegranate\3123.jpg,Pomegranate,Pomegranate,whole_plant,train
C:\Users\hardi\Downloads\medicinal plants detection\dataset\Indian Medicinal Leaves Image Datasets\Datasets_Plant\Pomegranate\3093.jpg,Pomegranate,Pomegranate,whole_plant,train
C:\Users\hardi\Downloads\medicinal plants detection\dataset\Indian Medicinal Leaves Image Datasets\Datasets_Plant\Pomegranate\3035.jpg,Pomegranate,Pomegranate,whole_plant,train
C:\Users\hardi\Downloads\medicinal plants detection\dataset\Indian Medicinal Leaves Image Datasets\Datasets_Plant\Pomegranate\3012.jpg,Pomegranate,Pomegranate,whole_plant,train
C:\Users\hardi\Downloads\medicinal plants detection\dataset\Indian Medicinal Leaves Image Datasets\Datasets_Plant\Pomegranate\3077.jpg,Pomegranate,Pomegranate,whole_plant,train
C:\Users\hardi\Downloads\medicinal plants detection\dataset\Indian Medicinal Leaves Image Datasets\Datasets_Plant\Pomegranate\3071.jpg,Pomegranate,Pomegranate,whole_plant,train
C:\Users\hardi\Downloads\medicinal plants detection\dataset\Indian Medicinal Leaves Image Datasets\Datasets_Plant\Pomegranate\3100.jpg,Pomegranate,Pomegranate,whole_plant,train
C:\Users\hardi\Downloads\medicinal plants detection\dataset\Indian Medicinal Leaves Image Datasets\Datasets_Plant\Pomegranate\3026.jpg,Pomegranate,Pomegranate,whole_plant,train
C:\Users\hardi\Downloads\medicinal plants detection\dataset\Indian Medicinal Leaves Image Datasets\Datasets_Plant\Pomegranate\3016.jpg,Pomegranate,Pomegranate,whole_plant,train
C:\Users\hardi\Downloads\medicinal plants detection\dataset\Indian Medicinal Leaves Image Datasets\Datasets_Plant\Pomegranate\218.jpg,Pomegranate,Pomegranate,whole_plant,train
C:\Users\hardi\Downloads\medicinal plants detection\dataset\Indian Medicinal Leaves Image Datasets\Datasets_Plant\Pomegranate\3029.jpg,Pomegranate,Pomegranate,whole_plant,train
C:\Users\hardi\Downloads\medicinal plants detection\dataset\Indian Medicinal Leaves Image Datasets\Datasets_Plant\Pomegranate\735.jpg,Pomegranate,Pomegranate,whole_plant,train
C:\Users\hardi\Downloads\medicinal plants detection\dataset\Indian Medicinal Leaves Image Datasets\Datasets_Plant\Pomegranate\3094.jpg,Pomegranate,Pomegranate,whole_plant,train
C:\Users\hardi\Downloads\medicinal plants detection\dataset\Indian Medicinal Leaves Image Datasets\Datasets_Plant\Pomegranate\3042.jpg,Pomegranate,Pomegranate,whole_plant,train
C:\Users\hardi\Downloads\medicinal plants detection\dataset\Indian Medicinal Leaves Image Datasets\Datasets_Plant\Pomegranate\3108.jpg,Pomegranate,Pomegranate,whole_plant,train
C:\Users\hardi\Downloads\medicinal plants detection\dataset\Indian Medicinal Leaves Image Datasets\Datasets_Plant\Pomegranate\3079.jpg,Pomegranate,Pomegranate,whole_plant,train
C:\Users\hardi\Downloads\medicinal plants detection\dataset\Indian Medicinal Leaves Image Datasets\Datasets_Plant\Pomegranate\3089.jpg,Pomegranate,Pomegranate,whole_plant,train
C:\Users\hardi\Downloads\medicinal plants detection\dataset\Indian Medicinal Leaves Image Datasets\Datasets_Plant\Pomegranate\733.jpg,Pomegranate,Pomegranate,whole_plant,train
C:\Users\hardi\Downloads\medicinal plants detection\dataset\Indian Medicinal Leaves Image Datasets\Datasets_Plant\Pomegranate\3085.jpg,Pomegranate,Pomegranate,whole_plant,train
C:\Users\hardi\Downloads\medicinal plants detection\dataset\Indian Medicinal Leaves Image Datasets\Datasets_Plant\Pomegranate\3095.jpg,Pomegranate,Pomegranate,whole_plant,train
C:\Users\hardi\Downloads\medicinal plants detection\dataset\Indian Medicinal Leaves Image Datasets\Datasets_Plant\Pomegranate\3080.jpg,Pomegranate,Pomegranate,whole_plant,train
C:\Users\hardi\Downloads\medicinal plants detection\dataset\Indian Medicinal Leaves Image Datasets\Datasets_Plant\Pomegranate\3112.jpg,Pomegranate,Pomegranate,whole_plant,train
C:\Users\hardi\Downloads\medicinal plants detection\dataset\Indian Medicinal Leaves Image Datasets\Datasets_Plant\Pomegranate\3082.jpg,Pomegranate,Pomegranate,whole_plant,train
C:\Users\hardi\Downloads\medicinal plants detection\dataset\Indian Medicinal Leaves Image Datasets\Datasets_Plant\Pomegranate\3024.jpg,Pomegranate,Pomegranate,whole_plant,train
C:\Users\hardi\Downloads\medicinal plants detection\dataset\Indian Medicinal Leaves Image Datasets\Datasets_Plant\Pomegranate\3090.jpg,Pomegranate,Pomegranate,whole_plant,train
C:\Users\hardi\Downloads\medicinal plants detection\dataset\Indian Medicinal Leaves Image Datasets\Datasets_Plant\Pomegranate\732.jpg,Pomegranate,Pomegranate,whole_plant,train
C:\Users\hardi\Downloads\medicinal plants detection\dataset\Indian Medicinal Leaves Image Datasets\Datasets_Plant\Pomegranate\3019.jpg,Pomegranate,Pomegranate,whole_plant,train
C:\Users\hardi\Downloads\medicinal plants detection\dataset\Indian Medicinal Leaves Image Datasets\Datasets_Plant\Pomegranate\3068.jpg,Pomegranate,Pomegranate,whole_plant,train
C:\Users\hardi\Downloads\medicinal plants detection\dataset\Indian Medicinal Leaves Image Datasets\Datasets_Plant\Pomegranate\3041.jpg,Pomegranate,Pomegranate,whole_plant,train
C:\Users\hardi\Downloads\medicinal plants detection\dataset\Indian Medicinal Leaves Image Datasets\Datasets_Plant\Pomegranate\3074.jpg,Pomegranate,Pomegranate,whole_plant,train
C:\Users\hardi\Downloads\medicinal plants detection\dataset\Indian Medicinal Leaves Image Datasets\Datasets_Plant\Pomegranate\3075.jpg,Pomegranate,Pomegranate,whole_plant,train
C:\Users\hardi\Downloads\medicinal plants detection\dataset\Indian Medicinal Leaves Image Datasets\Datasets_Plant\Pomegranate\3032.jpg,Pomegranate,Pomegranate,whole_plant,train
C:\Users\hardi\Downloads\medicinal plants detection\dataset\Indian Medicinal Leaves Image Datasets\Datasets_Plant\Pomegranate\739.jpg,Pomegranate,Pomegranate,whole_plant,train
C:\Users\hardi\Downloads\medicinal plants detection\dataset\Indian Medicinal Leaves Image Datasets\Datasets_Plant\Pomegranate\219.jpg,Pomegranate,Pomegranate,whole_plant,train
C:\Users\hardi\Downloads\medicinal plants detection\dataset\Indian Medicinal Leaves Image Datasets\Datasets_Plant\Pomegranate\3096.jpg,Pomegranate,Pomegranate,whole_plant,train
C:\Users\hardi\Downloads\medicinal plants detection\dataset\Indian Medicinal Leaves Image Datasets\Datasets_Plant\Pomegranate\3010.jpg,Pomegranate,Pomegranate,whole_plant,train
C:\Users\hardi\Downloads\medicinal plants detection\dataset\Indian Medicinal Leaves Image Datasets\Datasets_Plant\Pomegranate\3063.jpg,Pomegranate,Pomegranate,whole_plant,train
C:\Users\hardi\Downloads\medicinal plants detection\dataset\Indian Medicinal Leaves Image Datasets\Datasets_Plant\Pomegranate\3053.jpg,Pomegranate,Pomegranate,whole_plant,train
C:\Users\hardi\Downloads\medicinal plants detection\dataset\Indian Medicinal Leaves Image Datasets\Datasets_Plant\Pomegranate\3088.jpg,Pomegranate,Pomegranate,whole_plant,train
C:\Users\hardi\Downloads\medicinal plants detection\dataset\Indian Medicinal Leaves Image Datasets\Datasets_Plant\Pomegranate\214.jpg,Pomegranate,Pomegranate,whole_plant,train
C:\Users\hardi\Downloads\medicinal plants detection\dataset\Indian Medicinal Leaves Image Datasets\Datasets_Plant\Pomegranate\3028.jpg,Pomegranate,Pomegranate,whole_plant,train
C:\Users\hardi\Downloads\medicinal plants detection\dataset\Indian Medicinal Leaves Image Datasets\Datasets_Plant\Pomegranate\3072.jpg,Pomegranate,Pomegranate,whole_plant,train
C:\Users\hardi\Downloads\medicinal plants detection\dataset\Indian Medicinal Leaves Image Datasets\Datasets_Plant\Pomegranate\3039.jpg,Pomegranate,Pomegranate,whole_plant,train
C:\Users\hardi\Downloads\medicinal plants detection\dataset\Indian Medicinal Leaves Image Datasets\Datasets_Plant\Pomegranate\3040.jpg,Pomegranate,Pomegranate,whole_plant,train
C:\Users\hardi\Downloads\medicinal plants detection\dataset\Indian Medicinal Leaves Image Datasets\Datasets_Plant\Pomegranate\221.jpg,Pomegranate,Pomegranate,whole_plant,val
C:\Users\hardi\Downloads\medicinal plants detection\dataset\Indian Medicinal Leaves Image Datasets\Datasets_Plant\Pomegranate\3043.jpg,Pomegranate,Pomegranate,whole_plant,val
C:\Users\hardi\Downloads\medicinal plants detection\dataset\Indian Medicinal Leaves Image Datasets\Datasets_Plant\Pomegranate\220.jpg,Pomegranate,Pomegranate,whole_plant,val
C:\Users\hardi\Downloads\medicinal plants detection\dataset\Indian Medicinal Leaves Image Datasets\Datasets_Plant\Pomegranate\3008.jpg,Pomegranate,Pomegranate,whole_plant,val
C:\Users\hardi\Downloads\medicinal plants detection\dataset\Indian Medicinal Leaves Image Datasets\Datasets_Plant\Pomegranate\3104.jpg,Pomegranate,Pomegranate,whole_plant,val
C:\Users\hardi\Downloads\medicinal plants detection\dataset\Indian Medicinal Leaves Image Datasets\Datasets_Plant\Pomegranate\3110.jpg,Pomegranate,Pomegranate,whole_plant,val
C:\Users\hardi\Downloads\medicinal plants detection\dataset\Indian Medicinal Leaves Image Datasets\Datasets_Plant\Pomegranate\3022.jpg,Pomegranate,Pomegranate,whole_plant,val
C:\Users\hardi\Downloads\medicinal plants detection\dataset\Indian Medicinal Leaves Image Datasets\Datasets_Plant\Pomegranate\3014.jpg,Pomegranate,Pomegranate,whole_plant,val
C:\Users\hardi\Downloads\medicinal plants detection\dataset\Indian Medicinal Leaves Image Datasets\Datasets_Plant\Pomegranate\3115.jpg,Pomegranate,Pomegranate,whole_plant,val
C:\Users\hardi\Downloads\medicinal plants detection\dataset\Indian Medicinal Leaves Image Datasets\Datasets_Plant\Pomegranate\3038.jpg,Pomegranate,Pomegranate,whole_plant,val
C:\Users\hardi\Downloads\medicinal plants detection\dataset\Indian Medicinal Leaves Image Datasets\Datasets_Plant\Pomegranate\3049.jpg,Pomegranate,Pomegranate,whole_plant,val
C:\Users\hardi\Downloads\medicinal plants detection\dataset\Indian Medicinal Leaves Image Datasets\Datasets_Plant\Pomegranate\3121.jpg,Pomegranate,Pomegranate,whole_plant,val
C:\Users\hardi\Downloads\medicinal plants detection\dataset\Indian Medicinal Leaves Image Datasets\Datasets_Plant\Pomegranate\3015.jpg,Pomegranate,Pomegranate,whole_plant,val
C:\Users\hardi\Downloads\medicinal plants detection\dataset\Indian Medicinal Leaves Image Datasets\Datasets_Plant\Pomegranate\3113.jpg,Pomegranate,Pomegranate,whole_plant,val
C:\Users\hardi\Downloads\medicinal plants detection\dataset\Indian Medicinal Leaves Image Datasets\Datasets_Plant\Pomegranate\3092.jpg,Pomegranate,Pomegranate,whole_plant,val
C:\Users\hardi\Downloads\medicinal plants detection\dataset\Indian Medicinal Leaves Image Datasets\Datasets_Plant\Pomegranate\209.jpg,Pomegranate,Pomegranate,whole_plant,val
C:\Users\hardi\Downloads\medicinal plants detection\dataset\Indian Medicinal Leaves Image Datasets\Datasets_Plant\Pomegranate\3107.jpg,Pomegranate,Pomegranate,whole_plant,val
C:\Users\hardi\Downloads\medicinal plants detection\dataset\Indian Medicinal Leaves Image Datasets\Datasets_Plant\Pomegranate\3098.jpg,Pomegranate,Pomegranate,whole_plant,val
C:\Users\hardi\Downloads\medicinal plants detection\dataset\Indian Medicinal Leaves Image Datasets\Datasets_Plant\Pomegranate\736.jpg,Pomegranate,Pomegranate,whole_plant,val
C:\Users\hardi\Downloads\medicinal plants detection\dataset\Indian Medicinal Leaves Image Datasets\Datasets_Plant\Pomegranate\3070.jpg,Pomegranate,Pomegranate,whole_plant,val
C:\Users\hardi\Downloads\medicinal plants detection\dataset\Indian Medicinal Leaves Image Datasets\Datasets_Plant\Pomegranate\737.jpg,Pomegranate,Pomegranate,whole_plant,val
C:\Users\hardi\Downloads\medicinal plants detection\dataset\Indian Medicinal Leaves Image Datasets\Datasets_Plant\Pomegranate\741.jpg,Pomegranate,Pomegranate,whole_plant,test
C:\Users\hardi\Downloads\medicinal plants detection\dataset\Indian Medicinal Leaves Image Datasets\Datasets_Plant\Pomegranate\3048.jpg,Pomegranate,Pomegranate,whole_plant,test
C:\Users\hardi\Downloads\medicinal plants detection\dataset\Indian Medicinal Leaves Image Datasets\Datasets_Plant\Pomegranate\3064.jpg,Pomegranate,Pomegranate,whole_plant,test
C:\Users\hardi\Downloads\medicinal plants detection\dataset\Indian Medicinal Leaves Image Datasets\Datasets_Plant\Pomegranate\3084.jpg,Pomegranate,Pomegranate,whole_plant,test
C:\Users\hardi\Downloads\medicinal plants detection\dataset\Indian Medicinal Leaves Image Datasets\Datasets_Plant\Pomegranate\3078.jpg,Pomegranate,Pomegranate,whole_plant,test
C:\Users\hardi\Downloads\medicinal plants detection\dataset\Indian Medicinal Leaves Image Datasets\Datasets_Plant\Pomegranate\3086.jpg,Pomegranate,Pomegranate,whole_plant,test
C:\Users\hardi\Downloads\medicinal plants detection\dataset\Indian Medicinal Leaves Image Datasets\Datasets_Plant\Pomegranate\3045.jpg,Pomegranate,Pomegranate,whole_plant,test
C:\Users\hardi\Downloads\medicinal plants detection\dataset\Indian Medicinal Leaves Image Datasets\Datasets_Plant\Pomegranate\740.jpg,Pomegranate,Pomegranate,whole_plant,test
C:\Users\hardi\Downloads\medicinal plants detection\dataset\Indian Medicinal Leaves Image Datasets\Datasets_Plant\Pomegranate\3054.jpg,Pomegranate,Pomegranate,whole_plant,test
C:\Users\hardi\Downloads\medicinal plants detection\dataset\Indian Medicinal Leaves Image Datasets\Datasets_Plant\Pomegranate\3050.jpg,Pomegranate,Pomegranate,whole_plant,test
C:\Users\hardi\Downloads\medicinal plants detection\dataset\Indian Medicinal Leaves Image Datasets\Datasets_Plant\Pomegranate\3018.jpg,Pomegranate,Pomegranate,whole_plant,test
C:\Users\hardi\Downloads\medicinal plants detection\dataset\Indian Medicinal Leaves Image Datasets\Datasets_Plant\Pomegranate\216.jpg,Pomegranate,Pomegranate,whole_plant,test
C:\Users\hardi\Downloads\medicinal plants detection\dataset\Indian Medicinal Leaves Image Datasets\Datasets_Plant\Pomegranate\217.jpg,Pomegranate,Pomegranate,whole_plant,test
C:\Users\hardi\Downloads\medicinal plants detection\dataset\Indian Medicinal Leaves Image Datasets\Datasets_Plant\Pomegranate\3103.jpg,Pomegranate,Pomegranate,whole_plant,test
C:\Users\hardi\Downloads\medicinal plants detection\dataset\Indian Medicinal Leaves Image Datasets\Datasets_Plant\Pomegranate\3017.jpg,Pomegranate,Pomegranate,whole_plant,test
C:\Users\hardi\Downloads\medicinal plants detection\dataset\Indian Medicinal Leaves Image Datasets\Datasets_Plant\Pomegranate\3021.jpg,Pomegranate,Pomegranate,whole_plant,test
C:\Users\hardi\Downloads\medicinal plants detection\dataset\Indian Medicinal Leaves Image Datasets\Datasets_Plant\Pomegranate\3030.jpg,Pomegranate,Pomegranate,whole_plant,test
C:\Users\hardi\Downloads\medicinal plants detection\dataset\Indian Medicinal Leaves Image Datasets\Datasets_Plant\Pomegranate\3052.jpg,Pomegranate,Pomegranate,whole_plant,test
C:\Users\hardi\Downloads\medicinal plants detection\dataset\Indian Medicinal Leaves Image Datasets\Datasets_Plant\Pomegranate\3057.jpg,Pomegranate,Pomegranate,whole_plant,test
C:\Users\hardi\Downloads\medicinal plants detection\dataset\Indian Medicinal Leaves Image Datasets\Datasets_Plant\Pomegranate\3065.jpg,Pomegranate,Pomegranate,whole_plant,test
C:\Users\hardi\Downloads\medicinal plants detection\dataset\Indian Medicinal Leaves Image Datasets\Datasets_Plant\Pomegranate\215.jpg,Pomegranate,Pomegranate,whole_plant,test
C:\Users\hardi\Downloads\medicinal plants detection\dataset\Indian Medicinal Leaves Image Datasets\Datasets_Plant\Pomegranate\3023.jpg,Pomegranate,Pomegranate,whole_plant,test
C:\Users\hardi\Downloads\medicinal plants detection\dataset\Indian Medicinal Leaves Image Datasets\Datasets_Plant\Raktachandini\5938.jpg,Raktachandini,Raktachandini,whole_plant,train
C:\Users\hardi\Downloads\medicinal plants detection\dataset\Indian Medicinal Leaves Image Datasets\Datasets_Plant\Raktachandini\513.jpg,Raktachandini,Raktachandini,whole_plant,train
C:\Users\hardi\Downloads\medicinal plants detection\dataset\Indian Medicinal Leaves Image Datasets\Datasets_Plant\Raktachandini\5882.jpg,Raktachandini,Raktachandini,whole_plant,train
C:\Users\hardi\Downloads\medicinal plants detection\dataset\Indian Medicinal Leaves Image Datasets\Datasets_Plant\Raktachandini\5851.jpg,Raktachandini,Raktachandini,whole_plant,train
C:\Users\hardi\Downloads\medicinal plants detection\dataset\Indian Medicinal Leaves Image Datasets\Datasets_Plant\Raktachandini\5874.jpg,Raktachandini,Raktachandini,whole_plant,train
C:\Users\hardi\Downloads\medicinal plants detection\dataset\Indian Medicinal Leaves Image Datasets\Datasets_Plant\Raktachandini\5913.jpg,Raktachandini,Raktachandini,whole_plant,train
C:\Users\hardi\Downloads\medicinal plants detection\dataset\Indian Medicinal Leaves Image Datasets\Datasets_Plant\Raktachandini\5930.jpg,Raktachandini,Raktachandini,whole_plant,train
C:\Users\hardi\Downloads\medicinal plants detection\dataset\Indian Medicinal Leaves Image Datasets\Datasets_Plant\Raktachandini\5830.jpg,Raktachandini,Raktachandini,whole_plant,train
C:\Users\hardi\Downloads\medicinal plants detection\dataset\Indian Medicinal Leaves Image Datasets\Datasets_Plant\Raktachandini\5934.jpg,Raktachandini,Raktachandini,whole_plant,train
C:\Users\hardi\Downloads\medicinal plants detection\dataset\Indian Medicinal Leaves Image Datasets\Datasets_Plant\Raktachandini\5921.jpg,Raktachandini,Raktachandini,whole_plant,train
C:\Users\hardi\Downloads\medicinal plants detection\dataset\Indian Medicinal Leaves Image Datasets\Datasets_Plant\Raktachandini\5872.jpg,Raktachandini,Raktachandini,whole_plant,train
C:\Users\hardi\Downloads\medicinal plants detection\dataset\Indian Medicinal Leaves Image Datasets\Datasets_Plant\Raktachandini\5869.jpg,Raktachandini,Raktachandini,whole_plant,train
C:\Users\hardi\Downloads\medicinal plants detection\dataset\Indian Medicinal Leaves Image Datasets\Datasets_Plant\Raktachandini\5942.jpg,Raktachandini,Raktachandini,whole_plant,train
C:\Users\hardi\Downloads\medicinal plants detection\dataset\Indian Medicinal Leaves Image Datasets\Datasets_Plant\Raktachandini\5838.jpg,Raktachandini,Raktachandini,whole_plant,train
C:\Users\hardi\Downloads\medicinal plants detection\dataset\Indian Medicinal Leaves Image Datasets\Datasets_Plant\Raktachandini\5883.jpg,Raktachandini,Raktachandini,whole_plant,train
C:\Users\hardi\Downloads\medicinal plants detection\dataset\Indian Medicinal Leaves Image Datasets\Datasets_Plant\Raktachandini\5832.jpg,Raktachandini,Raktachandini,whole_plant,train
C:\Users\hardi\Downloads\medicinal plants detection\dataset\Indian Medicinal Leaves Image Datasets\Datasets_Plant\Raktachandini\5892.jpg,Raktachandini,Raktachandini,whole_plant,train
C:\Users\hardi\Downloads\medicinal plants detection\dataset\Indian Medicinal Leaves Image Datasets\Datasets_Plant\Raktachandini\5861.jpg,Raktachandini,Raktachandini,whole_plant,train
C:\Users\hardi\Downloads\medicinal plants detection\dataset\Indian Medicinal Leaves Image Datasets\Datasets_Plant\Raktachandini\5842.jpg,Raktachandini,Raktachandini,whole_plant,train
C:\Users\hardi\Downloads\medicinal plants detection\dataset\Indian Medicinal Leaves Image Datasets\Datasets_Plant\Raktachandini\5886.jpg,Raktachandini,Raktachandini,whole_plant,train
C:\Users\hardi\Downloads\medicinal plants detection\dataset\Indian Medicinal Leaves Image Datasets\Datasets_Plant\Raktachandini\5926.jpg,Raktachandini,Raktachandini,whole_plant,train
C:\Users\hardi\Downloads\medicinal plants detection\dataset\Indian Medicinal Leaves Image Datasets\Datasets_Plant\Raktachandini\5945.jpg,Raktachandini,Raktachandini,whole_plant,train
C:\Users\hardi\Downloads\medicinal plants detection\dataset\Indian Medicinal Leaves Image Datasets\Datasets_Plant\Raktachandini\5852.jpg,Raktachandini,Raktachandini,whole_plant,train
C:\Users\hardi\Downloads\medicinal plants detection\dataset\Indian Medicinal Leaves Image Datasets\Datasets_Plant\Raktachandini\1029.jpg,Raktachandini,Raktachandini,whole_plant,train
C:\Users\hardi\Downloads\medicinal plants detection\dataset\Indian Medicinal Leaves Image Datasets\Datasets_Plant\Raktachandini\5888.jpg,Raktachandini,Raktachandini,whole_plant,train
C:\Users\hardi\Downloads\medicinal plants detection\dataset\Indian Medicinal Leaves Image Datasets\Datasets_Plant\Raktachandini\5931.jpg,Raktachandini,Raktachandini,whole_plant,train
C:\Users\hardi\Downloads\medicinal plants detection\dataset\Indian Medicinal Leaves Image Datasets\Datasets_Plant\Raktachandini\5863.jpg,Raktachandini,Raktachandini,whole_plant,train
C:\Users\hardi\Downloads\medicinal plants detection\dataset\Indian Medicinal Leaves Image Datasets\Datasets_Plant\Raktachandini\5902.jpg,Raktachandini,Raktachandini,whole_plant,train
C:\Users\hardi\Downloads\medicinal plants detection\dataset\Indian Medicinal Leaves Image Datasets\Datasets_Plant\Raktachandini\5876.jpg,Raktachandini,Raktachandini,whole_plant,train
C:\Users\hardi\Downloads\medicinal plants detection\dataset\Indian Medicinal Leaves Image Datasets\Datasets_Plant\Raktachandini\5935.jpg,Raktachandini,Raktachandini,whole_plant,train
C:\Users\hardi\Downloads\medicinal plants detection\dataset\Indian Medicinal Leaves Image Datasets\Datasets_Plant\Raktachandini\5937.jpg,Raktachandini,Raktachandini,whole_plant,train
C:\Users\hardi\Downloads\medicinal plants detection\dataset\Indian Medicinal Leaves Image Datasets\Datasets_Plant\Raktachandini\5839.jpg,Raktachandini,Raktachandini,whole_plant,train
C:\Users\hardi\Downloads\medicinal plants detection\dataset\Indian Medicinal Leaves Image Datasets\Datasets_Plant\Raktachandini\5912.jpg,Raktachandini,Raktachandini,whole_plant,train
C:\Users\hardi\Downloads\medicinal plants detection\dataset\Indian Medicinal Leaves Image Datasets\Datasets_Plant\Raktachandini\5860.jpg,Raktachandini,Raktachandini,whole_plant,train
C:\Users\hardi\Downloads\medicinal plants detection\dataset\Indian Medicinal Leaves Image Datasets\Datasets_Plant\Raktachandini\5922.jpg,Raktachandini,Raktachandini,whole_plant,train
C:\Users\hardi\Downloads\medicinal plants detection\dataset\Indian Medicinal Leaves Image Datasets\Datasets_Plant\Raktachandini\5887.jpg,Raktachandini,Raktachandini,whole_plant,train
C:\Users\hardi\Downloads\medicinal plants detection\dataset\Indian Medicinal Leaves Image Datasets\Datasets_Plant\Raktachandini\511.jpg,Raktachandini,Raktachandini,whole_plant,train
C:\Users\hardi\Downloads\medicinal plants detection\dataset\Indian Medicinal Leaves Image Datasets\Datasets_Plant\Raktachandini\5894.jpg,Raktachandini,Raktachandini,whole_plant,train
C:\Users\hardi\Downloads\medicinal plants detection\dataset\Indian Medicinal Leaves Image Datasets\Datasets_Plant\Raktachandini\5881.jpg,Raktachandini,Raktachandini,whole_plant,train
C:\Users\hardi\Downloads\medicinal plants detection\dataset\Indian Medicinal Leaves Image Datasets\Datasets_Plant\Raktachandini\5864.jpg,Raktachandini,Raktachandini,whole_plant,train
C:\Users\hardi\Downloads\medicinal plants detection\dataset\Indian Medicinal Leaves Image Datasets\Datasets_Plant\Raktachandini\5867.jpg,Raktachandini,Raktachandini,whole_plant,train
C:\Users\hardi\Downloads\medicinal plants detection\dataset\Indian Medicinal Leaves Image Datasets\Datasets_Plant\Raktachandini\5841.jpg,Raktachandini,Raktachandini,whole_plant,train
C:\Users\hardi\Downloads\medicinal plants detection\dataset\Indian Medicinal Leaves Image Datasets\Datasets_Plant\Raktachandini\5917.jpg,Raktachandini,Raktachandini,whole_plant,train
C:\Users\hardi\Downloads\medicinal plants detection\dataset\Indian Medicinal Leaves Image Datasets\Datasets_Plant\Raktachandini\5933.jpg,Raktachandini,Raktachandini,whole_plant,train
C:\Users\hardi\Downloads\medicinal plants detection\dataset\Indian Medicinal Leaves Image Datasets\Datasets_Plant\Raktachandini\5836.jpg,Raktachandini,Raktachandini,whole_plant,train
C:\Users\hardi\Downloads\medicinal plants detection\dataset\Indian Medicinal Leaves Image Datasets\Datasets_Plant\Raktachandini\5909.jpg,Raktachandini,Raktachandini,whole_plant,train
C:\Users\hardi\Downloads\medicinal plants detection\dataset\Indian Medicinal Leaves Image Datasets\Datasets_Plant\Raktachandini\1032.jpg,Raktachandini,Raktachandini,whole_plant,train
C:\Users\hardi\Downloads\medicinal plants detection\dataset\Indian Medicinal Leaves Image Datasets\Datasets_Plant\Raktachandini\512.jpg,Raktachandini,Raktachandini,whole_plant,train
C:\Users\hardi\Downloads\medicinal plants detection\dataset\Indian Medicinal Leaves Image Datasets\Datasets_Plant\Raktachandini\520.jpg,Raktachandini,Raktachandini,whole_plant,train
C:\Users\hardi\Downloads\medicinal plants detection\dataset\Indian Medicinal Leaves Image Datasets\Datasets_Plant\Raktachandini\5927.jpg,Raktachandini,Raktachandini,whole_plant,train
C:\Users\hardi\Downloads\medicinal plants detection\dataset\Indian Medicinal Leaves Image Datasets\Datasets_Plant\Raktachandini\1030.jpg,Raktachandini,Raktachandini,whole_plant,train
C:\Users\hardi\Downloads\medicinal plants detection\dataset\Indian Medicinal Leaves Image Datasets\Datasets_Plant\Raktachandini\5919.jpg,Raktachandini,Raktachandini,whole_plant,train
C:\Users\hardi\Downloads\medicinal plants detection\dataset\Indian Medicinal Leaves Image Datasets\Datasets_Plant\Raktachandini\1031.jpg,Raktachandini,Raktachandini,whole_plant,train
C:\Users\hardi\Downloads\medicinal plants detection\dataset\Indian Medicinal Leaves Image Datasets\Datasets_Plant\Raktachandini\5916.jpg,Raktachandini,Raktachandini,whole_plant,train
C:\Users\hardi\Downloads\medicinal plants detection\dataset\Indian Medicinal Leaves Image Datasets\Datasets_Plant\Raktachandini\5849.jpg,Raktachandini,Raktachandini,whole_plant,train
C:\Users\hardi\Downloads\medicinal plants detection\dataset\Indian Medicinal Leaves Image Datasets\Datasets_Plant\Raktachandini\5853.jpg,Raktachandini,Raktachandini,whole_plant,train
C:\Users\hardi\Downloads\medicinal plants detection\dataset\Indian Medicinal Leaves Image Datasets\Datasets_Plant\Raktachandini\5866.jpg,Raktachandini,Raktachandini,whole_plant,train
C:\Users\hardi\Downloads\medicinal plants detection\dataset\Indian Medicinal Leaves Image Datasets\Datasets_Plant\Raktachandini\5910.jpg,Raktachandini,Raktachandini,whole_plant,train
C:\Users\hardi\Downloads\medicinal plants detection\dataset\Indian Medicinal Leaves Image Datasets\Datasets_Plant\Raktachandini\509.jpg,Raktachandini,Raktachandini,whole_plant,train
C:\Users\hardi\Downloads\medicinal plants detection\dataset\Indian Medicinal Leaves Image Datasets\Datasets_Plant\Raktachandini\5878.jpg,Raktachandini,Raktachandini,whole_plant,train
C:\Users\hardi\Downloads\medicinal plants detection\dataset\Indian Medicinal Leaves Image Datasets\Datasets_Plant\Raktachandini\5904.jpg,Raktachandini,Raktachandini,whole_plant,train
C:\Users\hardi\Downloads\medicinal plants detection\dataset\Indian Medicinal Leaves Image Datasets\Datasets_Plant\Raktachandini\5840.jpg,Raktachandini,Raktachandini,whole_plant,train
C:\Users\hardi\Downloads\medicinal plants detection\dataset\Indian Medicinal Leaves Image Datasets\Datasets_Plant\Raktachandini\5865.jpg,Raktachandini,Raktachandini,whole_plant,train
C:\Users\hardi\Downloads\medicinal plants detection\dataset\Indian Medicinal Leaves Image Datasets\Datasets_Plant\Raktachandini\5871.jpg,Raktachandini,Raktachandini,whole_plant,train
C:\Users\hardi\Downloads\medicinal plants detection\dataset\Indian Medicinal Leaves Image Datasets\Datasets_Plant\Raktachandini\5891.jpg,Raktachandini,Raktachandini,whole_plant,train
C:\Users\hardi\Downloads\medicinal plants detection\dataset\Indian Medicinal Leaves Image Datasets\Datasets_Plant\Raktachandini\5932.jpg,Raktachandini,Raktachandini,whole_plant,train
C:\Users\hardi\Downloads\medicinal plants detection\dataset\Indian Medicinal Leaves Image Datasets\Datasets_Plant\Raktachandini\5925.jpg,Raktachandini,Raktachandini,whole_plant,train
C:\Users\hardi\Downloads\medicinal plants detection\dataset\Indian Medicinal Leaves Image Datasets\Datasets_Plant\Raktachandini\5831.jpg,Raktachandini,Raktachandini,whole_plant,train
C:\Users\hardi\Downloads\medicinal plants detection\dataset\Indian Medicinal Leaves Image Datasets\Datasets_Plant\Raktachandini\5898.jpg,Raktachandini,Raktachandini,whole_plant,train
C:\Users\hardi\Downloads\medicinal plants detection\dataset\Indian Medicinal Leaves Image Datasets\Datasets_Plant\Raktachandini\516.jpg,Raktachandini,Raktachandini,whole_plant,train
C:\Users\hardi\Downloads\medicinal plants detection\dataset\Indian Medicinal Leaves Image Datasets\Datasets_Plant\Raktachandini\1037.jpg,Raktachandini,Raktachandini,whole_plant,train
C:\Users\hardi\Downloads\medicinal plants detection\dataset\Indian Medicinal Leaves Image Datasets\Datasets_Plant\Raktachandini\5834.jpg,Raktachandini,Raktachandini,whole_plant,train
C:\Users\hardi\Downloads\medicinal plants detection\dataset\Indian Medicinal Leaves Image Datasets\Datasets_Plant\Raktachandini\5939.jpg,Raktachandini,Raktachandini,whole_plant,train
C:\Users\hardi\Downloads\medicinal plants detection\dataset\Indian Medicinal Leaves Image Datasets\Datasets_Plant\Raktachandini\5905.jpg,Raktachandini,Raktachandini,whole_plant,train
C:\Users\hardi\Downloads\medicinal plants detection\dataset\Indian Medicinal Leaves Image Datasets\Datasets_Plant\Raktachandini\5847.jpg,Raktachandini,Raktachandini,whole_plant,train
C:\Users\hardi\Downloads\medicinal plants detection\dataset\Indian Medicinal Leaves Image Datasets\Datasets_Plant\Raktachandini\5918.jpg,Raktachandini,Raktachandini,whole_plant,train
C:\Users\hardi\Downloads\medicinal plants detection\dataset\Indian Medicinal Leaves Image Datasets\Datasets_Plant\Raktachandini\5890.jpg,Raktachandini,Raktachandini,whole_plant,train
C:\Users\hardi\Downloads\medicinal plants detection\dataset\Indian Medicinal Leaves Image Datasets\Datasets_Plant\Raktachandini\5899.jpg,Raktachandini,Raktachandini,whole_plant,train
C:\Users\hardi\Downloads\medicinal plants detection\dataset\Indian Medicinal Leaves Image Datasets\Datasets_Plant\Raktachandini\5914.jpg,Raktachandini,Raktachandini,whole_plant,train
C:\Users\hardi\Downloads\medicinal plants detection\dataset\Indian Medicinal Leaves Image Datasets\Datasets_Plant\Raktachandini\5896.jpg,Raktachandini,Raktachandini,whole_plant,train
C:\Users\hardi\Downloads\medicinal plants detection\dataset\Indian Medicinal Leaves Image Datasets\Datasets_Plant\Raktachandini\5906.jpg,Raktachandini,Raktachandini,whole_plant,train
C:\Users\hardi\Downloads\medicinal plants detection\dataset\Indian Medicinal Leaves Image Datasets\Datasets_Plant\Raktachandini\5885.jpg,Raktachandini,Raktachandini,whole_plant,train
C:\Users\hardi\Downloads\medicinal plants detection\dataset\Indian Medicinal Leaves Image Datasets\Datasets_Plant\Raktachandini\5895.jpg,Raktachandini,Raktachandini,whole_plant,train
C:\Users\hardi\Downloads\medicinal plants detection\dataset\Indian Medicinal Leaves Image Datasets\Datasets_Plant\Raktachandini\5900.jpg,Raktachandini,Raktachandini,whole_plant,train
C:\Users\hardi\Downloads\medicinal plants detection\dataset\Indian Medicinal Leaves Image Datasets\Datasets_Plant\Raktachandini\5829.jpg,Raktachandini,Raktachandini,whole_plant,train
C:\Users\hardi\Downloads\medicinal plants detection\dataset\Indian Medicinal Leaves Image Datasets\Datasets_Plant\Raktachandini\5884.jpg,Raktachandini,Raktachandini,whole_plant,train
C:\Users\hardi\Downloads\medicinal plants detection\dataset\Indian Medicinal Leaves Image Datasets\Datasets_Plant\Raktachandini\5901.jpg,Raktachandini,Raktachandini,whole_plant,train
C:\Users\hardi\Downloads\medicinal plants detection\dataset\Indian Medicinal Leaves Image Datasets\Datasets_Plant\Raktachandini\5936.jpg,Raktachandini,Raktachandini,whole_plant,train
C:\Users\hardi\Downloads\medicinal plants detection\dataset\Indian Medicinal Leaves Image Datasets\Datasets_Plant\Raktachandini\519.jpg,Raktachandini,Raktachandini,whole_plant,train
C:\Users\hardi\Downloads\medicinal plants detection\dataset\Indian Medicinal Leaves Image Datasets\Datasets_Plant\Raktachandini\5873.jpg,Raktachandini,Raktachandini,whole_plant,train
C:\Users\hardi\Downloads\medicinal plants detection\dataset\Indian Medicinal Leaves Image Datasets\Datasets_Plant\Raktachandini\5846.jpg,Raktachandini,Raktachandini,whole_plant,train
C:\Users\hardi\Downloads\medicinal plants detection\dataset\Indian Medicinal Leaves Image Datasets\Datasets_Plant\Raktachandini\5879.jpg,Raktachandini,Raktachandini,whole_plant,train
C:\Users\hardi\Downloads\medicinal plants detection\dataset\Indian Medicinal Leaves Image Datasets\Datasets_Plant\Raktachandini\5880.jpg,Raktachandini,Raktachandini,whole_plant,train
C:\Users\hardi\Downloads\medicinal plants detection\dataset\Indian Medicinal Leaves Image Datasets\Datasets_Plant\Raktachandini\5837.jpg,Raktachandini,Raktachandini,whole_plant,train
C:\Users\hardi\Downloads\medicinal plants detection\dataset\Indian Medicinal Leaves Image Datasets\Datasets_Plant\Raktachandini\5943.jpg,Raktachandini,Raktachandini,whole_plant,train
C:\Users\hardi\Downloads\medicinal plants detection\dataset\Indian Medicinal Leaves Image Datasets\Datasets_Plant\Raktachandini\1038.jpg,Raktachandini,Raktachandini,whole_plant,train
C:\Users\hardi\Downloads\medicinal plants detection\dataset\Indian Medicinal Leaves Image Datasets\Datasets_Plant\Raktachandini\5928.jpg,Raktachandini,Raktachandini,whole_plant,train
C:\Users\hardi\Downloads\medicinal plants detection\dataset\Indian Medicinal Leaves Image Datasets\Datasets_Plant\Raktachandini\510.jpg,Raktachandini,Raktachandini,whole_plant,train
C:\Users\hardi\Downloads\medicinal plants detection\dataset\Indian Medicinal Leaves Image Datasets\Datasets_Plant\Raktachandini\5868.jpg,Raktachandini,Raktachandini,whole_plant,train
C:\Users\hardi\Downloads\medicinal plants detection\dataset\Indian Medicinal Leaves Image Datasets\Datasets_Plant\Raktachandini\5858.jpg,Raktachandini,Raktachandini,whole_plant,train
C:\Users\hardi\Downloads\medicinal plants detection\dataset\Indian Medicinal Leaves Image Datasets\Datasets_Plant\Raktachandini\5893.jpg,Raktachandini,Raktachandini,whole_plant,train
C:\Users\hardi\Downloads\medicinal plants detection\dataset\Indian Medicinal Leaves Image Datasets\Datasets_Plant\Raktachandini\1033.jpg,Raktachandini,Raktachandini,whole_plant,train
C:\Users\hardi\Downloads\medicinal plants detection\dataset\Indian Medicinal Leaves Image Datasets\Datasets_Plant\Raktachandini\5833.jpg,Raktachandini,Raktachandini,whole_plant,val
C:\Users\hardi\Downloads\medicinal plants detection\dataset\Indian Medicinal Leaves Image Datasets\Datasets_Plant\Raktachandini\5877.jpg,Raktachandini,Raktachandini,whole_plant,val
C:\Users\hardi\Downloads\medicinal plants detection\dataset\Indian Medicinal Leaves Image Datasets\Datasets_Plant\Raktachandini\5844.jpg,Raktachandini,Raktachandini,whole_plant,val
C:\Users\hardi\Downloads\medicinal plants detection\dataset\Indian Medicinal Leaves Image Datasets\Datasets_Plant\Raktachandini\5845.jpg,Raktachandini,Raktachandini,whole_plant,val
C:\Users\hardi\Downloads\medicinal plants detection\dataset\Indian Medicinal Leaves Image Datasets\Datasets_Plant\Raktachandini\1040.jpg,Raktachandini,Raktachandini,whole_plant,val
C:\Users\hardi\Downloads\medicinal plants detection\dataset\Indian Medicinal Leaves Image Datasets\Datasets_Plant\Raktachandini\5848.jpg,Raktachandini,Raktachandini,whole_plant,val
C:\Users\hardi\Downloads\medicinal plants detection\dataset\Indian Medicinal Leaves Image Datasets\Datasets_Plant\Raktachandini\1039.jpg,Raktachandini,Raktachandini,whole_plant,val
C:\Users\hardi\Downloads\medicinal plants detection\dataset\Indian Medicinal Leaves Image Datasets\Datasets_Plant\Raktachandini\508.jpg,Raktachandini,Raktachandini,whole_plant,val
C:\Users\hardi\Downloads\medicinal plants detection\dataset\Indian Medicinal Leaves Image Datasets\Datasets_Plant\Raktachandini\5915.jpg,Raktachandini,Raktachandini,whole_plant,val
C:\Users\hardi\Downloads\medicinal plants detection\dataset\Indian Medicinal Leaves Image Datasets\Datasets_Plant\Raktachandini\5920.jpg,Raktachandini,Raktachandini,whole_plant,val
C:\Users\hardi\Downloads\medicinal plants detection\dataset\Indian Medicinal Leaves Image Datasets\Datasets_Plant\Raktachandini\5827.jpg,Raktachandini,Raktachandini,whole_plant,val
C:\Users\hardi\Downloads\medicinal plants detection\dataset\Indian Medicinal Leaves Image Datasets\Datasets_Plant\Raktachandini\514.jpg,Raktachandini,Raktachandini,whole_plant,val
C:\Users\hardi\Downloads\medicinal plants detection\dataset\Indian Medicinal Leaves Image Datasets\Datasets_Plant\Raktachandini\5924.jpg,Raktachandini,Raktachandini,whole_plant,val
C:\Users\hardi\Downloads\medicinal plants detection\dataset\Indian Medicinal Leaves Image Datasets\Datasets_Plant\Raktachandini\5843.jpg,Raktachandini,Raktachandini,whole_plant,val
C:\Users\hardi\Downloads\medicinal plants detection\dataset\Indian Medicinal Leaves Image Datasets\Datasets_Plant\Raktachandini\5854.jpg,Raktachandini,Raktachandini,whole_plant,val
C:\Users\hardi\Downloads\medicinal plants detection\dataset\Indian Medicinal Leaves Image Datasets\Datasets_Plant\Raktachandini\5889.jpg,Raktachandini,Raktachandini,whole_plant,val
C:\Users\hardi\Downloads\medicinal plants detection\dataset\Indian Medicinal Leaves Image Datasets\Datasets_Plant\Raktachandini\515.jpg,Raktachandini,Raktachandini,whole_plant,val
C:\Users\hardi\Downloads\medicinal plants detection\dataset\Indian Medicinal Leaves Image Datasets\Datasets_Plant\Raktachandini\5923.jpg,Raktachandini,Raktachandini,whole_plant,val
C:\Users\hardi\Downloads\medicinal plants detection\dataset\Indian Medicinal Leaves Image Datasets\Datasets_Plant\Raktachandini\5897.jpg,Raktachandini,Raktachandini,whole_plant,val
C:\Users\hardi\Downloads\medicinal plants detection\dataset\Indian Medicinal Leaves Image Datasets\Datasets_Plant\Raktachandini\1028.jpg,Raktachandini,Raktachandini,whole_plant,val
C:\Users\hardi\Downloads\medicinal plants detection\dataset\Indian Medicinal Leaves Image Datasets\Datasets_Plant\Raktachandini\5911.jpg,Raktachandini,Raktachandini,whole_plant,val
C:\Users\hardi\Downloads\medicinal plants detection\dataset\Indian Medicinal Leaves Image Datasets\Datasets_Plant\Raktachandini\5903.jpg,Raktachandini,Raktachandini,whole_plant,test
C:\Users\hardi\Downloads\medicinal plants detection\dataset\Indian Medicinal Leaves Image Datasets\Datasets_Plant\Raktachandini\5940.jpg,Raktachandini,Raktachandini,whole_plant,test
C:\Users\hardi\Downloads\medicinal plants detection\dataset\Indian Medicinal Leaves Image Datasets\Datasets_Plant\Raktachandini\5875.jpg,Raktachandini,Raktachandini,whole_plant,test
C:\Users\hardi\Downloads\medicinal plants detection\dataset\Indian Medicinal Leaves Image Datasets\Datasets_Plant\Raktachandini\5941.jpg,Raktachandini,Raktachandini,whole_plant,test
C:\Users\hardi\Downloads\medicinal plants detection\dataset\Indian Medicinal Leaves Image Datasets\Datasets_Plant\Raktachandini\5856.jpg,Raktachandini,Raktachandini,whole_plant,test
C:\Users\hardi\Downloads\medicinal plants detection\dataset\Indian Medicinal Leaves Image Datasets\Datasets_Plant\Raktachandini\5907.jpg,Raktachandini,Raktachandini,whole_plant,test
C:\Users\hardi\Downloads\medicinal plants detection\dataset\Indian Medicinal Leaves Image Datasets\Datasets_Plant\Raktachandini\5850.jpg,Raktachandini,Raktachandini,whole_plant,test
C:\Users\hardi\Downloads\medicinal plants detection\dataset\Indian Medicinal Leaves Image Datasets\Datasets_Plant\Raktachandini\5944.jpg,Raktachandini,Raktachandini,whole_plant,test
C:\Users\hardi\Downloads\medicinal plants detection\dataset\Indian Medicinal Leaves Image Datasets\Datasets_Plant\Raktachandini\5929.jpg,Raktachandini,Raktachandini,whole_plant,test
C:\Users\hardi\Downloads\medicinal plants detection\dataset\Indian Medicinal Leaves Image Datasets\Datasets_Plant\Raktachandini\5859.jpg,Raktachandini,Raktachandini,whole_plant,test
C:\Users\hardi\Downloads\medicinal plants detection\dataset\Indian Medicinal Leaves Image Datasets\Datasets_Plant\Raktachandini\5855.jpg,Raktachandini,Raktachandini,whole_plant,test
C:\Users\hardi\Downloads\medicinal plants detection\dataset\Indian Medicinal Leaves Image Datasets\Datasets_Plant\Raktachandini\518.jpg,Raktachandini,Raktachandini,whole_plant,test
C:\Users\hardi\Downloads\medicinal plants detection\dataset\Indian Medicinal Leaves Image Datasets\Datasets_Plant\Raktachandini\1035.jpg,Raktachandini,Raktachandini,whole_plant,test
C:\Users\hardi\Downloads\medicinal plants detection\dataset\Indian Medicinal Leaves Image Datasets\Datasets_Plant\Raktachandini\1036.jpg,Raktachandini,Raktachandini,whole_plant,test
C:\Users\hardi\Downloads\medicinal plants detection\dataset\Indian Medicinal Leaves Image Datasets\Datasets_Plant\Raktachandini\5908.jpg,Raktachandini,Raktachandini,whole_plant,test
C:\Users\hardi\Downloads\medicinal plants detection\dataset\Indian Medicinal Leaves Image Datasets\Datasets_Plant\Raktachandini\517.jpg,Raktachandini,Raktachandini,whole_plant,test
C:\Users\hardi\Downloads\medicinal plants detection\dataset\Indian Medicinal Leaves Image Datasets\Datasets_Plant\Raktachandini\5826.jpg,Raktachandini,Raktachandini,whole_plant,test
C:\Users\hardi\Downloads\medicinal plants detection\dataset\Indian Medicinal Leaves Image Datasets\Datasets_Plant\Raktachandini\5835.jpg,Raktachandini,Raktachandini,whole_plant,test
C:\Users\hardi\Downloads\medicinal plants detection\dataset\Indian Medicinal Leaves Image Datasets\Datasets_Plant\Raktachandini\5857.jpg,Raktachandini,Raktachandini,whole_plant,test
C:\Users\hardi\Downloads\medicinal plants detection\dataset\Indian Medicinal Leaves Image Datasets\Datasets_Plant\Raktachandini\5862.jpg,Raktachandini,Raktachandini,whole_plant,test
C:\Users\hardi\Downloads\medicinal plants detection\dataset\Indian Medicinal Leaves Image Datasets\Datasets_Plant\Raktachandini\5870.jpg,Raktachandini,Raktachandini,whole_plant,test
C:\Users\hardi\Downloads\medicinal plants detection\dataset\Indian Medicinal Leaves Image Datasets\Datasets_Plant\Raktachandini\1034.jpg,Raktachandini,Raktachandini,whole_plant,test
C:\Users\hardi\Downloads\medicinal plants detection\dataset\Indian Medicinal Leaves Image Datasets\Datasets_Plant\Raktachandini\5828.jpg,Raktachandini,Raktachandini,whole_plant,test
C:\Users\hardi\Downloads\medicinal plants detection\dataset\Indian Medicinal Leaves Image Datasets\Datasets_Plant\Rose\1913.jpg,Rose,Rose,whole_plant,train
C:\Users\hardi\Downloads\medicinal plants detection\dataset\Indian Medicinal Leaves Image Datasets\Datasets_Plant\Rose\2008.jpg,Rose,Rose,whole_plant,train
C:\Users\hardi\Downloads\medicinal plants detection\dataset\Indian Medicinal Leaves Image Datasets\Datasets_Plant\Rose\1973.jpg,Rose,Rose,whole_plant,train
C:\Users\hardi\Downloads\medicinal plants detection\dataset\Indian Medicinal Leaves Image Datasets\Datasets_Plant\Rose\1947.jpg,Rose,Rose,whole_plant,train
C:\Users\hardi\Downloads\medicinal plants detection\dataset\Indian Medicinal Leaves Image Datasets\Datasets_Plant\Rose\2041.jpg,Rose,Rose,whole_plant,train
C:\Users\hardi\Downloads\medicinal plants detection\dataset\Indian Medicinal Leaves Image Datasets\Datasets_Plant\Rose\1939.jpg,Rose,Rose,whole_plant,train
C:\Users\hardi\Downloads\medicinal plants detection\dataset\Indian Medicinal Leaves Image Datasets\Datasets_Plant\Rose\614.jpg,Rose,Rose,whole_plant,train
C:\Users\hardi\Downloads\medicinal plants detection\dataset\Indian Medicinal Leaves Image Datasets\Datasets_Plant\Rose\2036.jpg,Rose,Rose,whole_plant,train
C:\Users\hardi\Downloads\medicinal plants detection\dataset\Indian Medicinal Leaves Image Datasets\Datasets_Plant\Rose\2031.jpg,Rose,Rose,whole_plant,train
C:\Users\hardi\Downloads\medicinal plants detection\dataset\Indian Medicinal Leaves Image Datasets\Datasets_Plant\Rose\1969.jpg,Rose,Rose,whole_plant,train
C:\Users\hardi\Downloads\medicinal plants detection\dataset\Indian Medicinal Leaves Image Datasets\Datasets_Plant\Rose\1933.jpg,Rose,Rose,whole_plant,train
C:\Users\hardi\Downloads\medicinal plants detection\dataset\Indian Medicinal Leaves Image Datasets\Datasets_Plant\Rose\1906.jpg,Rose,Rose,whole_plant,train
C:\Users\hardi\Downloads\medicinal plants detection\dataset\Indian Medicinal Leaves Image Datasets\Datasets_Plant\Rose\1937.jpg,Rose,Rose,whole_plant,train
C:\Users\hardi\Downloads\medicinal plants detection\dataset\Indian Medicinal Leaves Image Datasets\Datasets_Plant\Rose\612.jpg,Rose,Rose,whole_plant,train
C:\Users\hardi\Downloads\medicinal plants detection\dataset\Indian Medicinal Leaves Image Datasets\Datasets_Plant\Rose\102.jpg,Rose,Rose,whole_plant,train
C:\Users\hardi\Downloads\medicinal plants detection\dataset\Indian Medicinal Leaves Image Datasets\Datasets_Plant\Rose\1908.jpg,Rose,Rose,whole_plant,train
C:\Users\hardi\Downloads\medicinal plants detection\dataset\Indian Medicinal Leaves Image Datasets\Datasets_Plant\Rose\1944.jpg,Rose,Rose,whole_plant,train
C:\Users\hardi\Downloads\medicinal plants detection\dataset\Indian Medicinal Leaves Image Datasets\Datasets_Plant\Rose\623.jpg,Rose,Rose,whole_plant,train
C:\Users\hardi\Downloads\medicinal plants detection\dataset\Indian Medicinal Leaves Image Datasets\Datasets_Plant\Rose\1928.jpg,Rose,Rose,whole_plant,train
C:\Users\hardi\Downloads\medicinal plants detection\dataset\Indian Medicinal Leaves Image Datasets\Datasets_Plant\Rose\1938.jpg,Rose,Rose,whole_plant,train
C:\Users\hardi\Downloads\medicinal plants detection\dataset\Indian Medicinal Leaves Image Datasets\Datasets_Plant\Rose\2004.jpg,Rose,Rose,whole_plant,train
C:\Users\hardi\Downloads\medicinal plants detection\dataset\Indian Medicinal Leaves Image Datasets\Datasets_Plant\Rose\1931.jpg,Rose,Rose,whole_plant,train
C:\Users\hardi\Downloads\medicinal plants detection\dataset\Indian Medicinal Leaves Image Datasets\Datasets_Plant\Rose\2029.jpg,Rose,Rose,whole_plant,train
C:\Users\hardi\Downloads\medicinal plants detection\dataset\Indian Medicinal Leaves Image Datasets\Datasets_Plant\Rose\100.jpg,Rose,Rose,whole_plant,train
C:\Users\hardi\Downloads\medicinal plants detection\dataset\Indian Medicinal Leaves Image Datasets\Datasets_Plant\Rose\1912.jpg,Rose,Rose,whole_plant,train
C:\Users\hardi\Downloads\medicinal plants detection\dataset\Indian Medicinal Leaves Image Datasets\Datasets_Plant\Rose\1959.jpg,Rose,Rose,whole_plant,train
C:\Users\hardi\Downloads\medicinal plants detection\dataset\Indian Medicinal Leaves Image Datasets\Datasets_Plant\Rose\2000.jpg,Rose,Rose,whole_plant,train
C:\Users\hardi\Downloads\medicinal plants detection\dataset\Indian Medicinal Leaves Image Datasets\Datasets_Plant\Rose\94.jpg,Rose,Rose,whole_plant,train
C:\Users\hardi\Downloads\medicinal plants detection\dataset\Indian Medicinal Leaves Image Datasets\Datasets_Plant\Rose\1914.jpg,Rose,Rose,whole_plant,train
C:\Users\hardi\Downloads\medicinal plants detection\dataset\Indian Medicinal Leaves Image Datasets\Datasets_Plant\Rose\1925.jpg,Rose,Rose,whole_plant,train
C:\Users\hardi\Downloads\medicinal plants detection\dataset\Indian Medicinal Leaves Image Datasets\Datasets_Plant\Rose\1994.jpg,Rose,Rose,whole_plant,train
C:\Users\hardi\Downloads\medicinal plants detection\dataset\Indian Medicinal Leaves Image Datasets\Datasets_Plant\Rose\2012.jpg,Rose,Rose,whole_plant,train
C:\Users\hardi\Downloads\medicinal plants detection\dataset\Indian Medicinal Leaves Image Datasets\Datasets_Plant\Rose\615.jpg,Rose,Rose,whole_plant,train
C:\Users\hardi\Downloads\medicinal plants detection\dataset\Indian Medicinal Leaves Image Datasets\Datasets_Plant\Rose\1996.jpg,Rose,Rose,whole_plant,train
C:\Users\hardi\Downloads\medicinal plants detection\dataset\Indian Medicinal Leaves Image Datasets\Datasets_Plant\Rose\2030.jpg,Rose,Rose,whole_plant,train
C:\Users\hardi\Downloads\medicinal plants detection\dataset\Indian Medicinal Leaves Image Datasets\Datasets_Plant\Rose\1967.jpg,Rose,Rose,whole_plant,train
C:\Users\hardi\Downloads\medicinal plants detection\dataset\Indian Medicinal Leaves Image Datasets\Datasets_Plant\Rose\103.jpg,Rose,Rose,whole_plant,train
C:\Users\hardi\Downloads\medicinal plants detection\dataset\Indian Medicinal Leaves Image Datasets\Datasets_Plant\Rose\2010.jpg,Rose,Rose,whole_plant,train
C:\Users\hardi\Downloads\medicinal plants detection\dataset\Indian Medicinal Leaves Image Datasets\Datasets_Plant\Rose\1956.jpg,Rose,Rose,whole_plant,train
C:\Users\hardi\Downloads\medicinal plants detection\dataset\Indian Medicinal Leaves Image Datasets\Datasets_Plant\Rose\1927.jpg,Rose,Rose,whole_plant,train
C:\Users\hardi\Downloads\medicinal plants detection\dataset\Indian Medicinal Leaves Image Datasets\Datasets_Plant\Rose\1948.jpg,Rose,Rose,whole_plant,train
C:\Users\hardi\Downloads\medicinal plants detection\dataset\Indian Medicinal Leaves Image Datasets\Datasets_Plant\Rose\1909.jpg,Rose,Rose,whole_plant,train
C:\Users\hardi\Downloads\medicinal plants detection\dataset\Indian Medicinal Leaves Image Datasets\Datasets_Plant\Rose\2027.jpg,Rose,Rose,whole_plant,train
C:\Users\hardi\Downloads\medicinal plants detection\dataset\Indian Medicinal Leaves Image Datasets\Datasets_Plant\Rose\1955.jpg,Rose,Rose,whole_plant,train
C:\Users\hardi\Downloads\medicinal plants detection\dataset\Indian Medicinal Leaves Image Datasets\Datasets_Plant\Rose\1989.jpg,Rose,Rose,whole_plant,train
C:\Users\hardi\Downloads\medicinal plants detection\dataset\Indian Medicinal Leaves Image Datasets\Datasets_Plant\Rose\1958.jpg,Rose,Rose,whole_plant,train
C:\Users\hardi\Downloads\medicinal plants detection\dataset\Indian Medicinal Leaves Image Datasets\Datasets_Plant\Rose\1997.jpg,Rose,Rose,whole_plant,train
C:\Users\hardi\Downloads\medicinal plants detection\dataset\Indian Medicinal Leaves Image Datasets\Datasets_Plant\Rose\1978.jpg,Rose,Rose,whole_plant,train
C:\Users\hardi\Downloads\medicinal plants detection\dataset\Indian Medicinal Leaves Image Datasets\Datasets_Plant\Rose\1949.jpg,Rose,Rose,whole_plant,train
C:\Users\hardi\Downloads\medicinal plants detection\dataset\Indian Medicinal Leaves Image Datasets\Datasets_Plant\Rose\2022.jpg,Rose,Rose,whole_plant,train
C:\Users\hardi\Downloads\medicinal plants detection\dataset\Indian Medicinal Leaves Image Datasets\Datasets_Plant\Rose\2026.jpg,Rose,Rose,whole_plant,train
C:\Users\hardi\Downloads\medicinal plants detection\dataset\Indian Medicinal Leaves Image Datasets\Datasets_Plant\Rose\1987.jpg,Rose,Rose,whole_plant,train
C:\Users\hardi\Downloads\medicinal plants detection\dataset\Indian Medicinal Leaves Image Datasets\Datasets_Plant\Rose\2016.jpg,Rose,Rose,whole_plant,train
C:\Users\hardi\Downloads\medicinal plants detection\dataset\Indian Medicinal Leaves Image Datasets\Datasets_Plant\Rose\1961.jpg,Rose,Rose,whole_plant,train
C:\Users\hardi\Downloads\medicinal plants detection\dataset\Indian Medicinal Leaves Image Datasets\Datasets_Plant\Rose\1911.jpg,Rose,Rose,whole_plant,train
C:\Users\hardi\Downloads\medicinal plants detection\dataset\Indian Medicinal Leaves Image Datasets\Datasets_Plant\Rose\1984.jpg,Rose,Rose,whole_plant,train
C:\Users\hardi\Downloads\medicinal plants detection\dataset\Indian Medicinal Leaves Image Datasets\Datasets_Plant\Rose\1970.jpg,Rose,Rose,whole_plant,train
C:\Users\hardi\Downloads\medicinal plants detection\dataset\Indian Medicinal Leaves Image Datasets\Datasets_Plant\Rose\99.jpg,Rose,Rose,whole_plant,train
C:\Users\hardi\Downloads\medicinal plants detection\dataset\Indian Medicinal Leaves Image Datasets\Datasets_Plant\Rose\1991.jpg,Rose,Rose,whole_plant,train
C:\Users\hardi\Downloads\medicinal plants detection\dataset\Indian Medicinal Leaves Image Datasets\Datasets_Plant\Rose\2039.jpg,Rose,Rose,whole_plant,train
C:\Users\hardi\Downloads\medicinal plants detection\dataset\Indian Medicinal Leaves Image Datasets\Datasets_Plant\Rose\1920.jpg,Rose,Rose,whole_plant,train
C:\Users\hardi\Downloads\medicinal plants detection\dataset\Indian Medicinal Leaves Image Datasets\Datasets_Plant\Rose\613.jpg,Rose,Rose,whole_plant,train
C:\Users\hardi\Downloads\medicinal plants detection\dataset\Indian Medicinal Leaves Image Datasets\Datasets_Plant\Rose\2007.jpg,Rose,Rose,whole_plant,train
C:\Users\hardi\Downloads\medicinal plants detection\dataset\Indian Medicinal Leaves Image Datasets\Datasets_Plant\Rose\1960.jpg,Rose,Rose,whole_plant,train
C:\Users\hardi\Downloads\medicinal plants detection\dataset\Indian Medicinal Leaves Image Datasets\Datasets_Plant\Rose\1964.jpg,Rose,Rose,whole_plant,train
C:\Users\hardi\Downloads\medicinal plants detection\dataset\Indian Medicinal Leaves Image Datasets\Datasets_Plant\Rose\1922.jpg,Rose,Rose,whole_plant,train
C:\Users\hardi\Downloads\medicinal plants detection\dataset\Indian Medicinal Leaves Image Datasets\Datasets_Plant\Rose\2040.jpg,Rose,Rose,whole_plant,train
C:\Users\hardi\Downloads\medicinal plants detection\dataset\Indian Medicinal Leaves Image Datasets\Datasets_Plant\Rose\1971.jpg,Rose,Rose,whole_plant,train
C:\Users\hardi\Downloads\medicinal plants detection\dataset\Indian Medicinal Leaves Image Datasets\Datasets_Plant\Rose\1946.jpg,Rose,Rose,whole_plant,train
C:\Users\hardi\Downloads\medicinal plants detection\dataset\Indian Medicinal Leaves Image Datasets\Datasets_Plant\Rose\2035.jpg,Rose,Rose,whole_plant,train
C:\Users\hardi\Downloads\medicinal plants detection\dataset\Indian Medicinal Leaves Image Datasets\Datasets_Plant\Rose\104.jpg,Rose,Rose,whole_plant,train
C:\Users\hardi\Downloads\medicinal plants detection\dataset\Indian Medicinal Leaves Image Datasets\Datasets_Plant\Rose\1995.jpg,Rose,Rose,whole_plant,train
C:\Users\hardi\Downloads\medicinal plants detection\dataset\Indian Medicinal Leaves Image Datasets\Datasets_Plant\Rose\619.jpg,Rose,Rose,whole_plant,train
C:\Users\hardi\Downloads\medicinal plants detection\dataset\Indian Medicinal Leaves Image Datasets\Datasets_Plant\Rose\1936.jpg,Rose,Rose,whole_plant,train
C:\Users\hardi\Downloads\medicinal plants detection\dataset\Indian Medicinal Leaves Image Datasets\Datasets_Plant\Rose\98.jpg,Rose,Rose,whole_plant,train
C:\Users\hardi\Downloads\medicinal plants detection\dataset\Indian Medicinal Leaves Image Datasets\Datasets_Plant\Rose\2032.jpg,Rose,Rose,whole_plant,train
C:\Users\hardi\Downloads\medicinal plants detection\dataset\Indian Medicinal Leaves Image Datasets\Datasets_Plant\Rose\2023.jpg,Rose,Rose,whole_plant,train
C:\Users\hardi\Downloads\medicinal plants detection\dataset\Indian Medicinal Leaves Image Datasets\Datasets_Plant\Rose\2021.jpg,Rose,Rose,whole_plant,train
C:\Users\hardi\Downloads\medicinal plants detection\dataset\Indian Medicinal Leaves Image Datasets\Datasets_Plant\Rose\622.jpg,Rose,Rose,whole_plant,train
C:\Users\hardi\Downloads\medicinal plants detection\dataset\Indian Medicinal Leaves Image Datasets\Datasets_Plant\Rose\2019.jpg,Rose,Rose,whole_plant,train
C:\Users\hardi\Downloads\medicinal plants detection\dataset\Indian Medicinal Leaves Image Datasets\Datasets_Plant\Rose\1926.jpg,Rose,Rose,whole_plant,train
C:\Users\hardi\Downloads\medicinal plants detection\dataset\Indian Medicinal Leaves Image Datasets\Datasets_Plant\Rose\2017.jpg,Rose,Rose,whole_plant,train
C:\Users\hardi\Downloads\medicinal plants detection\dataset\Indian Medicinal Leaves Image Datasets\Datasets_Plant\Rose\1916.jpg,Rose,Rose,whole_plant,train
C:\Users\hardi\Downloads\medicinal plants detection\dataset\Indian Medicinal Leaves Image Datasets\Datasets_Plant\Rose\1990.jpg,Rose,Rose,whole_plant,train
C:\Users\hardi\Downloads\medicinal plants detection\dataset\Indian Medicinal Leaves Image Datasets\Datasets_Plant\Rose\1972.jpg,Rose,Rose,whole_plant,train
C:\Users\hardi\Downloads\medicinal plants detection\dataset\Indian Medicinal Leaves Image Datasets\Datasets_Plant\Rose\1904.jpg,Rose,Rose,whole_plant,train
C:\Users\hardi\Downloads\medicinal plants detection\dataset\Indian Medicinal Leaves Image Datasets\Datasets_Plant\Rose\1977.jpg,Rose,Rose,whole_plant,train
C:\Users\hardi\Downloads\medicinal plants detection\dataset\Indian Medicinal Leaves Image Datasets\Datasets_Plant\Rose\2033.jpg,Rose,Rose,whole_plant,train
C:\Users\hardi\Downloads\medicinal plants detection\dataset\Indian Medicinal Leaves Image Datasets\Datasets_Plant\Rose\1929.jpg,Rose,Rose,whole_plant,train
C:\Users\hardi\Downloads\medicinal plants detection\dataset\Indian Medicinal Leaves Image Datasets\Datasets_Plant\Rose\1980.jpg,Rose,Rose,whole_plant,train
C:\Users\hardi\Downloads\medicinal plants detection\dataset\Indian Medicinal Leaves Image Datasets\Datasets_Plant\Rose\2028.jpg,Rose,Rose,whole_plant,train
C:\Users\hardi\Downloads\medicinal plants detection\dataset\Indian Medicinal Leaves Image Datasets\Datasets_Plant\Rose\1940.jpg,Rose,Rose,whole_plant,train
C:\Users\hardi\Downloads\medicinal plants detection\dataset\Indian Medicinal Leaves Image Datasets\Datasets_Plant\Rose\1942.jpg,Rose,Rose,whole_plant,train
C:\Users\hardi\Downloads\medicinal plants detection\dataset\Indian Medicinal Leaves Image Datasets\Datasets_Plant\Rose\1915.jpg,Rose,Rose,whole_plant,train
C:\Users\hardi\Downloads\medicinal plants detection\dataset\Indian Medicinal Leaves Image Datasets\Datasets_Plant\Rose\2006.jpg,Rose,Rose,whole_plant,train
C:\Users\hardi\Downloads\medicinal plants detection\dataset\Indian Medicinal Leaves Image Datasets\Datasets_Plant\Rose\1976.jpg,Rose,Rose,whole_plant,train
C:\Users\hardi\Downloads\medicinal plants detection\dataset\Indian Medicinal Leaves Image Datasets\Datasets_Plant\Rose\2018.jpg,Rose,Rose,whole_plant,train
C:\Users\hardi\Downloads\medicinal plants detection\dataset\Indian Medicinal Leaves Image Datasets\Datasets_Plant\Rose\93.jpg,Rose,Rose,whole_plant,train
C:\Users\hardi\Downloads\medicinal plants detection\dataset\Indian Medicinal Leaves Image Datasets\Datasets_Plant\Rose\2014.jpg,Rose,Rose,whole_plant,train
C:\Users\hardi\Downloads\medicinal plants detection\dataset\Indian Medicinal Leaves Image Datasets\Datasets_Plant\Rose\1907.jpg,Rose,Rose,whole_plant,train
C:\Users\hardi\Downloads\medicinal plants detection\dataset\Indian Medicinal Leaves Image Datasets\Datasets_Plant\Rose\1999.jpg,Rose,Rose,whole_plant,train
C:\Users\hardi\Downloads\medicinal plants detection\dataset\Indian Medicinal Leaves Image Datasets\Datasets_Plant\Rose\2015.jpg,Rose,Rose,whole_plant,train
C:\Users\hardi\Downloads\medicinal plants detection\dataset\Indian Medicinal Leaves Image Datasets\Datasets_Plant\Rose\2011.jpg,Rose,Rose,whole_plant,train
C:\Users\hardi\Downloads\medicinal plants detection\dataset\Indian Medicinal Leaves Image Datasets\Datasets_Plant\Rose\1993.jpg,Rose,Rose,whole_plant,train
C:\Users\hardi\Downloads\medicinal plants detection\dataset\Indian Medicinal Leaves Image Datasets\Datasets_Plant\Rose\1924.jpg,Rose,Rose,whole_plant,train
C:\Users\hardi\Downloads\medicinal plants detection\dataset\Indian Medicinal Leaves Image Datasets\Datasets_Plant\Rose\1979.jpg,Rose,Rose,whole_plant,train
C:\Users\hardi\Downloads\medicinal plants detection\dataset\Indian Medicinal Leaves Image Datasets\Datasets_Plant\Rose\2020.jpg,Rose,Rose,whole_plant,train
C:\Users\hardi\Downloads\medicinal plants detection\dataset\Indian Medicinal Leaves Image Datasets\Datasets_Plant\Rose\620.jpg,Rose,Rose,whole_plant,train
C:\Users\hardi\Downloads\medicinal plants detection\dataset\Indian Medicinal Leaves Image Datasets\Datasets_Plant\Rose\1985.jpg,Rose,Rose,whole_plant,train
C:\Users\hardi\Downloads\medicinal plants detection\dataset\Indian Medicinal Leaves Image Datasets\Datasets_Plant\Rose\2025.jpg,Rose,Rose,whole_plant,train
C:\Users\hardi\Downloads\medicinal plants detection\dataset\Indian Medicinal Leaves Image Datasets\Datasets_Plant\Rose\1968.jpg,Rose,Rose,whole_plant,train
C:\Users\hardi\Downloads\medicinal plants detection\dataset\Indian Medicinal Leaves Image Datasets\Datasets_Plant\Rose\1941.jpg,Rose,Rose,whole_plant,train
C:\Users\hardi\Downloads\medicinal plants detection\dataset\Indian Medicinal Leaves Image Datasets\Datasets_Plant\Rose\2005.jpg,Rose,Rose,whole_plant,train
C:\Users\hardi\Downloads\medicinal plants detection\dataset\Indian Medicinal Leaves Image Datasets\Datasets_Plant\Rose\1974.jpg,Rose,Rose,whole_plant,train
C:\Users\hardi\Downloads\medicinal plants detection\dataset\Indian Medicinal Leaves Image Datasets\Datasets_Plant\Rose\1975.jpg,Rose,Rose,whole_plant,train
C:\Users\hardi\Downloads\medicinal plants detection\dataset\Indian Medicinal Leaves Image Datasets\Datasets_Plant\Rose\2001.jpg,Rose,Rose,whole_plant,train
C:\Users\hardi\Downloads\medicinal plants detection\dataset\Indian Medicinal Leaves Image Datasets\Datasets_Plant\Rose\1932.jpg,Rose,Rose,whole_plant,train
C:\Users\hardi\Downloads\medicinal plants detection\dataset\Indian Medicinal Leaves Image Datasets\Datasets_Plant\Rose\96.jpg,Rose,Rose,whole_plant,val
C:\Users\hardi\Downloads\medicinal plants detection\dataset\Indian Medicinal Leaves Image Datasets\Datasets_Plant\Rose\1905.jpg,Rose,Rose,whole_plant,val
C:\Users\hardi\Downloads\medicinal plants detection\dataset\Indian Medicinal Leaves Image Datasets\Datasets_Plant\Rose\1943.jpg,Rose,Rose,whole_plant,val
C:\Users\hardi\Downloads\medicinal plants detection\dataset\Indian Medicinal Leaves Image Datasets\Datasets_Plant\Rose\2013.jpg,Rose,Rose,whole_plant,val
C:\Users\hardi\Downloads\medicinal plants detection\dataset\Indian Medicinal Leaves Image Datasets\Datasets_Plant\Rose\1910.jpg,Rose,Rose,whole_plant,val
C:\Users\hardi\Downloads\medicinal plants detection\dataset\Indian Medicinal Leaves Image Datasets\Datasets_Plant\Rose\1963.jpg,Rose,Rose,whole_plant,val
C:\Users\hardi\Downloads\medicinal plants detection\dataset\Indian Medicinal Leaves Image Datasets\Datasets_Plant\Rose\1953.jpg,Rose,Rose,whole_plant,val
C:\Users\hardi\Downloads\medicinal plants detection\dataset\Indian Medicinal Leaves Image Datasets\Datasets_Plant\Rose\1988.jpg,Rose,Rose,whole_plant,val
C:\Users\hardi\Downloads\medicinal plants detection\dataset\Indian Medicinal Leaves Image Datasets\Datasets_Plant\Rose\1900.jpg,Rose,Rose,whole_plant,val
C:\Users\hardi\Downloads\medicinal plants detection\dataset\Indian Medicinal Leaves Image Datasets\Datasets_Plant\Rose\1998.jpg,Rose,Rose,whole_plant,val
C:\Users\hardi\Downloads\medicinal plants detection\dataset\Indian Medicinal Leaves Image Datasets\Datasets_Plant\Rose\1962.jpg,Rose,Rose,whole_plant,val
C:\Users\hardi\Downloads\medicinal plants detection\dataset\Indian Medicinal Leaves Image Datasets\Datasets_Plant\Rose\1983.jpg,Rose,Rose,whole_plant,val
C:\Users\hardi\Downloads\medicinal plants detection\dataset\Indian Medicinal Leaves Image Datasets\Datasets_Plant\Rose\1986.jpg,Rose,Rose,whole_plant,val
C:\Users\hardi\Downloads\medicinal plants detection\dataset\Indian Medicinal Leaves Image Datasets\Datasets_Plant\Rose\1919.jpg,Rose,Rose,whole_plant,val
C:\Users\hardi\Downloads\medicinal plants detection\dataset\Indian Medicinal Leaves Image Datasets\Datasets_Plant\Rose\1992.jpg,Rose,Rose,whole_plant,val
C:\Users\hardi\Downloads\medicinal plants detection\dataset\Indian Medicinal Leaves Image Datasets\Datasets_Plant\Rose\618.jpg,Rose,Rose,whole_plant,val
C:\Users\hardi\Downloads\medicinal plants detection\dataset\Indian Medicinal Leaves Image Datasets\Datasets_Plant\Rose\92.jpg,Rose,Rose,whole_plant,val
C:\Users\hardi\Downloads\medicinal plants detection\dataset\Indian Medicinal Leaves Image Datasets\Datasets_Plant\Rose\1981.jpg,Rose,Rose,whole_plant,val
C:\Users\hardi\Downloads\medicinal plants detection\dataset\Indian Medicinal Leaves Image Datasets\Datasets_Plant\Rose\617.jpg,Rose,Rose,whole_plant,val
C:\Users\hardi\Downloads\medicinal plants detection\dataset\Indian Medicinal Leaves Image Datasets\Datasets_Plant\Rose\1934.jpg,Rose,Rose,whole_plant,val
C:\Users\hardi\Downloads\medicinal plants detection\dataset\Indian Medicinal Leaves Image Datasets\Datasets_Plant\Rose\2037.jpg,Rose,Rose,whole_plant,val
C:\Users\hardi\Downloads\medicinal plants detection\dataset\Indian Medicinal Leaves Image Datasets\Datasets_Plant\Rose\1982.jpg,Rose,Rose,whole_plant,val
C:\Users\hardi\Downloads\medicinal plants detection\dataset\Indian Medicinal Leaves Image Datasets\Datasets_Plant\Rose\621.jpg,Rose,Rose,whole_plant,val
C:\Users\hardi\Downloads\medicinal plants detection\dataset\Indian Medicinal Leaves Image Datasets\Datasets_Plant\Rose\1935.jpg,Rose,Rose,whole_plant,val
C:\Users\hardi\Downloads\medicinal plants detection\dataset\Indian Medicinal Leaves Image Datasets\Datasets_Plant\Rose\101.jpg,Rose,Rose,whole_plant,val
C:\Users\hardi\Downloads\medicinal plants detection\dataset\Indian Medicinal Leaves Image Datasets\Datasets_Plant\Rose\1966.jpg,Rose,Rose,whole_plant,test
C:\Users\hardi\Downloads\medicinal plants detection\dataset\Indian Medicinal Leaves Image Datasets\Datasets_Plant\Rose\2009.jpg,Rose,Rose,whole_plant,test
C:\Users\hardi\Downloads\medicinal plants detection\dataset\Indian Medicinal Leaves Image Datasets\Datasets_Plant\Rose\1951.jpg,Rose,Rose,whole_plant,test
C:\Users\hardi\Downloads\medicinal plants detection\dataset\Indian Medicinal Leaves Image Datasets\Datasets_Plant\Rose\2002.jpg,Rose,Rose,whole_plant,test
C:\Users\hardi\Downloads\medicinal plants detection\dataset\Indian Medicinal Leaves Image Datasets\Datasets_Plant\Rose\624.jpg,Rose,Rose,whole_plant,test
C:\Users\hardi\Downloads\medicinal plants detection\dataset\Indian Medicinal Leaves Image Datasets\Datasets_Plant\Rose\1945.jpg,Rose,Rose,whole_plant,test
C:\Users\hardi\Downloads\medicinal plants detection\dataset\Indian Medicinal Leaves Image Datasets\Datasets_Plant\Rose\2038.jpg,Rose,Rose,whole_plant,test
C:\Users\hardi\Downloads\medicinal plants detection\dataset\Indian Medicinal Leaves Image Datasets\Datasets_Plant\Rose\97.jpg,Rose,Rose,whole_plant,test
C:\Users\hardi\Downloads\medicinal plants detection\dataset\Indian Medicinal Leaves Image Datasets\Datasets_Plant\Rose\2024.jpg,Rose,Rose,whole_plant,test
C:\Users\hardi\Downloads\medicinal plants detection\dataset\Indian Medicinal Leaves Image Datasets\Datasets_Plant\Rose\1954.jpg,Rose,Rose,whole_plant,test
C:\Users\hardi\Downloads\medicinal plants detection\dataset\Indian Medicinal Leaves Image Datasets\Datasets_Plant\Rose\1950.jpg,Rose,Rose,whole_plant,test
C:\Users\hardi\Downloads\medicinal plants detection\dataset\Indian Medicinal Leaves Image Datasets\Datasets_Plant\Rose\1918.jpg,Rose,Rose,whole_plant,test
C:\Users\hardi\Downloads\medicinal plants detection\dataset\Indian Medicinal Leaves Image Datasets\Datasets_Plant\Rose\1902.jpg,Rose,Rose,whole_plant,test
C:\Users\hardi\Downloads\medicinal plants detection\dataset\Indian Medicinal Leaves Image Datasets\Datasets_Plant\Rose\1903.jpg,Rose,Rose,whole_plant,test
C:\Users\hardi\Downloads\medicinal plants detection\dataset\Indian Medicinal Leaves Image Datasets\Datasets_Plant\Rose\2003.jpg,Rose,Rose,whole_plant,test
C:\Users\hardi\Downloads\medicinal plants detection\dataset\Indian Medicinal Leaves Image Datasets\Datasets_Plant\Rose\616.jpg,Rose,Rose,whole_plant,test
C:\Users\hardi\Downloads\medicinal plants detection\dataset\Indian Medicinal Leaves Image Datasets\Datasets_Plant\Rose\1917.jpg,Rose,Rose,whole_plant,test
C:\Users\hardi\Downloads\medicinal plants detection\dataset\Indian Medicinal Leaves Image Datasets\Datasets_Plant\Rose\2034.jpg,Rose,Rose,whole_plant,test
C:\Users\hardi\Downloads\medicinal plants detection\dataset\Indian Medicinal Leaves Image Datasets\Datasets_Plant\Rose\1921.jpg,Rose,Rose,whole_plant,test
C:\Users\hardi\Downloads\medicinal plants detection\dataset\Indian Medicinal Leaves Image Datasets\Datasets_Plant\Rose\1930.jpg,Rose,Rose,whole_plant,test
C:\Users\hardi\Downloads\medicinal plants detection\dataset\Indian Medicinal Leaves Image Datasets\Datasets_Plant\Rose\1952.jpg,Rose,Rose,whole_plant,test
C:\Users\hardi\Downloads\medicinal plants detection\dataset\Indian Medicinal Leaves Image Datasets\Datasets_Plant\Rose\1957.jpg,Rose,Rose,whole_plant,test
C:\Users\hardi\Downloads\medicinal plants detection\dataset\Indian Medicinal Leaves Image Datasets\Datasets_Plant\Rose\1965.jpg,Rose,Rose,whole_plant,test
C:\Users\hardi\Downloads\medicinal plants detection\dataset\Indian Medicinal Leaves Image Datasets\Datasets_Plant\Rose\1901.jpg,Rose,Rose,whole_plant,test
C:\Users\hardi\Downloads\medicinal plants detection\dataset\Indian Medicinal Leaves Image Datasets\Datasets_Plant\Rose\1923.jpg,Rose,Rose,whole_plant,test
C:\Users\hardi\Downloads\medicinal plants detection\dataset\Indian Medicinal Leaves Image Datasets\Datasets_Plant\Rose\95.jpg,Rose,Rose,whole_plant,test
C:\Users\hardi\Downloads\medicinal plants detection\dataset\Indian Medicinal Leaves Image Datasets\Datasets_Plant\Sapota\585.jpg,Sapota,Sapota,whole_plant,train
C:\Users\hardi\Downloads\medicinal plants detection\dataset\Indian Medicinal Leaves Image Datasets\Datasets_Plant\Sapota\1558.jpg,Sapota,Sapota,whole_plant,train
C:\Users\hardi\Downloads\medicinal plants detection\dataset\Indian Medicinal Leaves Image Datasets\Datasets_Plant\Sapota\1622.jpg,Sapota,Sapota,whole_plant,train
C:\Users\hardi\Downloads\medicinal plants detection\dataset\Indian Medicinal Leaves Image Datasets\Datasets_Plant\Sapota\1591.jpg,Sapota,Sapota,whole_plant,train
C:\Users\hardi\Downloads\medicinal plants detection\dataset\Indian Medicinal Leaves Image Datasets\Datasets_Plant\Sapota\1614.jpg,Sapota,Sapota,whole_plant,train
C:\Users\hardi\Downloads\medicinal plants detection\dataset\Indian Medicinal Leaves Image Datasets\Datasets_Plant\Sapota\1653.jpg,Sapota,Sapota,whole_plant,train
C:\Users\hardi\Downloads\medicinal plants detection\dataset\Indian Medicinal Leaves Image Datasets\Datasets_Plant\Sapota\578.jpg,Sapota,Sapota,whole_plant,train
C:\Users\hardi\Downloads\medicinal plants detection\dataset\Indian Medicinal Leaves Image Datasets\Datasets_Plant\Sapota\1570.jpg,Sapota,Sapota,whole_plant,train
C:\Users\hardi\Downloads\medicinal plants detection\dataset\Indian Medicinal Leaves Image Datasets\Datasets_Plant\Sapota\581.jpg,Sapota,Sapota,whole_plant,train
C:\Users\hardi\Downloads\medicinal plants detection\dataset\Indian Medicinal Leaves Image Datasets\Datasets_Plant\Sapota\54.jpg,Sapota,Sapota,whole_plant,train
C:\Users\hardi\Downloads\medicinal plants detection\dataset\Indian Medicinal Leaves Image Datasets\Datasets_Plant\Sapota\1612.jpg,Sapota,Sapota,whole_plant,train
C:\Users\hardi\Downloads\medicinal plants detection\dataset\Indian Medicinal Leaves Image Datasets\Datasets_Plant\Sapota\1609.jpg,Sapota,Sapota,whole_plant,train
C:\Users\hardi\Downloads\medicinal plants detection\dataset\Indian Medicinal Leaves Image Datasets\Datasets_Plant\Sapota\62.jpg,Sapota,Sapota,whole_plant,train
C:\Users\hardi\Downloads\medicinal plants detection\dataset\Indian Medicinal Leaves Image Datasets\Datasets_Plant\Sapota\1578.jpg,Sapota,Sapota,whole_plant,train
C:\Users\hardi\Downloads\medicinal plants detection\dataset\Indian Medicinal Leaves Image Datasets\Datasets_Plant\Sapota\1623.jpg,Sapota,Sapota,whole_plant,train
C:\Users\hardi\Downloads\medicinal plants detection\dataset\Indian Medicinal Leaves Image Datasets\Datasets_Plant\Sapota\1572.jpg,Sapota,Sapota,whole_plant,train
C:\Users\hardi\Downloads\medicinal plants detection\dataset\Indian Medicinal Leaves Image Datasets\Datasets_Plant\Sapota\1632.jpg,Sapota,Sapota,whole_plant,train
C:\Users\hardi\Downloads\medicinal plants detection\dataset\Indian Medicinal Leaves Image Datasets\Datasets_Plant\Sapota\1601.jpg,Sapota,Sapota,whole_plant,train
C:\Users\hardi\Downloads\medicinal plants detection\dataset\Indian Medicinal Leaves Image Datasets\Datasets_Plant\Sapota\1582.jpg,Sapota,Sapota,whole_plant,train
C:\Users\hardi\Downloads\medicinal plants detection\dataset\Indian Medicinal Leaves Image Datasets\Datasets_Plant\Sapota\1626.jpg,Sapota,Sapota,whole_plant,train
C:\Users\hardi\Downloads\medicinal plants detection\dataset\Indian Medicinal Leaves Image Datasets\Datasets_Plant\Sapota\574.jpg,Sapota,Sapota,whole_plant,train
C:\Users\hardi\Downloads\medicinal plants detection\dataset\Indian Medicinal Leaves Image Datasets\Datasets_Plant\Sapota\65.jpg,Sapota,Sapota,whole_plant,train
C:\Users\hardi\Downloads\medicinal plants detection\dataset\Indian Medicinal Leaves Image Datasets\Datasets_Plant\Sapota\1592.jpg,Sapota,Sapota,whole_plant,train
C:\Users\hardi\Downloads\medicinal plants detection\dataset\Indian Medicinal Leaves Image Datasets\Datasets_Plant\Sapota\1541.jpg,Sapota,Sapota,whole_plant,train
C:\Users\hardi\Downloads\medicinal plants detection\dataset\Indian Medicinal Leaves Image Datasets\Datasets_Plant\Sapota\1628.jpg,Sapota,Sapota,whole_plant,train
C:\Users\hardi\Downloads\medicinal plants detection\dataset\Indian Medicinal Leaves Image Datasets\Datasets_Plant\Sapota\579.jpg,Sapota,Sapota,whole_plant,train
C:\Users\hardi\Downloads\medicinal plants detection\dataset\Indian Medicinal Leaves Image Datasets\Datasets_Plant\Sapota\1603.jpg,Sapota,Sapota,whole_plant,train
C:\Users\hardi\Downloads\medicinal plants detection\dataset\Indian Medicinal Leaves Image Datasets\Datasets_Plant\Sapota\1642.jpg,Sapota,Sapota,whole_plant,train
C:\Users\hardi\Downloads\medicinal plants detection\dataset\Indian Medicinal Leaves Image Datasets\Datasets_Plant\Sapota\1616.jpg,Sapota,Sapota,whole_plant,train
C:\Users\hardi\Downloads\medicinal plants detection\dataset\Indian Medicinal Leaves Image Datasets\Datasets_Plant\Sapota\582.jpg,Sapota,Sapota,whole_plant,train
C:\Users\hardi\Downloads\medicinal plants detection\dataset\Indian Medicinal Leaves Image Datasets\Datasets_Plant\Sapota\584.jpg,Sapota,Sapota,whole_plant,train
C:\Users\hardi\Downloads\medicinal plants detection\dataset\Indian Medicinal Leaves Image Datasets\Datasets_Plant\Sapota\1579.jpg,Sapota,Sapota,whole_plant,train
C:\Users\hardi\Downloads\medicinal plants detection\dataset\Indian Medicinal Leaves Image Datasets\Datasets_Plant\Sapota\1652.jpg,Sapota,Sapota,whole_plant,train
C:\Users\hardi\Downloads\medicinal plants detection\dataset\Indian Medicinal Leaves Image Datasets\Datasets_Plant\Sapota\1600.jpg,Sapota,Sapota,whole_plant,train
C:\Users\hardi\Downloads\medicinal plants detection\dataset\Indian Medicinal Leaves Image Datasets\Datasets_Plant\Sapota\55.jpg,Sapota,Sapota,whole_plant,train
C:\Users\hardi\Downloads\medicinal plants detection\dataset\Indian Medicinal Leaves Image Datasets\Datasets_Plant\Sapota\1627.jpg,Sapota,Sapota,whole_plant,train
C:\Users\hardi\Downloads\medicinal plants detection\dataset\Indian Medicinal Leaves Image Datasets\Datasets_Plant\Sapota\1556.jpg,Sapota,Sapota,whole_plant,train
C:\Users\hardi\Downloads\medicinal plants detection\dataset\Indian Medicinal Leaves Image Datasets\Datasets_Plant\Sapota\1634.jpg,Sapota,Sapota,whole_plant,train
C:\Users\hardi\Downloads\medicinal plants detection\dataset\Indian Medicinal Leaves Image Datasets\Datasets_Plant\Sapota\1621.jpg,Sapota,Sapota,whole_plant,train
C:\Users\hardi\Downloads\medicinal plants detection\dataset\Indian Medicinal Leaves Image Datasets\Datasets_Plant\Sapota\1604.jpg,Sapota,Sapota,whole_plant,train
C:\Users\hardi\Downloads\medicinal plants detection\dataset\Indian Medicinal Leaves Image Datasets\Datasets_Plant\Sapota\1607.jpg,Sapota,Sapota,whole_plant,train
C:\Users\hardi\Downloads\medicinal plants detection\dataset\Indian Medicinal Leaves Image Datasets\Datasets_Plant\Sapota\1581.jpg,Sapota,Sapota,whole_plant,train
C:\Users\hardi\Downloads\medicinal plants detection\dataset\Indian Medicinal Leaves Image Datasets\Datasets_Plant\Sapota\1657.jpg,Sapota,Sapota,whole_plant,train
C:\Users\hardi\Downloads\medicinal plants detection\dataset\Indian Medicinal Leaves Image Datasets\Datasets_Plant\Sapota\580.jpg,Sapota,Sapota,whole_plant,train
C:\Users\hardi\Downloads\medicinal plants detection\dataset\Indian Medicinal Leaves Image Datasets\Datasets_Plant\Sapota\1576.jpg,Sapota,Sapota,whole_plant,train
C:\Users\hardi\Downloads\medicinal plants detection\dataset\Indian Medicinal Leaves Image Datasets\Datasets_Plant\Sapota\1649.jpg,Sapota,Sapota,whole_plant,train
C:\Users\hardi\Downloads\medicinal plants detection\dataset\Indian Medicinal Leaves Image Datasets\Datasets_Plant\Sapota\1544.jpg,Sapota,Sapota,whole_plant,train
C:\Users\hardi\Downloads\medicinal plants detection\dataset\Indian Medicinal Leaves Image Datasets\Datasets_Plant\Sapota\1557.jpg,Sapota,Sapota,whole_plant,train
C:\Users\hardi\Downloads\medicinal plants detection\dataset\Indian Medicinal Leaves Image Datasets\Datasets_Plant\Sapota\1565.jpg,Sapota,Sapota,whole_plant,train
C:\Users\hardi\Downloads\medicinal plants detection\dataset\Indian Medicinal Leaves Image Datasets\Datasets_Plant\Sapota\575.jpg,Sapota,Sapota,whole_plant,train
C:\Users\hardi\Downloads\medicinal plants detection\dataset\Indian Medicinal Leaves Image Datasets\Datasets_Plant\Sapota\1542.jpg,Sapota,Sapota,whole_plant,train
C:\Users\hardi\Downloads\medicinal plants detection\dataset\Indian Medicinal Leaves Image Datasets\Datasets_Plant\Sapota\1659.jpg,Sapota,Sapota,whole_plant,train
C:\Users\hardi\Downloads\medicinal plants detection\dataset\Indian Medicinal Leaves Image Datasets\Datasets_Plant\Sapota\1543.jpg,Sapota,Sapota,whole_plant,train
C:\Users\hardi\Downloads\medicinal plants detection\dataset\Indian Medicinal Leaves Image Datasets\Datasets_Plant\Sapota\1656.jpg,Sapota,Sapota,whole_plant,train
C:\Users\hardi\Downloads\medicinal plants detection\dataset\Indian Medicinal Leaves Image Datasets\Datasets_Plant\Sapota\1589.jpg,Sapota,Sapota,whole_plant,train
C:\Users\hardi\Downloads\medicinal plants detection\dataset\Indian Medicinal Leaves Image Datasets\Datasets_Plant\Sapota\1593.jpg,Sapota,Sapota,whole_plant,train
C:\Users\hardi\Downloads\medicinal plants detection\dataset\Indian Medicinal Leaves Image Datasets\Datasets_Plant\Sapota\1606.jpg,Sapota,Sapota,whole_plant,train
C:\Users\hardi\Downloads\medicinal plants detection\dataset\Indian Medicinal Leaves Image Datasets\Datasets_Plant\Sapota\1650.jpg,Sapota,Sapota,whole_plant,train
C:\Users\hardi\Downloads\medicinal plants detection\dataset\Indian Medicinal Leaves Image Datasets\Datasets_Plant\Sapota\1554.jpg,Sapota,Sapota,whole_plant,train
C:\Users\hardi\Downloads\medicinal plants detection\dataset\Indian Medicinal Leaves Image Datasets\Datasets_Plant\Sapota\1618.jpg,Sapota,Sapota,whole_plant,train
C:\Users\hardi\Downloads\medicinal plants detection\dataset\Indian Medicinal Leaves Image Datasets\Datasets_Plant\Sapota\1644.jpg,Sapota,Sapota,whole_plant,train
C:\Users\hardi\Downloads\medicinal plants detection\dataset\Indian Medicinal Leaves Image Datasets\Datasets_Plant\Sapota\1580.jpg,Sapota,Sapota,whole_plant,train
C:\Users\hardi\Downloads\medicinal plants detection\dataset\Indian Medicinal Leaves Image Datasets\Datasets_Plant\Sapota\1605.jpg,Sapota,Sapota,whole_plant,train
C:\Users\hardi\Downloads\medicinal plants detection\dataset\Indian Medicinal Leaves Image Datasets\Datasets_Plant\Sapota\1611.jpg,Sapota,Sapota,whole_plant,train
C:\Users\hardi\Downloads\medicinal plants detection\dataset\Indian Medicinal Leaves Image Datasets\Datasets_Plant\Sapota\1631.jpg,Sapota,Sapota,whole_plant,train
C:\Users\hardi\Downloads\medicinal plants detection\dataset\Indian Medicinal Leaves Image Datasets\Datasets_Plant\Sapota\58.jpg,Sapota,Sapota,whole_plant,train
C:\Users\hardi\Downloads\medicinal plants detection\dataset\Indian Medicinal Leaves Image Datasets\Datasets_Plant\Sapota\573.jpg,Sapota,Sapota,whole_plant,train
C:\Users\hardi\Downloads\medicinal plants detection\dataset\Indian Medicinal Leaves Image Datasets\Datasets_Plant\Sapota\1571.jpg,Sapota,Sapota,whole_plant,train
C:\Users\hardi\Downloads\medicinal plants detection\dataset\Indian Medicinal Leaves Image Datasets\Datasets_Plant\Sapota\1638.jpg,Sapota,Sapota,whole_plant,train
C:\Users\hardi\Downloads\medicinal plants detection\dataset\Indian Medicinal Leaves Image Datasets\Datasets_Plant\Sapota\1561.jpg,Sapota,Sapota,whole_plant,train
C:\Users\hardi\Downloads\medicinal plants detection\dataset\Indian Medicinal Leaves Image Datasets\Datasets_Plant\Sapota\1549.jpg,Sapota,Sapota,whole_plant,train
C:\Users\hardi\Downloads\medicinal plants detection\dataset\Indian Medicinal Leaves Image Datasets\Datasets_Plant\Sapota\1574.jpg,Sapota,Sapota,whole_plant,train
C:\Users\hardi\Downloads\medicinal plants detection\dataset\Indian Medicinal Leaves Image Datasets\Datasets_Plant\Sapota\59.jpg,Sapota,Sapota,whole_plant,train
C:\Users\hardi\Downloads\medicinal plants detection\dataset\Indian Medicinal Leaves Image Datasets\Datasets_Plant\Sapota\1645.jpg,Sapota,Sapota,whole_plant,train
C:\Users\hardi\Downloads\medicinal plants detection\dataset\Indian Medicinal Leaves Image Datasets\Datasets_Plant\Sapota\1587.jpg,Sapota,Sapota,whole_plant,train
C:\Users\hardi\Downloads\medicinal plants detection\dataset\Indian Medicinal Leaves Image Datasets\Datasets_Plant\Sapota\1658.jpg,Sapota,Sapota,whole_plant,train
C:\Users\hardi\Downloads\medicinal plants detection\dataset\Indian Medicinal Leaves Image Datasets\Datasets_Plant\Sapota\1630.jpg,Sapota,Sapota,whole_plant,train
C:\Users\hardi\Downloads\medicinal plants detection\dataset\Indian Medicinal Leaves Image Datasets\Datasets_Plant\Sapota\1639.jpg,Sapota,Sapota,whole_plant,train
C:\Users\hardi\Downloads\medicinal plants detection\dataset\Indian Medicinal Leaves Image Datasets\Datasets_Plant\Sapota\1654.jpg,Sapota,Sapota,whole_plant,train
C:\Users\hardi\Downloads\medicinal plants detection\dataset\Indian Medicinal Leaves Image Datasets\Datasets_Plant\Sapota\1636.jpg,Sapota,Sapota,whole_plant,train
C:\Users\hardi\Downloads\medicinal plants detection\dataset\Indian Medicinal Leaves Image Datasets\Datasets_Plant\Sapota\1646.jpg,Sapota,Sapota,whole_plant,train
C:\Users\hardi\Downloads\medicinal plants detection\dataset\Indian Medicinal Leaves Image Datasets\Datasets_Plant\Sapota\1625.jpg,Sapota,Sapota,whole_plant,train
C:\Users\hardi\Downloads\medicinal plants detection\dataset\Indian Medicinal Leaves Image Datasets\Datasets_Plant\Sapota\1635.jpg,Sapota,Sapota,whole_plant,train
C:\Users\hardi\Downloads\medicinal plants detection\dataset\Indian Medicinal Leaves Image Datasets\Datasets_Plant\Sapota\1640.jpg,Sapota,Sapota,whole_plant,train
C:\Users\hardi\Downloads\medicinal plants detection\dataset\Indian Medicinal Leaves Image Datasets\Datasets_Plant\Sapota\1569.jpg,Sapota,Sapota,whole_plant,train
C:\Users\hardi\Downloads\medicinal plants detection\dataset\Indian Medicinal Leaves Image Datasets\Datasets_Plant\Sapota\1624.jpg,Sapota,Sapota,whole_plant,train
C:\Users\hardi\Downloads\medicinal plants detection\dataset\Indian Medicinal Leaves Image Datasets\Datasets_Plant\Sapota\1641.jpg,Sapota,Sapota,whole_plant,train
C:\Users\hardi\Downloads\medicinal plants detection\dataset\Indian Medicinal Leaves Image Datasets\Datasets_Plant\Sapota\583.jpg,Sapota,Sapota,whole_plant,train
C:\Users\hardi\Downloads\medicinal plants detection\dataset\Indian Medicinal Leaves Image Datasets\Datasets_Plant\Sapota\1564.jpg,Sapota,Sapota,whole_plant,train
C:\Users\hardi\Downloads\medicinal plants detection\dataset\Indian Medicinal Leaves Image Datasets\Datasets_Plant\Sapota\1613.jpg,Sapota,Sapota,whole_plant,train
C:\Users\hardi\Downloads\medicinal plants detection\dataset\Indian Medicinal Leaves Image Datasets\Datasets_Plant\Sapota\1586.jpg,Sapota,Sapota,whole_plant,train
C:\Users\hardi\Downloads\medicinal plants detection\dataset\Indian Medicinal Leaves Image Datasets\Datasets_Plant\Sapota\1619.jpg,Sapota,Sapota,whole_plant,train
C:\Users\hardi\Downloads\medicinal plants detection\dataset\Indian Medicinal Leaves Image Datasets\Datasets_Plant\Sapota\1620.jpg,Sapota,Sapota,whole_plant,train
C:\Users\hardi\Downloads\medicinal plants detection\dataset\Indian Medicinal Leaves Image Datasets\Datasets_Plant\Sapota\1577.jpg,Sapota,Sapota,whole_plant,train
C:\Users\hardi\Downloads\medicinal plants detection\dataset\Indian Medicinal Leaves Image Datasets\Datasets_Plant\Sapota\63.jpg,Sapota,Sapota,whole_plant,train
C:\Users\hardi\Downloads\medicinal plants detection\dataset\Indian Medicinal Leaves Image Datasets\Datasets_Plant\Sapota\1550.jpg,Sapota,Sapota,whole_plant,train
C:\Users\hardi\Downloads\medicinal plants detection\dataset\Indian Medicinal Leaves Image Datasets\Datasets_Plant\Sapota\576.jpg,Sapota,Sapota,whole_plant,train
C:\Users\hardi\Downloads\medicinal plants detection\dataset\Indian Medicinal Leaves Image Datasets\Datasets_Plant\Sapota\1555.jpg,Sapota,Sapota,whole_plant,train
C:\Users\hardi\Downloads\medicinal plants detection\dataset\Indian Medicinal Leaves Image Datasets\Datasets_Plant\Sapota\1608.jpg,Sapota,Sapota,whole_plant,train
C:\Users\hardi\Downloads\medicinal plants detection\dataset\Indian Medicinal Leaves Image Datasets\Datasets_Plant\Sapota\1598.jpg,Sapota,Sapota,whole_plant,train
C:\Users\hardi\Downloads\medicinal plants detection\dataset\Indian Medicinal Leaves Image Datasets\Datasets_Plant\Sapota\1633.jpg,Sapota,Sapota,whole_plant,train
C:\Users\hardi\Downloads\medicinal plants detection\dataset\Indian Medicinal Leaves Image Datasets\Datasets_Plant\Sapota\1545.jpg,Sapota,Sapota,whole_plant,train
C:\Users\hardi\Downloads\medicinal plants detection\dataset\Indian Medicinal Leaves Image Datasets\Datasets_Plant\Sapota\1573.jpg,Sapota,Sapota,whole_plant,val
C:\Users\hardi\Downloads\medicinal plants detection\dataset\Indian Medicinal Leaves Image Datasets\Datasets_Plant\Sapota\1617.jpg,Sapota,Sapota,whole_plant,val
C:\Users\hardi\Downloads\medicinal plants detection\dataset\Indian Medicinal Leaves Image Datasets\Datasets_Plant\Sapota\1584.jpg,Sapota,Sapota,whole_plant,val
C:\Users\hardi\Downloads\medicinal plants detection\dataset\Indian Medicinal Leaves Image Datasets\Datasets_Plant\Sapota\1585.jpg,Sapota,Sapota,whole_plant,val
C:\Users\hardi\Downloads\medicinal plants detection\dataset\Indian Medicinal Leaves Image Datasets\Datasets_Plant\Sapota\1552.jpg,Sapota,Sapota,whole_plant,val
C:\Users\hardi\Downloads\medicinal plants detection\dataset\Indian Medicinal Leaves Image Datasets\Datasets_Plant\Sapota\1588.jpg,Sapota,Sapota,whole_plant,val
C:\Users\hardi\Downloads\medicinal plants detection\dataset\Indian Medicinal Leaves Image Datasets\Datasets_Plant\Sapota\1551.jpg,Sapota,Sapota,whole_plant,val
C:\Users\hardi\Downloads\medicinal plants detection\dataset\Indian Medicinal Leaves Image Datasets\Datasets_Plant\Sapota\1553.jpg,Sapota,Sapota,whole_plant,val
C:\Users\hardi\Downloads\medicinal plants detection\dataset\Indian Medicinal Leaves Image Datasets\Datasets_Plant\Sapota\1655.jpg,Sapota,Sapota,whole_plant,val
C:\Users\hardi\Downloads\medicinal plants detection\dataset\Indian Medicinal Leaves Image Datasets\Datasets_Plant\Sapota\53.jpg,Sapota,Sapota,whole_plant,val
C:\Users\hardi\Downloads\medicinal plants detection\dataset\Indian Medicinal Leaves Image Datasets\Datasets_Plant\Sapota\1567.jpg,Sapota,Sapota,whole_plant,val
C:\Users\hardi\Downloads\medicinal plants detection\dataset\Indian Medicinal Leaves Image Datasets\Datasets_Plant\Sapota\1559.jpg,Sapota,Sapota,whole_plant,val
C:\Users\hardi\Downloads\medicinal plants detection\dataset\Indian Medicinal Leaves Image Datasets\Datasets_Plant\Sapota\57.jpg,Sapota,Sapota,whole_plant,val
C:\Users\hardi\Downloads\medicinal plants detection\dataset\Indian Medicinal Leaves Image Datasets\Datasets_Plant\Sapota\1583.jpg,Sapota,Sapota,whole_plant,val
C:\Users\hardi\Downloads\medicinal plants detection\dataset\Indian Medicinal Leaves Image Datasets\Datasets_Plant\Sapota\1594.jpg,Sapota,Sapota,whole_plant,val
C:\Users\hardi\Downloads\medicinal plants detection\dataset\Indian Medicinal Leaves Image Datasets\Datasets_Plant\Sapota\1629.jpg,Sapota,Sapota,whole_plant,val
C:\Users\hardi\Downloads\medicinal plants detection\dataset\Indian Medicinal Leaves Image Datasets\Datasets_Plant\Sapota\1560.jpg,Sapota,Sapota,whole_plant,val
C:\Users\hardi\Downloads\medicinal plants detection\dataset\Indian Medicinal Leaves Image Datasets\Datasets_Plant\Sapota\56.jpg,Sapota,Sapota,whole_plant,val
C:\Users\hardi\Downloads\medicinal plants detection\dataset\Indian Medicinal Leaves Image Datasets\Datasets_Plant\Sapota\1637.jpg,Sapota,Sapota,whole_plant,val
C:\Users\hardi\Downloads\medicinal plants detection\dataset\Indian Medicinal Leaves Image Datasets\Datasets_Plant\Sapota\1540.jpg,Sapota,Sapota,whole_plant,val
C:\Users\hardi\Downloads\medicinal plants detection\dataset\Indian Medicinal Leaves Image Datasets\Datasets_Plant\Sapota\1651.jpg,Sapota,Sapota,whole_plant,val
C:\Users\hardi\Downloads\medicinal plants detection\dataset\Indian Medicinal Leaves Image Datasets\Datasets_Plant\Sapota\1643.jpg,Sapota,Sapota,whole_plant,test
C:\Users\hardi\Downloads\medicinal plants detection\dataset\Indian Medicinal Leaves Image Datasets\Datasets_Plant\Sapota\60.jpg,Sapota,Sapota,whole_plant,test
C:\Users\hardi\Downloads\medicinal plants detection\dataset\Indian Medicinal Leaves Image Datasets\Datasets_Plant\Sapota\1615.jpg,Sapota,Sapota,whole_plant,test
C:\Users\hardi\Downloads\medicinal plants detection\dataset\Indian Medicinal Leaves Image Datasets\Datasets_Plant\Sapota\61.jpg,Sapota,Sapota,whole_plant,test
C:\Users\hardi\Downloads\medicinal plants detection\dataset\Indian Medicinal Leaves Image Datasets\Datasets_Plant\Sapota\1596.jpg,Sapota,Sapota,whole_plant,test
C:\Users\hardi\Downloads\medicinal plants detection\dataset\Indian Medicinal Leaves Image Datasets\Datasets_Plant\Sapota\1647.jpg,Sapota,Sapota,whole_plant,test
C:\Users\hardi\Downloads\medicinal plants detection\dataset\Indian Medicinal Leaves Image Datasets\Datasets_Plant\Sapota\1590.jpg,Sapota,Sapota,whole_plant,test
C:\Users\hardi\Downloads\medicinal plants detection\dataset\Indian Medicinal Leaves Image Datasets\Datasets_Plant\Sapota\64.jpg,Sapota,Sapota,whole_plant,test
C:\Users\hardi\Downloads\medicinal plants detection\dataset\Indian Medicinal Leaves Image Datasets\Datasets_Plant\Sapota\577.jpg,Sapota,Sapota,whole_plant,test
C:\Users\hardi\Downloads\medicinal plants detection\dataset\Indian Medicinal Leaves Image Datasets\Datasets_Plant\Sapota\1599.jpg,Sapota,Sapota,whole_plant,test
C:\Users\hardi\Downloads\medicinal plants detection\dataset\Indian Medicinal Leaves Image Datasets\Datasets_Plant\Sapota\1595.jpg,Sapota,Sapota,whole_plant,test
C:\Users\hardi\Downloads\medicinal plants detection\dataset\Indian Medicinal Leaves Image Datasets\Datasets_Plant\Sapota\1563.jpg,Sapota,Sapota,whole_plant,test
C:\Users\hardi\Downloads\medicinal plants detection\dataset\Indian Medicinal Leaves Image Datasets\Datasets_Plant\Sapota\1547.jpg,Sapota,Sapota,whole_plant,test
C:\Users\hardi\Downloads\medicinal plants detection\dataset\Indian Medicinal Leaves Image Datasets\Datasets_Plant\Sapota\1548.jpg,Sapota,Sapota,whole_plant,test
C:\Users\hardi\Downloads\medicinal plants detection\dataset\Indian Medicinal Leaves Image Datasets\Datasets_Plant\Sapota\1648.jpg,Sapota,Sapota,whole_plant,test
C:\Users\hardi\Downloads\medicinal plants detection\dataset\Indian Medicinal Leaves Image Datasets\Datasets_Plant\Sapota\1562.jpg,Sapota,Sapota,whole_plant,test
C:\Users\hardi\Downloads\medicinal plants detection\dataset\Indian Medicinal Leaves Image Datasets\Datasets_Plant\Sapota\1566.jpg,Sapota,Sapota,whole_plant,test
C:\Users\hardi\Downloads\medicinal plants detection\dataset\Indian Medicinal Leaves Image Datasets\Datasets_Plant\Sapota\1575.jpg,Sapota,Sapota,whole_plant,test
C:\Users\hardi\Downloads\medicinal plants detection\dataset\Indian Medicinal Leaves Image Datasets\Datasets_Plant\Sapota\1597.jpg,Sapota,Sapota,whole_plant,test
C:\Users\hardi\Downloads\medicinal plants detection\dataset\Indian Medicinal Leaves Image Datasets\Datasets_Plant\Sapota\1602.jpg,Sapota,Sapota,whole_plant,test
C:\Users\hardi\Downloads\medicinal plants detection\dataset\Indian Medicinal Leaves Image Datasets\Datasets_Plant\Sapota\1610.jpg,Sapota,Sapota,whole_plant,test
C:\Users\hardi\Downloads\medicinal plants detection\dataset\Indian Medicinal Leaves Image Datasets\Datasets_Plant\Sapota\1546.jpg,Sapota,Sapota,whole_plant,test
C:\Users\hardi\Downloads\medicinal plants detection\dataset\Indian Medicinal Leaves Image Datasets\Datasets_Plant\Sapota\1568.jpg,Sapota,Sapota,whole_plant,test
C:\Users\hardi\Downloads\medicinal plants detection\dataset\Indian Medicinal Leaves Image Datasets\Datasets_Plant\Tulasi\786.jpg,Tulasi,Tulsi,whole_plant,train
C:\Users\hardi\Downloads\medicinal plants detection\dataset\Indian Medicinal Leaves Image Datasets\Datasets_Plant\Tulasi\3534.jpg,Tulasi,Tulsi,whole_plant,train
C:\Users\hardi\Downloads\medicinal plants detection\dataset\Indian Medicinal Leaves Image Datasets\Datasets_Plant\Tulasi\3598.jpg,Tulasi,Tulsi,whole_plant,train
C:\Users\hardi\Downloads\medicinal plants detection\dataset\Indian Medicinal Leaves Image Datasets\Datasets_Plant\Tulasi\3567.jpg,Tulasi,Tulsi,whole_plant,train
C:\Users\hardi\Downloads\medicinal plants detection\dataset\Indian Medicinal Leaves Image Datasets\Datasets_Plant\Tulasi\3590.jpg,Tulasi,Tulsi,whole_plant,train
C:\Users\hardi\Downloads\medicinal plants detection\dataset\Indian Medicinal Leaves Image Datasets\Datasets_Plant\Tulasi\3629.jpg,Tulasi,Tulsi,whole_plant,train
C:\Users\hardi\Downloads\medicinal plants detection\dataset\Indian Medicinal Leaves Image Datasets\Datasets_Plant\Tulasi\3646.jpg,Tulasi,Tulsi,whole_plant,train
C:\Users\hardi\Downloads\medicinal plants detection\dataset\Indian Medicinal Leaves Image Datasets\Datasets_Plant\Tulasi\3546.jpg,Tulasi,Tulsi,whole_plant,train
C:\Users\hardi\Downloads\medicinal plants detection\dataset\Indian Medicinal Leaves Image Datasets\Datasets_Plant\Tulasi\782.jpg,Tulasi,Tulsi,whole_plant,train
C:\Users\hardi\Downloads\medicinal plants detection\dataset\Indian Medicinal Leaves Image Datasets\Datasets_Plant\Tulasi\3637.jpg,Tulasi,Tulsi,whole_plant,train
C:\Users\hardi\Downloads\medicinal plants detection\dataset\Indian Medicinal Leaves Image Datasets\Datasets_Plant\Tulasi\3588.jpg,Tulasi,Tulsi,whole_plant,train
C:\Users\hardi\Downloads\medicinal plants detection\dataset\Indian Medicinal Leaves Image Datasets\Datasets_Plant\Tulasi\3585.jpg,Tulasi,Tulsi,whole_plant,train
C:\Users\hardi\Downloads\medicinal plants detection\dataset\Indian Medicinal Leaves Image Datasets\Datasets_Plant\Tulasi\790.jpg,Tulasi,Tulsi,whole_plant,train
C:\Users\hardi\Downloads\medicinal plants detection\dataset\Indian Medicinal Leaves Image Datasets\Datasets_Plant\Tulasi\3554.jpg,Tulasi,Tulsi,whole_plant,train
C:\Users\hardi\Downloads\medicinal plants detection\dataset\Indian Medicinal Leaves Image Datasets\Datasets_Plant\Tulasi\3599.jpg,Tulasi,Tulsi,whole_plant,train
C:\Users\hardi\Downloads\medicinal plants detection\dataset\Indian Medicinal Leaves Image Datasets\Datasets_Plant\Tulasi\3548.jpg,Tulasi,Tulsi,whole_plant,train
C:\Users\hardi\Downloads\medicinal plants detection\dataset\Indian Medicinal Leaves Image Datasets\Datasets_Plant\Tulasi\3608.jpg,Tulasi,Tulsi,whole_plant,train
C:\Users\hardi\Downloads\medicinal plants detection\dataset\Indian Medicinal Leaves Image Datasets\Datasets_Plant\Tulasi\3577.jpg,Tulasi,Tulsi,whole_plant,train
C:\Users\hardi\Downloads\medicinal plants detection\dataset\Indian Medicinal Leaves Image Datasets\Datasets_Plant\Tulasi\3558.jpg,Tulasi,Tulsi,whole_plant,train
C:\Users\hardi\Downloads\medicinal plants detection\dataset\Indian Medicinal Leaves Image Datasets\Datasets_Plant\Tulasi\3602.jpg,Tulasi,Tulsi,whole_plant,train
C:\Users\hardi\Downloads\medicinal plants detection\dataset\Indian Medicinal Leaves Image Datasets\Datasets_Plant\Tulasi\3642.jpg,Tulasi,Tulsi,whole_plant,train
C:\Users\hardi\Downloads\medicinal plants detection\dataset\Indian Medicinal Leaves Image Datasets\Datasets_Plant\Tulasi\793.jpg,Tulasi,Tulsi,whole_plant,train
C:\Users\hardi\Downloads\medicinal plants detection\dataset\Indian Medicinal Leaves Image Datasets\Datasets_Plant\Tulasi\3568.jpg,Tulasi,Tulsi,whole_plant,train
C:\Users\hardi\Downloads\medicinal plants detection\dataset\Indian Medicinal Leaves Image Datasets\Datasets_Plant\Tulasi\262.jpg,Tulasi,Tulsi,whole_plant,train
C:\Users\hardi\Downloads\medicinal plants detection\dataset\Indian Medicinal Leaves Image Datasets\Datasets_Plant\Tulasi\3604.jpg,Tulasi,Tulsi,whole_plant,train
C:\Users\hardi\Downloads\medicinal plants detection\dataset\Indian Medicinal Leaves Image Datasets\Datasets_Plant\Tulasi\3647.jpg,Tulasi,Tulsi,whole_plant,train
C:\Users\hardi\Downloads\medicinal plants detection\dataset\Indian Medicinal Leaves Image Datasets\Datasets_Plant\Tulasi\3579.jpg,Tulasi,Tulsi,whole_plant,train
C:\Users\hardi\Downloads\medicinal plants detection\dataset\Indian Medicinal Leaves Image Datasets\Datasets_Plant\Tulasi\3618.jpg,Tulasi,Tulsi,whole_plant,train
C:\Users\hardi\Downloads\medicinal plants detection\dataset\Indian Medicinal Leaves Image Datasets\Datasets_Plant\Tulasi\3592.jpg,Tulasi,Tulsi,whole_plant,train
C:\Users\hardi\Downloads\medicinal plants detection\dataset\Indian Medicinal Leaves Image Datasets\Datasets_Plant\Tulasi\783.jpg,Tulasi,Tulsi,whole_plant,train
C:\Users\hardi\Downloads\medicinal plants detection\dataset\Indian Medicinal Leaves Image Datasets\Datasets_Plant\Tulasi\785.jpg,Tulasi,Tulsi,whole_plant,train
C:\Users\hardi\Downloads\medicinal plants detection\dataset\Indian Medicinal Leaves Image Datasets\Datasets_Plant\Tulasi\3555.jpg,Tulasi,Tulsi,whole_plant,train
C:\Users\hardi\Downloads\medicinal plants detection\dataset\Indian Medicinal Leaves Image Datasets\Datasets_Plant\Tulasi\3628.jpg,Tulasi,Tulsi,whole_plant,train
C:\Users\hardi\Downloads\medicinal plants detection\dataset\Indian Medicinal Leaves Image Datasets\Datasets_Plant\Tulasi\3576.jpg,Tulasi,Tulsi,whole_plant,train
C:\Users\hardi\Downloads\medicinal plants detection\dataset\Indian Medicinal Leaves Image Datasets\Datasets_Plant\Tulasi\3638.jpg,Tulasi,Tulsi,whole_plant,train
C:\Users\hardi\Downloads\medicinal plants detection\dataset\Indian Medicinal Leaves Image Datasets\Datasets_Plant\Tulasi\3603.jpg,Tulasi,Tulsi,whole_plant,train
C:\Users\hardi\Downloads\medicinal plants detection\dataset\Indian Medicinal Leaves Image Datasets\Datasets_Plant\Tulasi\3532.jpg,Tulasi,Tulsi,whole_plant,train
C:\Users\hardi\Downloads\medicinal plants detection\dataset\Indian Medicinal Leaves Image Datasets\Datasets_Plant\Tulasi\3610.jpg,Tulasi,Tulsi,whole_plant,train
C:\Users\hardi\Downloads\medicinal plants detection\dataset\Indian Medicinal Leaves Image Datasets\Datasets_Plant\Tulasi\3597.jpg,Tulasi,Tulsi,whole_plant,train
C:\Users\hardi\Downloads\medicinal plants detection\dataset\Indian Medicinal Leaves Image Datasets\Datasets_Plant\Tulasi\3580.jpg,Tulasi,Tulsi,whole_plant,train
C:\Users\hardi\Downloads\medicinal plants detection\dataset\Indian Medicinal Leaves Image Datasets\Datasets_Plant\Tulasi\3583.jpg,Tulasi,Tulsi,whole_plant,train
C:\Users\hardi\Downloads\medicinal plants detection\dataset\Indian Medicinal Leaves Image Datasets\Datasets_Plant\Tulasi\3557.jpg,Tulasi,Tulsi,whole_plant,train
C:\Users\hardi\Downloads\medicinal plants detection\dataset\Indian Medicinal Leaves Image Datasets\Datasets_Plant\Tulasi\3633.jpg,Tulasi,Tulsi,whole_plant,train
C:\Users\hardi\Downloads\medicinal plants detection\dataset\Indian Medicinal Leaves Image Datasets\Datasets_Plant\Tulasi\781.jpg,Tulasi,Tulsi,whole_plant,train
C:\Users\hardi\Downloads\medicinal plants detection\dataset\Indian Medicinal Leaves Image Datasets\Datasets_Plant\Tulasi\3552.jpg,Tulasi,Tulsi,whole_plant,train
C:\Users\hardi\Downloads\medicinal plants detection\dataset\Indian Medicinal Leaves Image Datasets\Datasets_Plant\Tulasi\3625.jpg,Tulasi,Tulsi,whole_plant,train
C:\Users\hardi\Downloads\medicinal plants detection\dataset\Indian Medicinal Leaves Image Datasets\Datasets_Plant\Tulasi\265.jpg,Tulasi,Tulsi,whole_plant,train
C:\Users\hardi\Downloads\medicinal plants detection\dataset\Indian Medicinal Leaves Image Datasets\Datasets_Plant\Tulasi\3533.jpg,Tulasi,Tulsi,whole_plant,train
C:\Users\hardi\Downloads\medicinal plants detection\dataset\Indian Medicinal Leaves Image Datasets\Datasets_Plant\Tulasi\3541.jpg,Tulasi,Tulsi,whole_plant,train
C:\Users\hardi\Downloads\medicinal plants detection\dataset\Indian Medicinal Leaves Image Datasets\Datasets_Plant\Tulasi\3643.jpg,Tulasi,Tulsi,whole_plant,train
C:\Users\hardi\Downloads\medicinal plants detection\dataset\Indian Medicinal Leaves Image Datasets\Datasets_Plant\Tulasi\263.jpg,Tulasi,Tulsi,whole_plant,train
C:\Users\hardi\Downloads\medicinal plants detection\dataset\Indian Medicinal Leaves Image Datasets\Datasets_Plant\Tulasi\3635.jpg,Tulasi,Tulsi,whole_plant,train
C:\Users\hardi\Downloads\medicinal plants detection\dataset\Indian Medicinal Leaves Image Datasets\Datasets_Plant\Tulasi\264.jpg,Tulasi,Tulsi,whole_plant,train
C:\Users\hardi\Downloads\medicinal plants detection\dataset\Indian Medicinal Leaves Image Datasets\Datasets_Plant\Tulasi\3632.jpg,Tulasi,Tulsi,whole_plant,train
C:\Users\hardi\Downloads\medicinal plants detection\dataset\Indian Medicinal Leaves Image Datasets\Datasets_Plant\Tulasi\3565.jpg,Tulasi,Tulsi,whole_plant,train
C:\Users\hardi\Downloads\medicinal plants detection\dataset\Indian Medicinal Leaves Image Datasets\Datasets_Plant\Tulasi\3569.jpg,Tulasi,Tulsi,whole_plant,train
C:\Users\hardi\Downloads\medicinal plants detection\dataset\Indian Medicinal Leaves Image Datasets\Datasets_Plant\Tulasi\3582.jpg,Tulasi,Tulsi,whole_plant,train
C:\Users\hardi\Downloads\medicinal plants detection\dataset\Indian Medicinal Leaves Image Datasets\Datasets_Plant\Tulasi\3626.jpg,Tulasi,Tulsi,whole_plant,train
C:\Users\hardi\Downloads\medicinal plants detection\dataset\Indian Medicinal Leaves Image Datasets\Datasets_Plant\Tulasi\3530.jpg,Tulasi,Tulsi,whole_plant,train
C:\Users\hardi\Downloads\medicinal plants detection\dataset\Indian Medicinal Leaves Image Datasets\Datasets_Plant\Tulasi\3594.jpg,Tulasi,Tulsi,whole_plant,train
C:\Users\hardi\Downloads\medicinal plants detection\dataset\Indian Medicinal Leaves Image Datasets\Datasets_Plant\Tulasi\3620.jpg,Tulasi,Tulsi,whole_plant,train
C:\Users\hardi\Downloads\medicinal plants detection\dataset\Indian Medicinal Leaves Image Datasets\Datasets_Plant\Tulasi\3556.jpg,Tulasi,Tulsi,whole_plant,train
C:\Users\hardi\Downloads\medicinal plants detection\dataset\Indian Medicinal Leaves Image Datasets\Datasets_Plant\Tulasi\3581.jpg,Tulasi,Tulsi,whole_plant,train
C:\Users\hardi\Downloads\medicinal plants detection\dataset\Indian Medicinal Leaves Image Datasets\Datasets_Plant\Tulasi\3587.jpg,Tulasi,Tulsi,whole_plant,train
C:\Users\hardi\Downloads\medicinal plants detection\dataset\Indian Medicinal Leaves Image Datasets\Datasets_Plant\Tulasi\3607.jpg,Tulasi,Tulsi,whole_plant,train
C:\Users\hardi\Downloads\medicinal plants detection\dataset\Indian Medicinal Leaves Image Datasets\Datasets_Plant\Tulasi\3648.jpg,Tulasi,Tulsi,whole_plant,train
C:\Users\hardi\Downloads\medicinal plants detection\dataset\Indian Medicinal Leaves Image Datasets\Datasets_Plant\Tulasi\3641.jpg,Tulasi,Tulsi,whole_plant,train
C:\Users\hardi\Downloads\medicinal plants detection\dataset\Indian Medicinal Leaves Image Datasets\Datasets_Plant\Tulasi\3547.jpg,Tulasi,Tulsi,whole_plant,train
C:\Users\hardi\Downloads\medicinal plants detection\dataset\Indian Medicinal Leaves Image Datasets\Datasets_Plant\Tulasi\3614.jpg,Tulasi,Tulsi,whole_plant,train
C:\Users\hardi\Downloads\medicinal plants detection\dataset\Indian Medicinal Leaves Image Datasets\Datasets_Plant\Tulasi\3537.jpg,Tulasi,Tulsi,whole_plant,train
C:\Users\hardi\Downloads\medicinal plants detection\dataset\Indian Medicinal Leaves Image Datasets\Datasets_Plant\Tulasi\270.jpg,Tulasi,Tulsi,whole_plant,train
C:\Users\hardi\Downloads\medicinal plants detection\dataset\Indian Medicinal Leaves Image Datasets\Datasets_Plant\Tulasi\3550.jpg,Tulasi,Tulsi,whole_plant,train
C:\Users\hardi\Downloads\medicinal plants detection\dataset\Indian Medicinal Leaves Image Datasets\Datasets_Plant\Tulasi\787.jpg,Tulasi,Tulsi,whole_plant,train
C:\Users\hardi\Downloads\medicinal plants detection\dataset\Indian Medicinal Leaves Image Datasets\Datasets_Plant\Tulasi\3621.jpg,Tulasi,Tulsi,whole_plant,train
C:\Users\hardi\Downloads\medicinal plants detection\dataset\Indian Medicinal Leaves Image Datasets\Datasets_Plant\Tulasi\3563.jpg,Tulasi,Tulsi,whole_plant,train
C:\Users\hardi\Downloads\medicinal plants detection\dataset\Indian Medicinal Leaves Image Datasets\Datasets_Plant\Tulasi\3634.jpg,Tulasi,Tulsi,whole_plant,train
C:\Users\hardi\Downloads\medicinal plants detection\dataset\Indian Medicinal Leaves Image Datasets\Datasets_Plant\Tulasi\3606.jpg,Tulasi,Tulsi,whole_plant,train
C:\Users\hardi\Downloads\medicinal plants detection\dataset\Indian Medicinal Leaves Image Datasets\Datasets_Plant\Tulasi\3615.jpg,Tulasi,Tulsi,whole_plant,train
C:\Users\hardi\Downloads\medicinal plants detection\dataset\Indian Medicinal Leaves Image Datasets\Datasets_Plant\Tulasi\3630.jpg,Tulasi,Tulsi,whole_plant,train
C:\Users\hardi\Downloads\medicinal plants detection\dataset\Indian Medicinal Leaves Image Datasets\Datasets_Plant\Tulasi\3612.jpg,Tulasi,Tulsi,whole_plant,train
C:\Users\hardi\Downloads\medicinal plants detection\dataset\Indian Medicinal Leaves Image Datasets\Datasets_Plant\Tulasi\3622.jpg,Tulasi,Tulsi,whole_plant,train
C:\Users\hardi\Downloads\medicinal plants detection\dataset\Indian Medicinal Leaves Image Datasets\Datasets_Plant\Tulasi\3601.jpg,Tulasi,Tulsi,whole_plant,train
C:\Users\hardi\Downloads\medicinal plants detection\dataset\Indian Medicinal Leaves Image Datasets\Datasets_Plant\Tulasi\3611.jpg,Tulasi,Tulsi,whole_plant,train
C:\Users\hardi\Downloads\medicinal plants detection\dataset\Indian Medicinal Leaves Image Datasets\Datasets_Plant\Tulasi\3616.jpg,Tulasi,Tulsi,whole_plant,train
C:\Users\hardi\Downloads\medicinal plants detection\dataset\Indian Medicinal Leaves Image Datasets\Datasets_Plant\Tulasi\3545.jpg,Tulasi,Tulsi,whole_plant,train
C:\Users\hardi\Downloads\medicinal plants detection\dataset\Indian Medicinal Leaves Image Datasets\Datasets_Plant\Tulasi\3600.jpg,Tulasi,Tulsi,whole_plant,train
C:\Users\hardi\Downloads\medicinal plants detection\dataset\Indian Medicinal Leaves Image Datasets\Datasets_Plant\Tulasi\3617.jpg,Tulasi,Tulsi,whole_plant,train
C:\Users\hardi\Downloads\medicinal plants detection\dataset\Indian Medicinal Leaves Image Datasets\Datasets_Plant\Tulasi\784.jpg,Tulasi,Tulsi,whole_plant,train
C:\Users\hardi\Downloads\medicinal plants detection\dataset\Indian Medicinal Leaves Image Datasets\Datasets_Plant\Tulasi\3540.jpg,Tulasi,Tulsi,whole_plant,train
C:\Users\hardi\Downloads\medicinal plants detection\dataset\Indian Medicinal Leaves Image Datasets\Datasets_Plant\Tulasi\3589.jpg,Tulasi,Tulsi,whole_plant,train
C:\Users\hardi\Downloads\medicinal plants detection\dataset\Indian Medicinal Leaves Image Datasets\Datasets_Plant\Tulasi\3562.jpg,Tulasi,Tulsi,whole_plant,train
C:\Users\hardi\Downloads\medicinal plants detection\dataset\Indian Medicinal Leaves Image Datasets\Datasets_Plant\Tulasi\3595.jpg,Tulasi,Tulsi,whole_plant,train
C:\Users\hardi\Downloads\medicinal plants detection\dataset\Indian Medicinal Leaves Image Datasets\Datasets_Plant\Tulasi\3596.jpg,Tulasi,Tulsi,whole_plant,train
C:\Users\hardi\Downloads\medicinal plants detection\dataset\Indian Medicinal Leaves Image Datasets\Datasets_Plant\Tulasi\3553.jpg,Tulasi,Tulsi,whole_plant,train
C:\Users\hardi\Downloads\medicinal plants detection\dataset\Indian Medicinal Leaves Image Datasets\Datasets_Plant\Tulasi\791.jpg,Tulasi,Tulsi,whole_plant,train
C:\Users\hardi\Downloads\medicinal plants detection\dataset\Indian Medicinal Leaves Image Datasets\Datasets_Plant\Tulasi\271.jpg,Tulasi,Tulsi,whole_plant,train
C:\Users\hardi\Downloads\medicinal plants detection\dataset\Indian Medicinal Leaves Image Datasets\Datasets_Plant\Tulasi\3644.jpg,Tulasi,Tulsi,whole_plant,train
C:\Users\hardi\Downloads\medicinal plants detection\dataset\Indian Medicinal Leaves Image Datasets\Datasets_Plant\Tulasi\3531.jpg,Tulasi,Tulsi,whole_plant,train
C:\Users\hardi\Downloads\medicinal plants detection\dataset\Indian Medicinal Leaves Image Datasets\Datasets_Plant\Tulasi\3584.jpg,Tulasi,Tulsi,whole_plant,train
C:\Users\hardi\Downloads\medicinal plants detection\dataset\Indian Medicinal Leaves Image Datasets\Datasets_Plant\Tulasi\3574.jpg,Tulasi,Tulsi,whole_plant,train
C:\Users\hardi\Downloads\medicinal plants detection\dataset\Indian Medicinal Leaves Image Datasets\Datasets_Plant\Tulasi\3609.jpg,Tulasi,Tulsi,whole_plant,train
C:\Users\hardi\Downloads\medicinal plants detection\dataset\Indian Medicinal Leaves Image Datasets\Datasets_Plant\Tulasi\266.jpg,Tulasi,Tulsi,whole_plant,train
C:\Users\hardi\Downloads\medicinal plants detection\dataset\Indian Medicinal Leaves Image Datasets\Datasets_Plant\Tulasi\3549.jpg,Tulasi,Tulsi,whole_plant,val
C:\Users\hardi\Downloads\medicinal plants detection\dataset\Indian Medicinal Leaves Image Datasets\Datasets_Plant\Tulasi\3593.jpg,Tulasi,Tulsi,whole_plant,val
C:\Users\hardi\Downloads\medicinal plants detection\dataset\Indian Medicinal Leaves Image Datasets\Datasets_Plant\Tulasi\3560.jpg,Tulasi,Tulsi,whole_plant,val
C:\Users\hardi\Downloads\medicinal plants detection\dataset\Indian Medicinal Leaves Image Datasets\Datasets_Plant\Tulasi\3561.jpg,Tulasi,Tulsi,whole_plant,val
C:\Users\hardi\Downloads\medicinal plants detection\dataset\Indian Medicinal Leaves Image Datasets\Datasets_Plant\Tulasi\273.jpg,Tulasi,Tulsi,whole_plant,val
C:\Users\hardi\Downloads\medicinal plants detection\dataset\Indian Medicinal Leaves Image Datasets\Datasets_Plant\Tulasi\3564.jpg,Tulasi,Tulsi,whole_plant,val
C:\Users\hardi\Downloads\medicinal plants detection\dataset\Indian Medicinal Leaves Image Datasets\Datasets_Plant\Tulasi\272.jpg,Tulasi,Tulsi,whole_plant,val
C:\Users\hardi\Downloads\medicinal plants detection\dataset\Indian Medicinal Leaves Image Datasets\Datasets_Plant\Tulasi\3529.jpg,Tulasi,Tulsi,whole_plant,val
C:\Users\hardi\Downloads\medicinal plants detection\dataset\Indian Medicinal Leaves Image Datasets\Datasets_Plant\Tulasi\3631.jpg,Tulasi,Tulsi,whole_plant,val
C:\Users\hardi\Downloads\medicinal plants detection\dataset\Indian Medicinal Leaves Image Datasets\Datasets_Plant\Tulasi\3636.jpg,Tulasi,Tulsi,whole_plant,val
C:\Users\hardi\Downloads\medicinal plants detection\dataset\Indian Medicinal Leaves Image Datasets\Datasets_Plant\Tulasi\3543.jpg,Tulasi,Tulsi,whole_plant,val
C:\Users\hardi\Downloads\medicinal plants detection\dataset\Indian Medicinal Leaves Image Datasets\Datasets_Plant\Tulasi\3535.jpg,Tulasi,Tulsi,whole_plant,val
C:\Users\hardi\Downloads\medicinal plants detection\dataset\Indian Medicinal Leaves Image Datasets\Datasets_Plant\Tulasi\3640.jpg,Tulasi,Tulsi,whole_plant,val
C:\Users\hardi\Downloads\medicinal plants detection\dataset\Indian Medicinal Leaves Image Datasets\Datasets_Plant\Tulasi\3559.jpg,Tulasi,Tulsi,whole_plant,val
C:\Users\hardi\Downloads\medicinal plants detection\dataset\Indian Medicinal Leaves Image Datasets\Datasets_Plant\Tulasi\3570.jpg,Tulasi,Tulsi,whole_plant,val
C:\Users\hardi\Downloads\medicinal plants detection\dataset\Indian Medicinal Leaves Image Datasets\Datasets_Plant\Tulasi\3605.jpg,Tulasi,Tulsi,whole_plant,val
C:\Users\hardi\Downloads\medicinal plants detection\dataset\Indian Medicinal Leaves Image Datasets\Datasets_Plant\Tulasi\3536.jpg,Tulasi,Tulsi,whole_plant,val
C:\Users\hardi\Downloads\medicinal plants detection\dataset\Indian Medicinal Leaves Image Datasets\Datasets_Plant\Tulasi\3639.jpg,Tulasi,Tulsi,whole_plant,val
C:\Users\hardi\Downloads\medicinal plants detection\dataset\Indian Medicinal Leaves Image Datasets\Datasets_Plant\Tulasi\3613.jpg,Tulasi,Tulsi,whole_plant,val
C:\Users\hardi\Downloads\medicinal plants detection\dataset\Indian Medicinal Leaves Image Datasets\Datasets_Plant\Tulasi\261.jpg,Tulasi,Tulsi,whole_plant,val
C:\Users\hardi\Downloads\medicinal plants detection\dataset\Indian Medicinal Leaves Image Datasets\Datasets_Plant\Tulasi\3627.jpg,Tulasi,Tulsi,whole_plant,val
C:\Users\hardi\Downloads\medicinal plants detection\dataset\Indian Medicinal Leaves Image Datasets\Datasets_Plant\Tulasi\3619.jpg,Tulasi,Tulsi,whole_plant,test
C:\Users\hardi\Downloads\medicinal plants detection\dataset\Indian Medicinal Leaves Image Datasets\Datasets_Plant\Tulasi\788.jpg,Tulasi,Tulsi,whole_plant,test
C:\Users\hardi\Downloads\medicinal plants detection\dataset\Indian Medicinal Leaves Image Datasets\Datasets_Plant\Tulasi\3591.jpg,Tulasi,Tulsi,whole_plant,test
C:\Users\hardi\Downloads\medicinal plants detection\dataset\Indian Medicinal Leaves Image Datasets\Datasets_Plant\Tulasi\789.jpg,Tulasi,Tulsi,whole_plant,test
C:\Users\hardi\Downloads\medicinal plants detection\dataset\Indian Medicinal Leaves Image Datasets\Datasets_Plant\Tulasi\3572.jpg,Tulasi,Tulsi,whole_plant,test
C:\Users\hardi\Downloads\medicinal plants detection\dataset\Indian Medicinal Leaves Image Datasets\Datasets_Plant\Tulasi\3623.jpg,Tulasi,Tulsi,whole_plant,test
C:\Users\hardi\Downloads\medicinal plants detection\dataset\Indian Medicinal Leaves Image Datasets\Datasets_Plant\Tulasi\3566.jpg,Tulasi,Tulsi,whole_plant,test
C:\Users\hardi\Downloads\medicinal plants detection\dataset\Indian Medicinal Leaves Image Datasets\Datasets_Plant\Tulasi\792.jpg,Tulasi,Tulsi,whole_plant,test
C:\Users\hardi\Downloads\medicinal plants detection\dataset\Indian Medicinal Leaves Image Datasets\Datasets_Plant\Tulasi\3645.jpg,Tulasi,Tulsi,whole_plant,test
C:\Users\hardi\Downloads\medicinal plants detection\dataset\Indian Medicinal Leaves Image Datasets\Datasets_Plant\Tulasi\3575.jpg,Tulasi,Tulsi,whole_plant,test
C:\Users\hardi\Downloads\medicinal plants detection\dataset\Indian Medicinal Leaves Image Datasets\Datasets_Plant\Tulasi\3571.jpg,Tulasi,Tulsi,whole_plant,test
C:\Users\hardi\Downloads\medicinal plants detection\dataset\Indian Medicinal Leaves Image Datasets\Datasets_Plant\Tulasi\3539.jpg,Tulasi,Tulsi,whole_plant,test
C:\Users\hardi\Downloads\medicinal plants detection\dataset\Indian Medicinal Leaves Image Datasets\Datasets_Plant\Tulasi\268.jpg,Tulasi,Tulsi,whole_plant,test
C:\Users\hardi\Downloads\medicinal plants detection\dataset\Indian Medicinal Leaves Image Datasets\Datasets_Plant\Tulasi\269.jpg,Tulasi,Tulsi,whole_plant,test
C:\Users\hardi\Downloads\medicinal plants detection\dataset\Indian Medicinal Leaves Image Datasets\Datasets_Plant\Tulasi\3624.jpg,Tulasi,Tulsi,whole_plant,test
C:\Users\hardi\Downloads\medicinal plants detection\dataset\Indian Medicinal Leaves Image Datasets\Datasets_Plant\Tulasi\3538.jpg,Tulasi,Tulsi,whole_plant,test
C:\Users\hardi\Downloads\medicinal plants detection\dataset\Indian Medicinal Leaves Image Datasets\Datasets_Plant\Tulasi\3542.jpg,Tulasi,Tulsi,whole_plant,test
C:\Users\hardi\Downloads\medicinal plants detection\dataset\Indian Medicinal Leaves Image Datasets\Datasets_Plant\Tulasi\3551.jpg,Tulasi,Tulsi,whole_plant,test
C:\Users\hardi\Downloads\medicinal plants detection\dataset\Indian Medicinal Leaves Image Datasets\Datasets_Plant\Tulasi\3573.jpg,Tulasi,Tulsi,whole_plant,test
C:\Users\hardi\Downloads\medicinal plants detection\dataset\Indian Medicinal Leaves Image Datasets\Datasets_Plant\Tulasi\3578.jpg,Tulasi,Tulsi,whole_plant,test
C:\Users\hardi\Downloads\medicinal plants detection\dataset\Indian Medicinal Leaves Image Datasets\Datasets_Plant\Tulasi\3586.jpg,Tulasi,Tulsi,whole_plant,test
C:\Users\hardi\Downloads\medicinal plants detection\dataset\Indian Medicinal Leaves Image Datasets\Datasets_Plant\Tulasi\267.jpg,Tulasi,Tulsi,whole_plant,test
C:\Users\hardi\Downloads\medicinal plants detection\dataset\Indian Medicinal Leaves Image Datasets\Datasets_Plant\Tulasi\3544.jpg,Tulasi,Tulsi,whole_plant,test
C:\Users\hardi\Downloads\medicinal plants detection\dataset\Indian Medicinal Leaves Image Datasets\Datasets_Plant\Wood_sorel\929.jpg,Wood_sorel,Wood_sorel,whole_plant,train
C:\Users\hardi\Downloads\medicinal plants detection\dataset\Indian Medicinal Leaves Image Datasets\Datasets_Plant\Wood_sorel\4871.jpg,Wood_sorel,Wood_sorel,whole_plant,train
C:\Users\hardi\Downloads\medicinal plants detection\dataset\Indian Medicinal Leaves Image Datasets\Datasets_Plant\Wood_sorel\4935.jpg,Wood_sorel,Wood_sorel,whole_plant,train
C:\Users\hardi\Downloads\medicinal plants detection\dataset\Indian Medicinal Leaves Image Datasets\Datasets_Plant\Wood_sorel\4904.jpg,Wood_sorel,Wood_sorel,whole_plant,train
C:\Users\hardi\Downloads\medicinal plants detection\dataset\Indian Medicinal Leaves Image Datasets\Datasets_Plant\Wood_sorel\4927.jpg,Wood_sorel,Wood_sorel,whole_plant,train
C:\Users\hardi\Downloads\medicinal plants detection\dataset\Indian Medicinal Leaves Image Datasets\Datasets_Plant\Wood_sorel\4966.jpg,Wood_sorel,Wood_sorel,whole_plant,train
C:\Users\hardi\Downloads\medicinal plants detection\dataset\Indian Medicinal Leaves Image Datasets\Datasets_Plant\Wood_sorel\4983.jpg,Wood_sorel,Wood_sorel,whole_plant,train
C:\Users\hardi\Downloads\medicinal plants detection\dataset\Indian Medicinal Leaves Image Datasets\Datasets_Plant\Wood_sorel\4883.jpg,Wood_sorel,Wood_sorel,whole_plant,train
C:\Users\hardi\Downloads\medicinal plants detection\dataset\Indian Medicinal Leaves Image Datasets\Datasets_Plant\Wood_sorel\925.jpg,Wood_sorel,Wood_sorel,whole_plant,train
C:\Users\hardi\Downloads\medicinal plants detection\dataset\Indian Medicinal Leaves Image Datasets\Datasets_Plant\Wood_sorel\4974.jpg,Wood_sorel,Wood_sorel,whole_plant,train
C:\Users\hardi\Downloads\medicinal plants detection\dataset\Indian Medicinal Leaves Image Datasets\Datasets_Plant\Wood_sorel\4925.jpg,Wood_sorel,Wood_sorel,whole_plant,train
C:\Users\hardi\Downloads\medicinal plants detection\dataset\Indian Medicinal Leaves Image Datasets\Datasets_Plant\Wood_sorel\4922.jpg,Wood_sorel,Wood_sorel,whole_plant,train
C:\Users\hardi\Downloads\medicinal plants detection\dataset\Indian Medicinal Leaves Image Datasets\Datasets_Plant\Wood_sorel\933.jpg,Wood_sorel,Wood_sorel,whole_plant,train
C:\Users\hardi\Downloads\medicinal plants detection\dataset\Indian Medicinal Leaves Image Datasets\Datasets_Plant\Wood_sorel\4891.jpg,Wood_sorel,Wood_sorel,whole_plant,train
C:\Users\hardi\Downloads\medicinal plants detection\dataset\Indian Medicinal Leaves Image Datasets\Datasets_Plant\Wood_sorel\4936.jpg,Wood_sorel,Wood_sorel,whole_plant,train
C:\Users\hardi\Downloads\medicinal plants detection\dataset\Indian Medicinal Leaves Image Datasets\Datasets_Plant\Wood_sorel\4885.jpg,Wood_sorel,Wood_sorel,whole_plant,train
C:\Users\hardi\Downloads\medicinal plants detection\dataset\Indian Medicinal Leaves Image Datasets\Datasets_Plant\Wood_sorel\4945.jpg,Wood_sorel,Wood_sorel,whole_plant,train
C:\Users\hardi\Downloads\medicinal plants detection\dataset\Indian Medicinal Leaves Image Datasets\Datasets_Plant\Wood_sorel\4914.jpg,Wood_sorel,Wood_sorel,whole_plant,train
C:\Users\hardi\Downloads\medicinal plants detection\dataset\Indian Medicinal Leaves Image Datasets\Datasets_Plant\Wood_sorel\4895.jpg,Wood_sorel,Wood_sorel,whole_plant,train
C:\Users\hardi\Downloads\medicinal plants detection\dataset\Indian Medicinal Leaves Image Datasets\Datasets_Plant\Wood_sorel\4939.jpg,Wood_sorel,Wood_sorel,whole_plant,train
C:\Users\hardi\Downloads\medicinal plants detection\dataset\Indian Medicinal Leaves Image Datasets\Datasets_Plant\Wood_sorel\4979.jpg,Wood_sorel,Wood_sorel,whole_plant,train
C:\Users\hardi\Downloads\medicinal plants detection\dataset\Indian Medicinal Leaves Image Datasets\Datasets_Plant\Wood_sorel\936.jpg,Wood_sorel,Wood_sorel,whole_plant,train
C:\Users\hardi\Downloads\medicinal plants detection\dataset\Indian Medicinal Leaves Image Datasets\Datasets_Plant\Wood_sorel\4905.jpg,Wood_sorel,Wood_sorel,whole_plant,train
C:\Users\hardi\Downloads\medicinal plants detection\dataset\Indian Medicinal Leaves Image Datasets\Datasets_Plant\Wood_sorel\405.jpg,Wood_sorel,Wood_sorel,whole_plant,train
C:\Users\hardi\Downloads\medicinal plants detection\dataset\Indian Medicinal Leaves Image Datasets\Datasets_Plant\Wood_sorel\4941.jpg,Wood_sorel,Wood_sorel,whole_plant,train
C:\Users\hardi\Downloads\medicinal plants detection\dataset\Indian Medicinal Leaves Image Datasets\Datasets_Plant\Wood_sorel\4984.jpg,Wood_sorel,Wood_sorel,whole_plant,train
C:\Users\hardi\Downloads\medicinal plants detection\dataset\Indian Medicinal Leaves Image Datasets\Datasets_Plant\Wood_sorel\4916.jpg,Wood_sorel,Wood_sorel,whole_plant,train
C:\Users\hardi\Downloads\medicinal plants detection\dataset\Indian Medicinal Leaves Image Datasets\Datasets_Plant\Wood_sorel\4955.jpg,Wood_sorel,Wood_sorel,whole_plant,train
C:\Users\hardi\Downloads\medicinal plants detection\dataset\Indian Medicinal Leaves Image Datasets\Datasets_Plant\Wood_sorel\4929.jpg,Wood_sorel,Wood_sorel,whole_plant,train
C:\Users\hardi\Downloads\medicinal plants detection\dataset\Indian Medicinal Leaves Image Datasets\Datasets_Plant\Wood_sorel\926.jpg,Wood_sorel,Wood_sorel,whole_plant,train
C:\Users\hardi\Downloads\medicinal plants detection\dataset\Indian Medicinal Leaves Image Datasets\Datasets_Plant\Wood_sorel\928.jpg,Wood_sorel,Wood_sorel,whole_plant,train
C:\Users\hardi\Downloads\medicinal plants detection\dataset\Indian Medicinal Leaves Image Datasets\Datasets_Plant\Wood_sorel\4892.jpg,Wood_sorel,Wood_sorel,whole_plant,train
C:\Users\hardi\Downloads\medicinal plants detection\dataset\Indian Medicinal Leaves Image Datasets\Datasets_Plant\Wood_sorel\4965.jpg,Wood_sorel,Wood_sorel,whole_plant,train
C:\Users\hardi\Downloads\medicinal plants detection\dataset\Indian Medicinal Leaves Image Datasets\Datasets_Plant\Wood_sorel\4913.jpg,Wood_sorel,Wood_sorel,whole_plant,train
C:\Users\hardi\Downloads\medicinal plants detection\dataset\Indian Medicinal Leaves Image Datasets\Datasets_Plant\Wood_sorel\4975.jpg,Wood_sorel,Wood_sorel,whole_plant,train
C:\Users\hardi\Downloads\medicinal plants detection\dataset\Indian Medicinal Leaves Image Datasets\Datasets_Plant\Wood_sorel\4940.jpg,Wood_sorel,Wood_sorel,whole_plant,train
C:\Users\hardi\Downloads\medicinal plants detection\dataset\Indian Medicinal Leaves Image Datasets\Datasets_Plant\Wood_sorel\4869.jpg,Wood_sorel,Wood_sorel,whole_plant,train
C:\Users\hardi\Downloads\medicinal plants detection\dataset\Indian Medicinal Leaves Image Datasets\Datasets_Plant\Wood_sorel\4947.jpg,Wood_sorel,Wood_sorel,whole_plant,train
C:\Users\hardi\Downloads\medicinal plants detection\dataset\Indian Medicinal Leaves Image Datasets\Datasets_Plant\Wood_sorel\4934.jpg,Wood_sorel,Wood_sorel,whole_plant,train
C:\Users\hardi\Downloads\medicinal plants detection\dataset\Indian Medicinal Leaves Image Datasets\Datasets_Plant\Wood_sorel\4917.jpg,Wood_sorel,Wood_sorel,whole_plant,train
C:\Users\hardi\Downloads\medicinal plants detection\dataset\Indian Medicinal Leaves Image Datasets\Datasets_Plant\Wood_sorel\4920.jpg,Wood_sorel,Wood_sorel,whole_plant,train
C:\Users\hardi\Downloads\medicinal plants detection\dataset\Indian Medicinal Leaves Image Datasets\Datasets_Plant\Wood_sorel\4894.jpg,Wood_sorel,Wood_sorel,whole_plant,train
C:\Users\hardi\Downloads\medicinal plants detection\dataset\Indian Medicinal Leaves Image Datasets\Datasets_Plant\Wood_sorel\4970.jpg,Wood_sorel,Wood_sorel,whole_plant,train
C:\Users\hardi\Downloads\medicinal plants detection\dataset\Indian Medicinal Leaves Image Datasets\Datasets_Plant\Wood_sorel\924.jpg,Wood_sorel,Wood_sorel,whole_plant,train
C:\Users\hardi\Downloads\medicinal plants detection\dataset\Indian Medicinal Leaves Image Datasets\Datasets_Plant\Wood_sorel\4889.jpg,Wood_sorel,Wood_sorel,whole_plant,train
C:\Users\hardi\Downloads\medicinal plants detection\dataset\Indian Medicinal Leaves Image Datasets\Datasets_Plant\Wood_sorel\4962.jpg,Wood_sorel,Wood_sorel,whole_plant,train
C:\Users\hardi\Downloads\medicinal plants detection\dataset\Indian Medicinal Leaves Image Datasets\Datasets_Plant\Wood_sorel\408.jpg,Wood_sorel,Wood_sorel,whole_plant,train
C:\Users\hardi\Downloads\medicinal plants detection\dataset\Indian Medicinal Leaves Image Datasets\Datasets_Plant\Wood_sorel\4870.jpg,Wood_sorel,Wood_sorel,whole_plant,train
C:\Users\hardi\Downloads\medicinal plants detection\dataset\Indian Medicinal Leaves Image Datasets\Datasets_Plant\Wood_sorel\4878.jpg,Wood_sorel,Wood_sorel,whole_plant,train
C:\Users\hardi\Downloads\medicinal plants detection\dataset\Indian Medicinal Leaves Image Datasets\Datasets_Plant\Wood_sorel\4980.jpg,Wood_sorel,Wood_sorel,whole_plant,train
C:\Users\hardi\Downloads\medicinal plants detection\dataset\Indian Medicinal Leaves Image Datasets\Datasets_Plant\Wood_sorel\406.jpg,Wood_sorel,Wood_sorel,whole_plant,train
C:\Users\hardi\Downloads\medicinal plants detection\dataset\Indian Medicinal Leaves Image Datasets\Datasets_Plant\Wood_sorel\4972.jpg,Wood_sorel,Wood_sorel,whole_plant,train
C:\Users\hardi\Downloads\medicinal plants detection\dataset\Indian Medicinal Leaves Image Datasets\Datasets_Plant\Wood_sorel\407.jpg,Wood_sorel,Wood_sorel,whole_plant,train
C:\Users\hardi\Downloads\medicinal plants detection\dataset\Indian Medicinal Leaves Image Datasets\Datasets_Plant\Wood_sorel\4969.jpg,Wood_sorel,Wood_sorel,whole_plant,train
C:\Users\hardi\Downloads\medicinal plants detection\dataset\Indian Medicinal Leaves Image Datasets\Datasets_Plant\Wood_sorel\4902.jpg,Wood_sorel,Wood_sorel,whole_plant,train
C:\Users\hardi\Downloads\medicinal plants detection\dataset\Indian Medicinal Leaves Image Datasets\Datasets_Plant\Wood_sorel\4906.jpg,Wood_sorel,Wood_sorel,whole_plant,train
C:\Users\hardi\Downloads\medicinal plants detection\dataset\Indian Medicinal Leaves Image Datasets\Datasets_Plant\Wood_sorel\4919.jpg,Wood_sorel,Wood_sorel,whole_plant,train
C:\Users\hardi\Downloads\medicinal plants detection\dataset\Indian Medicinal Leaves Image Datasets\Datasets_Plant\Wood_sorel\4963.jpg,Wood_sorel,Wood_sorel,whole_plant,train
C:\Users\hardi\Downloads\medicinal plants detection\dataset\Indian Medicinal Leaves Image Datasets\Datasets_Plant\Wood_sorel\4867.jpg,Wood_sorel,Wood_sorel,whole_plant,train
C:\Users\hardi\Downloads\medicinal plants detection\dataset\Indian Medicinal Leaves Image Datasets\Datasets_Plant\Wood_sorel\4931.jpg,Wood_sorel,Wood_sorel,whole_plant,train
C:\Users\hardi\Downloads\medicinal plants detection\dataset\Indian Medicinal Leaves Image Datasets\Datasets_Plant\Wood_sorel\4957.jpg,Wood_sorel,Wood_sorel,whole_plant,train
C:\Users\hardi\Downloads\medicinal plants detection\dataset\Indian Medicinal Leaves Image Datasets\Datasets_Plant\Wood_sorel\4893.jpg,Wood_sorel,Wood_sorel,whole_plant,train
C:\Users\hardi\Downloads\medicinal plants detection\dataset\Indian Medicinal Leaves Image Datasets\Datasets_Plant\Wood_sorel\4918.jpg,Wood_sorel,Wood_sorel,whole_plant,train
C:\Users\hardi\Downloads\medicinal plants detection\dataset\Indian Medicinal Leaves Image Datasets\Datasets_Plant\Wood_sorel\4924.jpg,Wood_sorel,Wood_sorel,whole_plant,train
C:\Users\hardi\Downloads\medicinal plants detection\dataset\Indian Medicinal Leaves Image Datasets\Datasets_Plant\Wood_sorel\4944.jpg,Wood_sorel,Wood_sorel,whole_plant,train
C:\Users\hardi\Downloads\medicinal plants detection\dataset\Indian Medicinal Leaves Image Datasets\Datasets_Plant\Wood_sorel\4985.jpg,Wood_sorel,Wood_sorel,whole_plant,train
C:\Users\hardi\Downloads\medicinal plants detection\dataset\Indian Medicinal Leaves Image Datasets\Datasets_Plant\Wood_sorel\4978.jpg,Wood_sorel,Wood_sorel,whole_plant,train
C:\Users\hardi\Downloads\medicinal plants detection\dataset\Indian Medicinal Leaves Image Datasets\Datasets_Plant\Wood_sorel\4884.jpg,Wood_sorel,Wood_sorel,whole_plant,train
C:\Users\hardi\Downloads\medicinal plants detection\dataset\Indian Medicinal Leaves Image Datasets\Datasets_Plant\Wood_sorel\4951.jpg,Wood_sorel,Wood_sorel,whole_plant,train
C:\Users\hardi\Downloads\medicinal plants detection\dataset\Indian Medicinal Leaves Image Datasets\Datasets_Plant\Wood_sorel\4874.jpg,Wood_sorel,Wood_sorel,whole_plant,train
C:\Users\hardi\Downloads\medicinal plants detection\dataset\Indian Medicinal Leaves Image Datasets\Datasets_Plant\Wood_sorel\413.jpg,Wood_sorel,Wood_sorel,whole_plant,train
C:\Users\hardi\Downloads\medicinal plants detection\dataset\Indian Medicinal Leaves Image Datasets\Datasets_Plant\Wood_sorel\4887.jpg,Wood_sorel,Wood_sorel,whole_plant,train
C:\Users\hardi\Downloads\medicinal plants detection\dataset\Indian Medicinal Leaves Image Datasets\Datasets_Plant\Wood_sorel\930.jpg,Wood_sorel,Wood_sorel,whole_plant,train
C:\Users\hardi\Downloads\medicinal plants detection\dataset\Indian Medicinal Leaves Image Datasets\Datasets_Plant\Wood_sorel\4958.jpg,Wood_sorel,Wood_sorel,whole_plant,train
C:\Users\hardi\Downloads\medicinal plants detection\dataset\Indian Medicinal Leaves Image Datasets\Datasets_Plant\Wood_sorel\4900.jpg,Wood_sorel,Wood_sorel,whole_plant,train
C:\Users\hardi\Downloads\medicinal plants detection\dataset\Indian Medicinal Leaves Image Datasets\Datasets_Plant\Wood_sorel\4971.jpg,Wood_sorel,Wood_sorel,whole_plant,train
C:\Users\hardi\Downloads\medicinal plants detection\dataset\Indian Medicinal Leaves Image Datasets\Datasets_Plant\Wood_sorel\4943.jpg,Wood_sorel,Wood_sorel,whole_plant,train
C:\Users\hardi\Downloads\medicinal plants detection\dataset\Indian Medicinal Leaves Image Datasets\Datasets_Plant\Wood_sorel\4952.jpg,Wood_sorel,Wood_sorel,whole_plant,train
C:\Users\hardi\Downloads\medicinal plants detection\dataset\Indian Medicinal Leaves Image Datasets\Datasets_Plant\Wood_sorel\4967.jpg,Wood_sorel,Wood_sorel,whole_plant,train
C:\Users\hardi\Downloads\medicinal plants detection\dataset\Indian Medicinal Leaves Image Datasets\Datasets_Plant\Wood_sorel\4949.jpg,Wood_sorel,Wood_sorel,whole_plant,train
C:\Users\hardi\Downloads\medicinal plants detection\dataset\Indian Medicinal Leaves Image Datasets\Datasets_Plant\Wood_sorel\4959.jpg,Wood_sorel,Wood_sorel,whole_plant,train
C:\Users\hardi\Downloads\medicinal plants detection\dataset\Indian Medicinal Leaves Image Datasets\Datasets_Plant\Wood_sorel\4938.jpg,Wood_sorel,Wood_sorel,whole_plant,train
C:\Users\hardi\Downloads\medicinal plants detection\dataset\Indian Medicinal Leaves Image Datasets\Datasets_Plant\Wood_sorel\4948.jpg,Wood_sorel,Wood_sorel,whole_plant,train
C:\Users\hardi\Downloads\medicinal plants detection\dataset\Indian Medicinal Leaves Image Datasets\Datasets_Plant\Wood_sorel\4953.jpg,Wood_sorel,Wood_sorel,whole_plant,train
C:\Users\hardi\Downloads\medicinal plants detection\dataset\Indian Medicinal Leaves Image Datasets\Datasets_Plant\Wood_sorel\4882.jpg,Wood_sorel,Wood_sorel,whole_plant,train
C:\Users\hardi\Downloads\medicinal plants detection\dataset\Indian Medicinal Leaves Image Datasets\Datasets_Plant\Wood_sorel\4937.jpg,Wood_sorel,Wood_sorel,whole_plant,train
C:\Users\hardi\Downloads\medicinal plants detection\dataset\Indian Medicinal Leaves Image Datasets\Datasets_Plant\Wood_sorel\4954.jpg,Wood_sorel,Wood_sorel,whole_plant,train
C:\Users\hardi\Downloads\medicinal plants detection\dataset\Indian Medicinal Leaves Image Datasets\Datasets_Plant\Wood_sorel\927.jpg,Wood_sorel,Wood_sorel,whole_plant,train
C:\Users\hardi\Downloads\medicinal plants detection\dataset\Indian Medicinal Leaves Image Datasets\Datasets_Plant\Wood_sorel\4877.jpg,Wood_sorel,Wood_sorel,whole_plant,train
C:\Users\hardi\Downloads\medicinal plants detection\dataset\Indian Medicinal Leaves Image Datasets\Datasets_Plant\Wood_sorel\4926.jpg,Wood_sorel,Wood_sorel,whole_plant,train
C:\Users\hardi\Downloads\medicinal plants detection\dataset\Indian Medicinal Leaves Image Datasets\Datasets_Plant\Wood_sorel\4899.jpg,Wood_sorel,Wood_sorel,whole_plant,train
C:\Users\hardi\Downloads\medicinal plants detection\dataset\Indian Medicinal Leaves Image Datasets\Datasets_Plant\Wood_sorel\4932.jpg,Wood_sorel,Wood_sorel,whole_plant,train
C:\Users\hardi\Downloads\medicinal plants detection\dataset\Indian Medicinal Leaves Image Datasets\Datasets_Plant\Wood_sorel\4933.jpg,Wood_sorel,Wood_sorel,whole_plant,train
C:\Users\hardi\Downloads\medicinal plants detection\dataset\Indian Medicinal Leaves Image Datasets\Datasets_Plant\Wood_sorel\4890.jpg,Wood_sorel,Wood_sorel,whole_plant,train
C:\Users\hardi\Downloads\medicinal plants detection\dataset\Indian Medicinal Leaves Image Datasets\Datasets_Plant\Wood_sorel\934.jpg,Wood_sorel,Wood_sorel,whole_plant,train
C:\Users\hardi\Downloads\medicinal plants detection\dataset\Indian Medicinal Leaves Image Datasets\Datasets_Plant\Wood_sorel\414.jpg,Wood_sorel,Wood_sorel,whole_plant,train
C:\Users\hardi\Downloads\medicinal plants detection\dataset\Indian Medicinal Leaves Image Datasets\Datasets_Plant\Wood_sorel\4981.jpg,Wood_sorel,Wood_sorel,whole_plant,train
C:\Users\hardi\Downloads\medicinal plants detection\dataset\Indian Medicinal Leaves Image Datasets\Datasets_Plant\Wood_sorel\4868.jpg,Wood_sorel,Wood_sorel,whole_plant,train
C:\Users\hardi\Downloads\medicinal plants detection\dataset\Indian Medicinal Leaves Image Datasets\Datasets_Plant\Wood_sorel\4921.jpg,Wood_sorel,Wood_sorel,whole_plant,train
C:\Users\hardi\Downloads\medicinal plants detection\dataset\Indian Medicinal Leaves Image Datasets\Datasets_Plant\Wood_sorel\4911.jpg,Wood_sorel,Wood_sorel,whole_plant,train
C:\Users\hardi\Downloads\medicinal plants detection\dataset\Indian Medicinal Leaves Image Datasets\Datasets_Plant\Wood_sorel\4946.jpg,Wood_sorel,Wood_sorel,whole_plant,train
C:\Users\hardi\Downloads\medicinal plants detection\dataset\Indian Medicinal Leaves Image Datasets\Datasets_Plant\Wood_sorel\409.jpg,Wood_sorel,Wood_sorel,whole_plant,train
C:\Users\hardi\Downloads\medicinal plants detection\dataset\Indian Medicinal Leaves Image Datasets\Datasets_Plant\Wood_sorel\4886.jpg,Wood_sorel,Wood_sorel,whole_plant,val
C:\Users\hardi\Downloads\medicinal plants detection\dataset\Indian Medicinal Leaves Image Datasets\Datasets_Plant\Wood_sorel\4930.jpg,Wood_sorel,Wood_sorel,whole_plant,val
C:\Users\hardi\Downloads\medicinal plants detection\dataset\Indian Medicinal Leaves Image Datasets\Datasets_Plant\Wood_sorel\4897.jpg,Wood_sorel,Wood_sorel,whole_plant,val
C:\Users\hardi\Downloads\medicinal plants detection\dataset\Indian Medicinal Leaves Image Datasets\Datasets_Plant\Wood_sorel\4898.jpg,Wood_sorel,Wood_sorel,whole_plant,val
C:\Users\hardi\Downloads\medicinal plants detection\dataset\Indian Medicinal Leaves Image Datasets\Datasets_Plant\Wood_sorel\416.jpg,Wood_sorel,Wood_sorel,whole_plant,val
C:\Users\hardi\Downloads\medicinal plants detection\dataset\Indian Medicinal Leaves Image Datasets\Datasets_Plant\Wood_sorel\4901.jpg,Wood_sorel,Wood_sorel,whole_plant,val
C:\Users\hardi\Downloads\medicinal plants detection\dataset\Indian Medicinal Leaves Image Datasets\Datasets_Plant\Wood_sorel\415.jpg,Wood_sorel,Wood_sorel,whole_plant,val
C:\Users\hardi\Downloads\medicinal plants detection\dataset\Indian Medicinal Leaves Image Datasets\Datasets_Plant\Wood_sorel\4866.jpg,Wood_sorel,Wood_sorel,whole_plant,val
C:\Users\hardi\Downloads\medicinal plants detection\dataset\Indian Medicinal Leaves Image Datasets\Datasets_Plant\Wood_sorel\4968.jpg,Wood_sorel,Wood_sorel,whole_plant,val
C:\Users\hardi\Downloads\medicinal plants detection\dataset\Indian Medicinal Leaves Image Datasets\Datasets_Plant\Wood_sorel\4973.jpg,Wood_sorel,Wood_sorel,whole_plant,val
C:\Users\hardi\Downloads\medicinal plants detection\dataset\Indian Medicinal Leaves Image Datasets\Datasets_Plant\Wood_sorel\4880.jpg,Wood_sorel,Wood_sorel,whole_plant,val
C:\Users\hardi\Downloads\medicinal plants detection\dataset\Indian Medicinal Leaves Image Datasets\Datasets_Plant\Wood_sorel\4872.jpg,Wood_sorel,Wood_sorel,whole_plant,val
C:\Users\hardi\Downloads\medicinal plants detection\dataset\Indian Medicinal Leaves Image Datasets\Datasets_Plant\Wood_sorel\4977.jpg,Wood_sorel,Wood_sorel,whole_plant,val
C:\Users\hardi\Downloads\medicinal plants detection\dataset\Indian Medicinal Leaves Image Datasets\Datasets_Plant\Wood_sorel\4896.jpg,Wood_sorel,Wood_sorel,whole_plant,val
C:\Users\hardi\Downloads\medicinal plants detection\dataset\Indian Medicinal Leaves Image Datasets\Datasets_Plant\Wood_sorel\4907.jpg,Wood_sorel,Wood_sorel,whole_plant,val
C:\Users\hardi\Downloads\medicinal plants detection\dataset\Indian Medicinal Leaves Image Datasets\Datasets_Plant\Wood_sorel\4942.jpg,Wood_sorel,Wood_sorel,whole_plant,val
C:\Users\hardi\Downloads\medicinal plants detection\dataset\Indian Medicinal Leaves Image Datasets\Datasets_Plant\Wood_sorel\4873.jpg,Wood_sorel,Wood_sorel,whole_plant,val
C:\Users\hardi\Downloads\medicinal plants detection\dataset\Indian Medicinal Leaves Image Datasets\Datasets_Plant\Wood_sorel\4976.jpg,Wood_sorel,Wood_sorel,whole_plant,val
C:\Users\hardi\Downloads\medicinal plants detection\dataset\Indian Medicinal Leaves Image Datasets\Datasets_Plant\Wood_sorel\4950.jpg,Wood_sorel,Wood_sorel,whole_plant,val
C:\Users\hardi\Downloads\medicinal plants detection\dataset\Indian Medicinal Leaves Image Datasets\Datasets_Plant\Wood_sorel\404.jpg,Wood_sorel,Wood_sorel,whole_plant,val
C:\Users\hardi\Downloads\medicinal plants detection\dataset\Indian Medicinal Leaves Image Datasets\Datasets_Plant\Wood_sorel\4964.jpg,Wood_sorel,Wood_sorel,whole_plant,val
C:\Users\hardi\Downloads\medicinal plants detection\dataset\Indian Medicinal Leaves Image Datasets\Datasets_Plant\Wood_sorel\4956.jpg,Wood_sorel,Wood_sorel,whole_plant,test
C:\Users\hardi\Downloads\medicinal plants detection\dataset\Indian Medicinal Leaves Image Datasets\Datasets_Plant\Wood_sorel\931.jpg,Wood_sorel,Wood_sorel,whole_plant,test
C:\Users\hardi\Downloads\medicinal plants detection\dataset\Indian Medicinal Leaves Image Datasets\Datasets_Plant\Wood_sorel\4928.jpg,Wood_sorel,Wood_sorel,whole_plant,test
C:\Users\hardi\Downloads\medicinal plants detection\dataset\Indian Medicinal Leaves Image Datasets\Datasets_Plant\Wood_sorel\932.jpg,Wood_sorel,Wood_sorel,whole_plant,test
C:\Users\hardi\Downloads\medicinal plants detection\dataset\Indian Medicinal Leaves Image Datasets\Datasets_Plant\Wood_sorel\4909.jpg,Wood_sorel,Wood_sorel,whole_plant,test
C:\Users\hardi\Downloads\medicinal plants detection\dataset\Indian Medicinal Leaves Image Datasets\Datasets_Plant\Wood_sorel\4960.jpg,Wood_sorel,Wood_sorel,whole_plant,test
C:\Users\hardi\Downloads\medicinal plants detection\dataset\Indian Medicinal Leaves Image Datasets\Datasets_Plant\Wood_sorel\4903.jpg,Wood_sorel,Wood_sorel,whole_plant,test
C:\Users\hardi\Downloads\medicinal plants detection\dataset\Indian Medicinal Leaves Image Datasets\Datasets_Plant\Wood_sorel\935.jpg,Wood_sorel,Wood_sorel,whole_plant,test
C:\Users\hardi\Downloads\medicinal plants detection\dataset\Indian Medicinal Leaves Image Datasets\Datasets_Plant\Wood_sorel\4982.jpg,Wood_sorel,Wood_sorel,whole_plant,test
C:\Users\hardi\Downloads\medicinal plants detection\dataset\Indian Medicinal Leaves Image Datasets\Datasets_Plant\Wood_sorel\4912.jpg,Wood_sorel,Wood_sorel,whole_plant,test
C:\Users\hardi\Downloads\medicinal plants detection\dataset\Indian Medicinal Leaves Image Datasets\Datasets_Plant\Wood_sorel\4908.jpg,Wood_sorel,Wood_sorel,whole_plant,test
C:\Users\hardi\Downloads\medicinal plants detection\dataset\Indian Medicinal Leaves Image Datasets\Datasets_Plant\Wood_sorel\4876.jpg,Wood_sorel,Wood_sorel,whole_plant,test
C:\Users\hardi\Downloads\medicinal plants detection\dataset\Indian Medicinal Leaves Image Datasets\Datasets_Plant\Wood_sorel\411.jpg,Wood_sorel,Wood_sorel,whole_plant,test
C:\Users\hardi\Downloads\medicinal plants detection\dataset\Indian Medicinal Leaves Image Datasets\Datasets_Plant\Wood_sorel\412.jpg,Wood_sorel,Wood_sorel,whole_plant,test
C:\Users\hardi\Downloads\medicinal plants detection\dataset\Indian Medicinal Leaves Image Datasets\Datasets_Plant\Wood_sorel\4961.jpg,Wood_sorel,Wood_sorel,whole_plant,test
C:\Users\hardi\Downloads\medicinal plants detection\dataset\Indian Medicinal Leaves Image Datasets\Datasets_Plant\Wood_sorel\4875.jpg,Wood_sorel,Wood_sorel,whole_plant,test
C:\Users\hardi\Downloads\medicinal plants detection\dataset\Indian Medicinal Leaves Image Datasets\Datasets_Plant\Wood_sorel\4879.jpg,Wood_sorel,Wood_sorel,whole_plant,test
C:\Users\hardi\Downloads\medicinal plants detection\dataset\Indian Medicinal Leaves Image Datasets\Datasets_Plant\Wood_sorel\4888.jpg,Wood_sorel,Wood_sorel,whole_plant,test
C:\Users\hardi\Downloads\medicinal plants detection\dataset\Indian Medicinal Leaves Image Datasets\Datasets_Plant\Wood_sorel\4910.jpg,Wood_sorel,Wood_sorel,whole_plant,test
C:\Users\hardi\Downloads\medicinal plants detection\dataset\Indian Medicinal Leaves Image Datasets\Datasets_Plant\Wood_sorel\4915.jpg,Wood_sorel,Wood_sorel,whole_plant,test
C:\Users\hardi\Downloads\medicinal plants detection\dataset\Indian Medicinal Leaves Image Datasets\Datasets_Plant\Wood_sorel\4923.jpg,Wood_sorel,Wood_sorel,whole_plant,test
C:\Users\hardi\Downloads\medicinal plants detection\dataset\Indian Medicinal Leaves Image Datasets\Datasets_Plant\Wood_sorel\410.jpg,Wood_sorel,Wood_sorel,whole_plant,test
C:\Users\hardi\Downloads\medicinal plants detection\dataset\Indian Medicinal Leaves Image Datasets\Datasets_Plant\Wood_sorel\4881.jpg,Wood_sorel,Wood_sorel,whole_plant,test
